CampaignID,CampaignDate,Platform,Region,Device,CustomerSegment,ProductCategory,CampaignType,Season,Budget,Spend,Impressions,Clicks,CTR,CPC,CPM,Leads,Conversions,ConversionRate,Revenue,Profit,ROI,Likes,Shares,Comments,EngagementRate,BounceRate,SessionDuration,CustomerRating,CompetitorScore,CampaignStatus,CampaignDurationDays,RepeatCustomers,NewCustomers,Orders,AverageOrderValue,DiscountPercent,RefundRate,MarketingObjective,CampaignSuccess
18499,2023-10-08,YouTube,Middle East,Desktop,Premium,Beauty,Sales,Autumn,6025.8,4537.33,2875588,251629,0.0875,0.02,1.58,86963,38367,0.1525,17308450.15,17303912.82,381367.74,52228,12267,6688,0.0248,59.8,283.19,2.8,38,Running,57,36831,480,37311,370.49,1.34,7.13,Brand Awareness,Excellent
48468,2023-08-14,YouTube,Middle East,Mobile,Returning,Fashion,Awareness,Spring,7261.13,5684.67,2691525,261955,0.0973,0.02,2.11,69741,40844,0.1559,21074897.72,21069213.05,370632.12,29442,6826,3211,0.0147,37.69,49.88,3.8,82,Running,12,7135,30502,37637,477.02,8.75,7.56,Lead Generation,Excellent
17723,2025-12-26,Instagram,South America,Smart TV,New,Real Estate,Product Launch,Holiday,5824.52,4466.68,2284099,197391,0.0864,0.02,1.96,63319,33733,0.1709,16358121.58,16353654.9,366125.51,34572,10767,2335,0.0209,71.38,226.13,3.4,10,Completed,33,3596,29783,33379,408.9,28.33,4.24,Lead Generation,Excellent
64383,2025-10-10,TikTok,North America,Smart TV,New,Automobile,App Promotion,Autumn,6539.97,4941.82,2482762,245969,0.0991,0.02,1.99,93970,48574,0.1975,15899947.8,15895005.98,321642.75,16368,5798,1761,0.0096,45.27,481.92,3.7,50,Completed,88,3977,44376,48353,275.36,28.85,1.61,Lead Generation,Excellent
49197,2024-12-30,LinkedIn,Europe,Mobile,Enterprise,Electronics,Sales,Autumn,5477.88,4592.45,2555544,237225,0.0928,0.02,1.8,76734,36051,0.152,14721930.51,14717338.06,320468.12,35521,3723,2709,0.0164,60.48,313.45,3.1,94,Running,14,10613,23551,34164,333.29,5.71,0.21,Sales Growth,Excellent
62167,2024-01-03,Instagram,Africa,Tablet,Premium,Food,Lead Generation,Spring,5731.9,4893.19,2669484,210655,0.0789,0.02,1.83,66592,28648,0.136,15330077.84,15325184.65,313194.15,41850,5857,4772,0.0197,23.66,254.31,3.9,43,Completed,41,25092,2235,27327,499.62,25.81,7.2,Lead Generation,Excellent
2964,2024-07-19,Google Ads,Africa,Mobile,Senior,Healthcare,Sales,Festival,5604.25,4363.4,2504414,233892,0.0934,0.02,1.74,53188,27027,0.1156,13585463.2,13581099.8,311250.4,17002,5343,1658,0.0096,74.21,265.35,2.7,20,Completed,24,9809,15508,25317,496.95,13.62,7.69,Brand Awareness,Excellent
21526,2024-04-21,Instagram,Europe,Desktop,Enterprise,Education,App Promotion,Festival,7064.2,5383.53,2868677,285746,0.0996,0.02,1.88,92513,36813,0.1288,15294762.79,15289379.26,284002.86,55571,6010,3998,0.0229,47.59,373.02,2.9,75,Completed,52,29923,4291,34214,366.73,19.12,9.98,Brand Awareness,Excellent
7888,2024-01-08,Instagram,Asia Pacific,Mobile,New,Beauty,Seasonal Promotion,Holiday,9221.78,8487.02,2432764,232525,0.0956,0.04,3.49,90429,50160,0.2157,23485916.14,23477429.12,276627.47,39121,12095,3814,0.0226,74.97,404.34,3.0,87,Completed,71,15699,33302,49001,388.55,3.08,2.69,Sales Growth,Excellent
21501,2023-07-26,TikTok,South America,Smart TV,Student,Healthcare,Awareness,Autumn,9125.34,7046.05,2928843,209791,0.0716,0.03,2.41,72190,39116,0.1865,18903190.21,18896144.16,268180.67,43665,6234,5554,0.0189,43.31,445.18,3.2,37,Running,59,1997,33508,35505,446.78,15.32,3.59,Sales Growth,Excellent
52929,2024-09-14,LinkedIn,North America,Mobile,Enterprise,Healthcare,Seasonal Promotion,Winter,6476.2,5432.69,2601436,110417,0.0424,0.05,2.09,43981,23737,0.215,13602745.51,13597312.82,250286.93,8837,2761,1703,0.0051,31.53,297.18,3.2,42,Completed,28,12173,10489,22662,489.45,11.59,4.28,Brand Awareness,Excellent
13555,2024-04-18,Twitter (X),South America,Desktop,Premium,Healthcare,App Promotion,Summer,7420.83,7058.98,2571076,188259,0.0732,0.04,2.75,70844,37091,0.197,17098909.93,17091850.95,242129.19,33730,9606,4972,0.0188,42.24,231.06,3.2,28,Completed,17,4462,32405,36867,423.51,15.62,7.54,Brand Awareness,Excellent
113112,2023-10-21,Google Ads,Europe,Mobile,Student,Automobile,App Promotion,Spring,17099.9,13602.18,2892093,280234,0.0969,0.05,4.7,108586,56609,0.202,31754368.28,31740766.1,233350.58,25381,5300,1586,0.0112,78.23,501.25,3.0,43,Completed,84,15529,36232,51761,493.6,15.85,9.51,Brand Awareness,Excellent
65605,2023-11-23,Google Ads,Europe,Mobile,Senior,Beauty,Sales,Winter,6611.33,6576.05,2139272,212507,0.0993,0.03,3.07,63825,27585,0.1298,15278900.55,15272324.5,232241.61,11348,2884,2076,0.0076,43.84,451.97,2.7,22,Completed,78,15156,11669,26825,442.11,0.1,0.77,Sales Growth,Excellent
40082,2024-11-09,Google Ads,Africa,Desktop,Student,Food,Sales,Spring,6017.89,4810.3,1917292,177238,0.0924,0.03,2.51,46565,27521,0.1553,11033432.84,11028622.54,229270.99,9364,1232,1464,0.0063,38.87,39.25,4.8,7,Running,72,7905,18530,26435,354.32,15.0,2.61,Lead Generation,Excellent
32374,2025-12-16,Google Ads,Africa,Desktop,Student,Healthcare,Sales,Summer,7723.37,6458.79,2956859,262489,0.0888,0.02,2.18,92751,30047,0.1145,14804397.58,14797938.79,229113.17,8159,2414,1070,0.0039,28.1,248.91,4.6,3,Completed,82,15518,13441,28959,451.44,1.9,6.37,Lead Generation,Excellent
128156,2023-09-22,Twitter (X),Middle East,Tablet,Senior,Real Estate,Seasonal Promotion,Holiday,9668.56,8011.78,2587376,225386,0.0871,0.04,3.1,84153,42905,0.1904,18131239.18,18123227.4,226207.25,43291,7022,7226,0.0222,29.3,239.67,2.7,36,Running,53,6652,32830,39482,402.67,0.56,4.24,Sales Growth,Excellent
40370,2025-06-19,LinkedIn,South America,Smart TV,Returning,Education,Retention,Festival,6115.02,5445.79,2455278,242351,0.0987,0.02,2.22,60308,24082,0.0994,12039245.54,12033799.75,220974.36,16433,5150,1434,0.0094,61.26,456.54,3.2,90,Completed,10,5771,17806,23577,407.99,2.55,2.41,Lead Generation,Excellent
92738,2023-11-03,Facebook,Asia Pacific,Desktop,New,Real Estate,Seasonal Promotion,Holiday,5741.51,4914.69,2586037,195409,0.0756,0.03,1.9,70992,39792,0.2036,10841813.96,10836899.27,220500.16,10911,2006,2009,0.0058,52.7,476.64,4.5,65,Completed,64,30798,8769,39567,223.07,23.94,3.91,Retention,Excellent
104670,2023-06-16,YouTube,Asia Pacific,Desktop,Returning,Finance,App Promotion,Summer,6716.53,5291.45,2724739,214321,0.0787,0.02,1.94,71107,22963,0.1071,11570071.68,11564780.23,218555.98,28284,9371,4035,0.0153,65.63,46.59,4.5,74,Completed,18,12715,9922,22637,404.16,0.81,4.92,Lead Generation,Excellent
47678,2024-08-28,TikTok,South America,Tablet,Premium,Travel,Awareness,Festival,7311.1,6055.93,2168827,182612,0.0842,0.03,2.79,57862,30863,0.169,13182232.34,13176176.41,217574.78,41253,11832,5568,0.027,58.14,179.81,2.8,97,Completed,67,4815,25842,30657,377.69,22.23,0.65,Lead Generation,Excellent
36716,2024-02-02,Instagram,South America,Tablet,Enterprise,Finance,Retention,Summer,7205.13,5465.08,2303045,204689,0.0889,0.03,2.37,52373,25460,0.1244,11825397.97,11819932.89,216281.06,19094,5248,1919,0.0114,37.34,596.47,3.4,59,Completed,36,16298,9067,25365,383.25,16.36,3.65,Lead Generation,Excellent
35752,2025-09-26,Instagram,Middle East,Mobile,Student,Beauty,Awareness,Holiday,6924.94,6063.51,2747058,273972,0.0997,0.02,2.21,37614,22303,0.0814,13094204.84,13088141.33,215850.91,36745,6236,1898,0.0163,35.55,529.03,3.5,86,Completed,47,15830,6253,22083,464.31,25.03,7.62,Lead Generation,Excellent
44604,2024-11-16,Facebook,Middle East,Smart TV,Student,Education,Retention,Summer,8033.44,7476.47,2567815,239829,0.0934,0.03,2.91,88964,32315,0.1347,15832504.3,15825027.83,211664.43,7717,1474,1171,0.004,44.79,204.82,2.8,53,Completed,25,22260,8523,30783,494.37,6.87,8.62,Sales Growth,Excellent
113867,2023-06-02,TikTok,Europe,Desktop,Senior,Fashion,Retention,Winter,10168.77,8259.03,2374786,189313,0.0797,0.04,3.48,60157,30993,0.1637,17460781.77,17452522.74,211314.44,36193,4049,4111,0.0187,74.25,360.22,4.6,90,Completed,70,22372,7530,29902,485.09,23.04,8.99,Brand Awareness,Excellent
56806,2025-07-03,LinkedIn,South America,Desktop,Premium,Finance,Sales,Summer,8129.36,6848.84,2572370,153093,0.0595,0.04,2.66,58450,28812,0.1882,13818012.97,13811164.13,201656.98,32337,10650,5558,0.0189,25.29,518.76,2.6,97,Completed,58,16841,10112,26953,436.37,2.51,9.34,Sales Growth,Excellent
114436,2023-12-29,LinkedIn,Europe,Desktop,Premium,Automobile,Product Launch,Holiday,8029.97,6552.25,2883705,140463,0.0487,0.05,2.27,44484,25967,0.1849,13111449.97,13104897.72,200006.07,10308,2116,1862,0.005,39.67,59.05,3.9,20,Completed,40,14407,10327,24734,424.05,7.81,1.83,Brand Awareness,Excellent
11700,2023-12-18,Facebook,South America,Desktop,Returning,Food,Seasonal Promotion,Winter,6011.4,5468.18,2167797,148597,0.0685,0.04,2.52,56740,24987,0.1682,10718973.54,10713505.36,195924.52,19291,4671,2124,0.012,56.75,36.18,3.7,29,Completed,11,17136,6444,23580,422.71,20.25,2.64,Sales Growth,Excellent
113630,2025-12-22,Instagram,Middle East,Desktop,Enterprise,Finance,Product Launch,Summer,5167.45,4929.02,1601642,158602,0.099,0.03,3.08,57054,32124,0.2025,9638397.39,9633468.37,195443.89,13572,2609,834,0.0106,23.25,546.44,4.9,56,Completed,18,20495,9877,30372,277.05,0.36,7.88,Lead Generation,Excellent
119575,2025-05-14,Facebook,South America,Mobile,New,Electronics,Retention,Summer,5558.82,4606.04,1890189,136406,0.0722,0.03,2.44,33464,19115,0.1401,8972558.53,8967952.49,194699.84,7486,1934,690,0.0053,57.41,482.34,4.9,88,Completed,19,7635,11370,19005,470.6,26.95,6.43,Retention,Excellent
30050,2023-12-03,TikTok,South America,Tablet,Senior,Beauty,Lead Generation,Festival,5726.52,5390.02,2999407,239284,0.0798,0.02,1.8,64536,38589,0.1613,10382331.47,10376941.45,192521.39,9046,1904,1794,0.0042,68.8,482.32,4.4,43,Completed,48,8241,29978,38219,230.91,26.95,3.42,Sales Growth,Excellent
125110,2023-08-31,YouTube,North America,Mobile,Returning,Real Estate,Seasonal Promotion,Holiday,10472.2,8186.04,1598495,153522,0.096,0.05,5.12,49744,27829,0.1813,15636176.33,15627990.29,190910.26,25052,6496,3636,0.022,76.1,590.64,3.2,56,Completed,16,15720,9816,25536,486.25,26.68,2.02,Brand Awareness,Excellent
109908,2024-10-10,TikTok,South America,Smart TV,Senior,Finance,Retention,Spring,5103.61,4688.42,2748460,185522,0.0675,0.03,1.71,39508,16946,0.0913,8951271.71,8946583.29,190822.99,19128,4968,1637,0.0094,77.47,467.41,3.2,86,Completed,39,4056,12070,16126,449.59,14.57,5.66,Retention,Excellent
59492,2024-07-14,LinkedIn,Africa,Desktop,Enterprise,Education,App Promotion,Autumn,6669.71,6357.26,2843780,263236,0.0926,0.02,2.24,76343,29283,0.1112,12121189.93,12114832.67,190566.89,16487,5583,3253,0.0089,47.03,106.77,3.2,19,Completed,60,4209,24337,28546,378.07,21.2,8.6,Retention,Excellent
140006,2024-11-13,LinkedIn,Asia Pacific,Smart TV,Premium,Healthcare,App Promotion,Holiday,7200.69,6994.51,1983577,161190,0.0813,0.04,3.53,56423,23040,0.1429,13265962.34,13258967.83,189562.5,36853,4785,5590,0.0238,77.76,209.77,4.6,32,Completed,90,8031,14624,22655,452.57,0.05,1.18,Brand Awareness,Excellent
10000,2024-12-22,Instagram,North America,Smart TV,Premium,Healthcare,Seasonal Promotion,Spring,11048.73,9855.48,2572973,253854,0.0987,0.04,3.83,92975,45540,0.1794,18499537.28,18489681.8,187608.13,28700,8022,5105,0.0163,62.64,329.21,3.8,70,Completed,38,43937,791,44728,396.64,6.88,9.83,Lead Generation,Excellent
14698,2023-07-13,Instagram,Asia Pacific,Tablet,Student,Automobile,Seasonal Promotion,Autumn,8850.64,8441.51,2243993,181667,0.081,0.05,3.76,68116,36390,0.2003,15733340.62,15724899.11,186280.64,33627,12661,2238,0.0216,65.81,248.56,3.0,37,Completed,56,15839,16918,32757,371.53,13.95,7.65,Brand Awareness,Excellent
10314,2025-07-07,TikTok,South America,Mobile,Student,Fashion,Seasonal Promotion,Holiday,10806.98,10665.64,1951586,166511,0.0853,0.06,5.47,65617,39215,0.2355,19864910.15,19854244.51,186151.46,29558,6270,4296,0.0206,64.93,391.58,3.6,92,Completed,60,1221,35618,36839,447.5,7.32,1.57,Retention,Excellent
91191,2024-09-12,TikTok,Africa,Smart TV,Senior,Finance,Retention,Festival,5587.72,5172.6,1421268,112829,0.0794,0.05,3.64,31599,16840,0.1493,9535320.84,9530148.24,184242.9,8433,3209,755,0.0087,70.54,521.46,2.6,79,Completed,56,14830,1202,16032,485.12,20.23,4.75,Lead Generation,Excellent
33775,2025-06-18,TikTok,South America,Smart TV,Premium,Food,Lead Generation,Spring,9658.45,7778.67,2868092,202376,0.0706,0.04,2.71,70712,33595,0.166,14092247.32,14084468.65,181065.25,30790,6565,2370,0.0139,73.48,363.44,2.6,20,Completed,53,17194,16151,33345,354.66,27.11,5.23,Lead Generation,Excellent
40550,2025-08-02,TikTok,Africa,Tablet,Student,Real Estate,Retention,Festival,8073.41,7220.66,2996062,289254,0.0965,0.02,2.41,96064,36385,0.1258,12964631.66,12957411.0,179449.12,56416,17969,9470,0.028,77.39,77.3,3.5,68,Completed,13,31276,3311,34587,330.98,5.32,9.27,Retention,Excellent
142050,2023-05-01,Twitter (X),Europe,Mobile,Student,Travel,Seasonal Promotion,Holiday,6346.07,5255.99,2366096,148113,0.0626,0.04,2.22,39564,18081,0.1221,9323368.74,9318112.75,177285.59,36920,11754,2273,0.0215,78.8,146.74,3.3,42,Completed,18,9999,7735,17734,491.84,25.42,5.94,Retention,Excellent
1064,2025-11-21,TikTok,Africa,Tablet,New,Real Estate,Product Launch,Winter,10234.36,8190.72,2903959,248403,0.0855,0.03,2.82,72627,25506,0.1027,14472814.33,14464623.61,176597.71,39051,5596,5365,0.0172,31.45,100.23,2.9,98,Completed,40,4375,18767,23142,499.74,16.7,3.61,Brand Awareness,Excellent
129872,2023-01-03,Facebook,Africa,Mobile,Enterprise,Beauty,Retention,Spring,5645.19,5103.15,1647455,150950,0.0916,0.03,3.1,52501,22010,0.1458,8950127.41,8945024.26,175284.37,5331,575,448,0.0039,34.66,61.51,3.8,63,Completed,58,14631,5243,19874,361.34,26.4,5.44,Sales Growth,Excellent
30445,2023-10-01,Google Ads,South America,Tablet,Premium,Healthcare,Lead Generation,Spring,6056.29,5588.97,2125472,192449,0.0905,0.03,2.63,43875,22246,0.1156,9641873.19,9636284.22,172416.1,30993,8379,5682,0.0212,66.08,466.95,3.3,10,Completed,83,13608,6461,20069,381.23,18.42,9.97,Lead Generation,Excellent
66048,2024-12-11,Facebook,Asia Pacific,Tablet,Enterprise,Fashion,Lead Generation,Spring,5077.06,4581.9,2039496,128977,0.0632,0.04,2.25,49773,21940,0.1701,7901381.47,7896799.57,172347.71,17167,5068,1776,0.0118,50.48,485.2,3.3,36,Completed,27,3155,18008,21163,298.05,16.44,4.71,Retention,Excellent
60253,2025-01-01,LinkedIn,Asia Pacific,Smart TV,New,Electronics,Retention,Festival,8050.64,7638.25,1613955,155581,0.0964,0.05,4.73,36807,21229,0.1364,13024733.18,13017094.93,170419.86,23277,4643,3424,0.0194,68.53,591.47,4.7,60,Completed,83,9951,10859,20810,485.37,9.4,0.95,Retention,Excellent
46389,2024-12-22,Google Ads,Africa,Mobile,Senior,Beauty,Awareness,Spring,6203.28,4975.56,1594149,116607,0.0731,0.04,3.12,39633,16909,0.145,8463497.79,8458522.23,170001.41,26047,8102,4122,0.024,20.02,418.92,4.7,17,Completed,33,6373,9178,15551,449.11,6.41,8.08,Sales Growth,Excellent
9926,2024-10-10,LinkedIn,Europe,Mobile,Enterprise,Automobile,Product Launch,Spring,9085.15,8619.99,2606721,230023,0.0882,0.04,3.31,78148,25751,0.1119,14575265.25,14566645.26,168986.8,16230,5413,1822,0.009,72.39,265.97,2.7,14,Completed,79,23527,1911,25438,497.72,22.99,0.34,Lead Generation,Excellent
46841,2023-10-31,Facebook,North America,Mobile,Enterprise,Automobile,App Promotion,Winter,5572.71,5115.08,1301638,128369,0.0986,0.04,3.93,41369,24056,0.1874,8390228.64,8385113.56,163929.28,19373,4223,3647,0.0209,69.73,72.84,3.8,10,Completed,29,16502,5251,21753,365.93,7.31,5.33,Retention,Excellent
26404,2024-07-14,YouTube,Africa,Mobile,New,Real Estate,Seasonal Promotion,Summer,5733.39,4465.42,1372168,105802,0.0771,0.04,3.25,41931,23447,0.2216,7301987.63,7297522.21,163422.97,7883,2585,1375,0.0086,47.85,465.05,4.1,9,Completed,39,5825,15880,21705,323.99,8.74,2.03,Retention,Excellent
93659,2024-07-23,Twitter (X),South America,Tablet,Returning,Food,Awareness,Holiday,6319.98,5351.34,1113814,109259,0.0981,0.05,4.8,31222,18074,0.1654,8565272.07,8559920.73,159958.45,7835,2640,437,0.0098,58.67,360.2,3.9,66,Completed,86,7058,9839,16897,391.77,27.65,0.71,Lead Generation,Excellent
108486,2024-04-15,TikTok,Africa,Mobile,Senior,Travel,App Promotion,Autumn,7189.42,6342.49,2840063,250551,0.0882,0.03,2.23,48852,19011,0.0759,10050573.71,10044231.22,158364.16,16253,5380,2630,0.0085,27.52,172.07,4.1,90,Completed,50,5167,12814,17981,491.04,0.53,4.94,Sales Growth,Excellent
74655,2024-12-04,Google Ads,Asia Pacific,Mobile,Enterprise,Fashion,Seasonal Promotion,Summer,11015.64,10289.93,2671736,259947,0.0973,0.04,3.85,76331,41789,0.1608,16254452.14,16244162.21,157864.65,19232,5191,3707,0.0105,78.89,285.76,4.4,57,Completed,81,28815,11739,40554,329.31,24.31,9.98,Brand Awareness,Excellent
100512,2025-08-03,YouTube,Middle East,Mobile,New,Healthcare,Seasonal Promotion,Festival,9897.94,8395.27,2516480,158207,0.0629,0.05,3.34,51835,23872,0.1509,13119914.62,13111519.35,156177.46,27562,6151,3690,0.0149,29.83,562.46,3.5,85,Completed,68,2430,20429,22859,474.24,11.38,1.75,Brand Awareness,Excellent
143947,2025-05-10,YouTube,Middle East,Smart TV,Senior,Automobile,Sales,Spring,5015.13,4396.72,2954736,229710,0.0777,0.02,1.49,52963,19419,0.0845,6863543.91,6859147.19,156006.0,31621,10051,2863,0.0151,22.97,592.99,4.0,25,Completed,24,4558,13251,17809,334.77,17.16,0.61,Brand Awareness,Excellent
65300,2024-09-20,Facebook,Asia Pacific,Desktop,Enterprise,Travel,Retention,Festival,6879.42,5729.85,2039208,163015,0.0799,0.04,2.81,49104,28571,0.1753,8931269.3,8925539.45,155772.65,22063,2261,3809,0.0138,69.47,167.83,3.4,83,Completed,40,18623,8476,27099,317.06,15.74,0.31,Brand Awareness,Excellent
130419,2024-08-07,Google Ads,North America,Desktop,New,Finance,Product Launch,Autumn,12826.55,12007.77,2470061,204399,0.0828,0.06,4.86,79192,42076,0.2059,18694742.52,18682734.75,155588.71,16996,5849,1555,0.0099,36.17,117.53,2.8,35,Completed,11,13143,27057,40200,400.66,16.59,2.9,Sales Growth,Excellent
142075,2024-03-20,Google Ads,Africa,Tablet,Returning,Beauty,Lead Generation,Summer,7157.89,5440.81,2010949,190162,0.0946,0.03,2.71,36486,19781,0.104,8454028.93,8448588.12,155281.81,10175,2242,1898,0.0071,41.66,173.98,2.7,4,Completed,57,15371,2442,17813,435.77,12.94,5.03,Sales Growth,Excellent
19318,2025-06-16,Twitter (X),North America,Tablet,Returning,Real Estate,Seasonal Promotion,Holiday,10529.47,8924.48,2464359,244840,0.0994,0.04,3.62,84562,31453,0.1285,13852197.91,13843273.43,155115.74,21793,6088,2570,0.0124,59.48,224.28,2.8,74,Completed,22,27953,1616,29569,428.04,19.45,0.29,Sales Growth,Excellent
74702,2024-12-07,Instagram,Africa,Smart TV,Enterprise,Beauty,App Promotion,Festival,8639.13,8077.52,2329562,179771,0.0772,0.04,3.47,53598,28957,0.1611,12517553.04,12509475.52,154867.78,5457,1951,708,0.0035,52.66,193.83,3.5,23,Completed,55,14999,11429,26428,435.92,4.19,3.69,Retention,Excellent
35720,2025-03-25,TikTok,Asia Pacific,Mobile,Student,Healthcare,Seasonal Promotion,Spring,8467.73,8175.06,2750047,242238,0.0881,0.03,2.97,57929,26237,0.1083,12664361.5,12656186.44,154814.6,19472,4793,2323,0.0097,73.07,176.29,2.7,90,Completed,14,13896,10840,24736,471.51,18.48,5.0,Retention,Excellent
85153,2024-09-11,Facebook,Europe,Desktop,New,Real Estate,Retention,Autumn,12272.83,9863.25,2368568,218038,0.0921,0.05,4.16,84418,48983,0.2247,15215754.3,15205891.05,154167.15,20338,6108,4021,0.0129,60.12,319.21,3.2,100,Completed,11,43552,3463,47015,303.05,7.8,2.2,Retention,Excellent
11322,2024-01-07,TikTok,Middle East,Mobile,Senior,Healthcare,Awareness,Autumn,5601.33,4748.2,1737418,152428,0.0877,0.03,2.73,41653,23378,0.1534,7292911.46,7288163.26,153493.18,28268,9819,1563,0.0228,65.51,229.59,2.6,31,Completed,13,12101,9746,21847,295.63,15.31,7.95,Lead Generation,Excellent
44769,2025-06-29,Instagram,North America,Smart TV,Enterprise,Real Estate,App Promotion,Spring,7830.68,6822.89,2192572,113597,0.0518,0.06,3.11,44684,24152,0.2126,10478248.99,10471426.1,153474.94,6594,1065,483,0.0037,55.08,47.79,3.8,94,Completed,21,21015,2204,23219,409.1,8.15,7.16,Lead Generation,Excellent
85946,2025-09-27,Twitter (X),North America,Mobile,Enterprise,Electronics,Sales,Holiday,7497.74,6087.53,1949598,161790,0.083,0.04,3.12,55693,27233,0.1683,9327229.12,9321141.59,153118.61,28890,5201,1838,0.0184,72.11,485.16,3.1,44,Completed,87,22486,2861,25347,350.09,3.7,5.33,Brand Awareness,Excellent
98306,2025-04-19,TikTok,North America,Tablet,New,Food,Seasonal Promotion,Autumn,17174.95,13627.22,2727402,195729,0.0718,0.07,5.0,76042,39289,0.2007,20836714.59,20823087.37,152805.1,20558,3305,3351,0.01,55.49,433.72,4.7,39,Completed,46,30938,6306,37244,488.68,26.58,9.68,Sales Growth,Excellent
11583,2025-07-08,Twitter (X),Africa,Desktop,Returning,Finance,Awareness,Summer,14099.14,12570.74,2944755,247489,0.084,0.05,4.27,80345,41571,0.168,18854500.65,18841929.91,149887.2,28743,4090,3578,0.0124,52.97,279.41,3.6,7,Completed,73,20563,19729,40292,412.69,3.26,1.5,Brand Awareness,Excellent
25985,2025-11-21,Twitter (X),Asia Pacific,Tablet,Student,Education,Seasonal Promotion,Summer,6523.76,5205.92,1549475,148146,0.0956,0.04,3.36,33811,17438,0.1177,7785935.75,7780729.83,149459.27,4944,592,710,0.004,34.34,191.46,3.3,8,Completed,86,14358,1449,15807,420.96,9.69,2.63,Sales Growth,Excellent
105436,2025-05-23,Google Ads,South America,Tablet,Returning,Travel,Retention,Winter,8888.55,8727.94,2599788,178182,0.0685,0.05,3.36,45714,26595,0.1493,12994379.64,12985651.7,148782.55,19620,3610,2636,0.0099,67.58,183.76,4.6,97,Completed,75,22824,3469,26293,401.79,27.55,3.77,Sales Growth,Excellent
2982,2025-07-17,YouTube,Asia Pacific,Tablet,Student,Finance,Product Launch,Autumn,15158.52,12342.18,2320700,229563,0.0989,0.05,5.32,64634,31350,0.1366,18219509.34,18207167.16,147519.86,12378,3814,1763,0.0077,56.12,438.96,3.9,74,Completed,71,5274,25718,30992,499.83,26.39,4.55,Retention,Excellent
49922,2023-05-16,Google Ads,North America,Desktop,Premium,Healthcare,Awareness,Summer,10041.88,7744.75,2429615,221306,0.0911,0.03,3.19,86211,34715,0.1569,11384013.62,11376268.87,146890.07,46299,4878,3721,0.0226,68.37,374.99,4.9,20,Completed,8,4630,28691,33321,300.55,9.87,0.89,Lead Generation,Excellent
77474,2023-07-08,TikTok,South America,Desktop,Student,Fashion,Retention,Autumn,7097.1,5772.55,2415151,229567,0.0951,0.03,2.39,82130,29680,0.1293,8445983.95,8440211.4,146212.88,7325,2346,925,0.0044,78.03,560.87,3.8,5,Completed,52,25778,1630,27408,282.04,16.23,9.53,Retention,Excellent
5162,2025-11-22,YouTube,Europe,Mobile,Returning,Education,Product Launch,Autumn,6860.56,5888.85,1124071,107219,0.0954,0.05,5.24,35225,18469,0.1723,8592111.74,8586222.89,145804.75,17392,3275,2342,0.0205,40.49,447.91,3.5,79,Running,55,3799,13355,17154,449.9,17.05,1.2,Lead Generation,Excellent
2187,2024-08-31,LinkedIn,North America,Smart TV,New,Education,Sales,Autumn,7091.78,5928.79,1836892,160299,0.0873,0.04,3.23,49787,15640,0.0976,8633672.16,8627743.37,145522.84,27082,6701,4469,0.0208,67.48,462.83,4.8,18,Completed,69,11058,3776,14834,475.69,6.26,5.25,Lead Generation,Excellent
34681,2025-11-30,LinkedIn,Middle East,Smart TV,Returning,Electronics,Sales,Autumn,8122.56,6425.85,1928137,144652,0.075,0.04,3.33,48933,19658,0.1359,9227237.97,9220812.12,143495.6,16107,5254,2572,0.0124,33.35,543.13,2.9,12,Completed,28,8367,9851,18218,469.67,21.08,0.7,Retention,Excellent
16322,2024-08-19,YouTube,South America,Mobile,Enterprise,Electronics,Awareness,Holiday,5778.09,5497.94,2203100,107359,0.0487,0.05,2.5,39400,13479,0.1256,7879891.92,7874393.98,143224.44,34732,13235,1739,0.0226,34.04,327.54,3.7,68,Completed,9,12755,224,12979,476.22,23.58,4.37,Lead Generation,Excellent
69535,2023-11-27,Twitter (X),Asia Pacific,Smart TV,Returning,Finance,Awareness,Summer,5595.84,5010.08,2534870,116452,0.0459,0.04,1.98,45198,17418,0.1496,7070021.33,7065011.25,141015.94,20564,7109,3942,0.0125,56.84,305.26,3.3,28,Completed,9,631,16373,17004,326.22,21.32,5.83,Lead Generation,Excellent
92082,2025-04-21,YouTube,South America,Mobile,Enterprise,Real Estate,Awareness,Autumn,7569.3,6458.87,2935838,208432,0.071,0.03,2.2,67427,37469,0.1798,9096768.02,9090309.15,140741.48,7603,2956,1069,0.004,28.99,417.83,2.9,46,Completed,78,1423,35119,36542,212.34,23.96,6.77,Brand Awareness,Excellent
23166,2024-06-26,YouTube,Middle East,Mobile,Premium,Food,Retention,Summer,8162.95,7837.64,2928861,243215,0.083,0.03,2.68,68383,30893,0.127,10973953.28,10966115.64,139916.04,55673,11639,10775,0.0267,47.95,367.62,2.6,84,Completed,16,845,28901,29746,350.77,18.0,5.39,Lead Generation,Excellent
59680,2024-07-28,YouTube,Africa,Tablet,Premium,Fashion,App Promotion,Winter,7399.79,6178.6,2962077,135387,0.0457,0.05,2.09,48901,15922,0.1176,8645942.86,8639764.26,139833.69,56389,19939,4287,0.0272,79.35,257.32,3.2,84,Completed,57,8359,7150,15509,476.78,6.44,9.62,Sales Growth,Excellent
146580,2023-01-08,Google Ads,Europe,Smart TV,Senior,Real Estate,App Promotion,Winter,7786.58,7407.43,2918342,266670,0.0914,0.03,2.54,60678,34281,0.1286,10339866.83,10332459.4,139487.78,29540,4215,3216,0.0127,78.86,360.88,4.8,97,Completed,85,23270,8069,31339,290.39,18.19,4.33,Lead Generation,Excellent
37003,2023-06-04,Google Ads,Middle East,Desktop,Senior,Healthcare,Seasonal Promotion,Spring,8271.83,7784.77,2704103,157530,0.0583,0.05,2.88,54485,27105,0.1721,10803643.62,10795858.85,138679.23,43173,7514,6640,0.0212,30.01,588.08,2.6,27,Completed,40,10725,13864,24589,411.14,12.71,3.06,Lead Generation,Excellent
40482,2025-04-14,Facebook,North America,Smart TV,Enterprise,Education,Lead Generation,Spring,6708.18,5213.99,1656801,142137,0.0858,0.04,3.15,26360,15475,0.1089,7232683.33,7227469.34,138616.86,15409,2404,1095,0.0114,37.32,88.56,3.3,44,Completed,80,1023,14232,15255,365.37,18.57,5.24,Sales Growth,Excellent
101287,2024-05-14,Twitter (X),Middle East,Mobile,Returning,Healthcare,Seasonal Promotion,Autumn,9282.02,9185.75,1880857,144378,0.0768,0.06,4.88,51991,28670,0.1986,12549211.39,12540025.64,136516.08,28181,4375,2588,0.0187,25.94,438.02,4.3,64,Running,72,12944,14814,27758,409.93,4.52,1.74,Lead Generation,Excellent
74927,2023-02-08,Google Ads,Europe,Mobile,Senior,Automobile,Awareness,Holiday,9924.66,9070.74,1513608,138678,0.0916,0.07,5.99,55055,24672,0.1779,12200020.85,12190950.11,134398.63,17803,2284,912,0.0139,34.18,193.88,4.6,99,Completed,63,5125,19259,24384,475.33,17.89,2.95,Lead Generation,Excellent
139304,2025-07-05,Facebook,North America,Smart TV,New,Automobile,Lead Generation,Winter,7132.16,6927.78,2983159,217391,0.0729,0.03,2.32,46849,24171,0.1112,9173594.71,9166666.93,132317.52,11129,3123,1108,0.0051,72.26,139.53,2.6,21,Completed,76,11332,12671,24003,362.08,14.15,0.73,Sales Growth,Excellent
30120,2025-05-24,Google Ads,Africa,Smart TV,Returning,Education,Seasonal Promotion,Holiday,6913.63,5664.38,1390221,129570,0.0932,0.04,4.07,48406,27411,0.2116,7486859.5,7481195.12,132074.39,23012,2583,2996,0.0206,43.08,432.15,3.0,68,Completed,89,13400,12716,26116,226.78,14.37,9.59,Sales Growth,Excellent
37177,2024-03-21,TikTok,North America,Mobile,Student,Automobile,Sales,Summer,7045.27,6365.41,2238405,152027,0.0679,0.04,2.84,51298,28127,0.185,8347696.67,8341331.26,131041.54,16575,5604,3073,0.0113,22.4,531.92,4.6,63,Completed,71,9365,16743,26108,296.42,29.0,7.54,Lead Generation,Excellent
35465,2024-06-17,Twitter (X),Africa,Smart TV,New,Real Estate,Lead Generation,Festival,7458.76,6474.03,1794794,158470,0.0883,0.04,3.61,59303,20121,0.127,8409149.1,8402675.07,129790.49,4028,1227,700,0.0033,61.2,323.73,2.6,61,Completed,84,14052,5803,19855,356.18,27.54,0.33,Retention,Excellent
95675,2025-08-18,TikTok,Africa,Smart TV,Returning,Automobile,Product Launch,Autumn,11989.83,9321.76,1506130,132026,0.0877,0.07,6.19,41619,21691,0.1643,12097101.94,12087780.18,129672.72,22696,4480,1944,0.0193,74.98,582.37,4.3,38,Completed,12,14816,4745,19561,476.14,11.51,6.68,Lead Generation,Excellent
122965,2023-03-17,Facebook,Europe,Smart TV,Returning,Beauty,Retention,Festival,9443.85,8634.21,2402746,239434,0.0997,0.04,3.59,54511,27551,0.1151,11170236.61,11161602.4,129271.84,27976,8005,4528,0.0169,32.24,171.68,3.2,51,Completed,56,10528,15337,25865,399.65,7.34,3.13,Lead Generation,Excellent
136807,2023-02-23,Google Ads,South America,Smart TV,Senior,Education,Retention,Autumn,16824.83,14305.14,2551192,237065,0.0929,0.06,5.61,93226,52402,0.221,18416716.75,18402411.61,128641.95,33194,7325,2740,0.017,38.16,191.01,5.0,50,Completed,65,7919,43352,51271,321.03,6.4,6.83,Lead Generation,Excellent
147392,2025-02-18,Google Ads,South America,Smart TV,New,Electronics,Lead Generation,Winter,14517.17,13932.42,2616011,232259,0.0888,0.06,5.33,89513,29967,0.129,17925531.78,17911599.36,128560.58,30565,11150,3935,0.0175,63.42,315.47,2.9,3,Completed,59,18939,9986,28925,479.66,2.63,0.3,Lead Generation,Excellent
43891,2023-04-10,Instagram,Middle East,Desktop,Enterprise,Healthcare,Lead Generation,Autumn,16687.32,14156.48,2832417,246553,0.087,0.06,5.0,78501,41968,0.1702,18206514.99,18192358.51,128509.05,32740,7941,5903,0.0164,46.45,302.92,3.2,6,Completed,61,3150,38103,41253,343.48,16.19,7.68,Retention,Excellent
11986,2024-04-23,Facebook,Europe,Smart TV,Student,Food,Sales,Spring,5923.8,5402.52,1811501,67764,0.0374,0.08,2.98,26619,15531,0.2292,6924862.2,6919459.68,128078.37,18265,1994,2320,0.0125,41.4,563.0,4.9,2,Completed,84,1834,12208,14042,418.06,22.99,2.74,Sales Growth,Excellent
48327,2023-06-02,Twitter (X),Africa,Desktop,Student,Real Estate,Lead Generation,Festival,9226.16,7600.98,2620462,233694,0.0892,0.03,2.9,63336,37880,0.1621,9719656.26,9712055.28,127773.72,37755,13317,2990,0.0206,77.61,104.73,4.6,17,Completed,77,33433,2100,35533,227.34,8.84,2.85,Lead Generation,Excellent
109995,2024-02-25,YouTube,Asia Pacific,Desktop,Premium,Electronics,Product Launch,Spring,5661.32,5216.16,2813762,150000,0.0533,0.03,1.85,55573,23830,0.1589,6647040.34,6641824.18,127331.68,38317,8960,3389,0.018,61.66,340.56,3.7,23,Completed,15,5745,17320,23065,275.65,1.86,2.38,Lead Generation,Excellent
134888,2025-04-16,TikTok,Asia Pacific,Desktop,Senior,Finance,Seasonal Promotion,Winter,11046.96,8623.57,2341883,191050,0.0816,0.05,3.68,41231,23886,0.125,10981784.32,10973160.75,127246.15,33343,10094,5386,0.0208,69.65,370.49,3.9,57,Completed,40,6568,15968,22536,451.27,22.93,3.04,Brand Awareness,Excellent
39488,2025-04-20,Instagram,Africa,Smart TV,Student,Electronics,App Promotion,Holiday,9354.58,9049.21,2099131,128128,0.061,0.07,4.31,44555,24169,0.1886,11509046.99,11499997.78,127082.89,14061,1840,1042,0.0081,23.91,309.3,4.6,79,Running,21,7034,16071,23105,469.45,28.15,6.83,Lead Generation,Excellent
16523,2025-12-10,LinkedIn,Asia Pacific,Tablet,Senior,Finance,App Promotion,Autumn,5819.33,4982.02,2769240,149253,0.0539,0.03,1.8,51810,13478,0.0903,6322806.16,6317824.14,126812.5,6337,1893,352,0.0031,30.45,394.54,2.7,79,Completed,30,4776,8359,13135,428.93,28.04,6.7,Sales Growth,Excellent
140656,2023-04-25,LinkedIn,Asia Pacific,Smart TV,Returning,Beauty,Lead Generation,Festival,5223.71,4684.15,2609622,209716,0.0804,0.02,1.79,46184,16981,0.081,5938672.46,5933988.31,126682.29,37977,9425,6110,0.0205,67.48,296.91,4.2,28,Completed,84,1554,14195,15749,332.21,26.84,4.63,Brand Awareness,Excellent
42588,2023-10-11,Google Ads,North America,Mobile,Student,Food,Awareness,Summer,6225.2,5251.72,2673045,121256,0.0454,0.04,1.96,35770,19893,0.1641,6634034.76,6628783.04,126221.18,10212,1159,905,0.0046,50.71,424.8,4.9,51,Completed,42,14768,3683,18451,282.67,24.64,9.43,Retention,Excellent
72784,2025-09-15,Facebook,South America,Mobile,Enterprise,Electronics,Seasonal Promotion,Festival,5111.26,4347.3,2625290,79199,0.0302,0.05,1.66,20714,10916,0.1378,5447713.82,5443366.52,125212.58,12853,3204,670,0.0064,59.47,120.67,3.2,58,Running,21,9952,904,10856,391.36,13.18,5.26,Brand Awareness,Excellent
75633,2023-12-09,Instagram,Asia Pacific,Tablet,Enterprise,Food,App Promotion,Autumn,12055.02,10925.79,2072303,155751,0.0752,0.07,5.27,62284,25155,0.1615,13529421.89,13518496.1,123730.15,29216,10769,3468,0.021,42.46,356.91,3.6,28,Completed,65,1726,22302,24028,451.9,19.73,7.75,Lead Generation,Excellent
148441,2024-12-26,LinkedIn,Asia Pacific,Desktop,Senior,Beauty,Retention,Summer,8316.56,6964.14,2251402,206423,0.0917,0.03,3.09,76739,37906,0.1836,8617078.13,8610113.99,123634.99,9711,3315,1813,0.0066,38.21,320.56,4.9,14,Completed,85,32303,2197,34500,192.79,22.75,0.18,Lead Generation,Excellent
99441,2024-10-08,TikTok,Africa,Desktop,New,Finance,Product Launch,Holiday,7203.28,5987.14,1234475,107352,0.087,0.06,4.85,41292,14909,0.1389,7384587.59,7378600.45,123240.82,13001,5164,1611,0.016,63.31,154.21,4.3,23,Completed,53,6628,7417,14045,459.75,24.38,0.91,Brand Awareness,Excellent
126272,2025-04-20,TikTok,Europe,Smart TV,New,Education,Awareness,Holiday,20995.46,18430.56,2895445,274696,0.0949,0.07,6.37,73814,42875,0.1561,22717657.2,22699226.64,123160.81,45207,13907,3694,0.0217,43.21,101.77,4.3,22,Completed,49,25475,13855,39330,483.21,20.56,5.77,Lead Generation,Excellent
103232,2024-03-17,Instagram,Middle East,Mobile,Enterprise,Fashion,Sales,Winter,16912.21,12962.21,2453986,192166,0.0783,0.07,5.28,57667,27750,0.1444,15965316.22,15952354.01,123068.17,27493,7933,1468,0.015,75.89,465.04,4.4,42,Completed,16,26114,1270,27384,482.82,26.58,7.82,Retention,Excellent
22648,2023-08-28,LinkedIn,Europe,Smart TV,New,Travel,Retention,Winter,5379.65,4070.25,2534314,87500,0.0345,0.05,1.61,18599,8994,0.1028,5009697.68,5005627.43,122980.83,26640,3922,5280,0.0141,62.65,408.77,3.9,58,Completed,57,7130,1704,8834,485.8,10.6,8.43,Brand Awareness,Excellent
72810,2025-09-12,TikTok,Africa,Desktop,Returning,Electronics,Lead Generation,Spring,5798.99,4512.64,1047980,98644,0.0941,0.05,4.31,34400,15647,0.1586,5532940.32,5528427.68,122509.83,16046,2994,1797,0.0199,49.12,331.35,4.2,29,Completed,32,14129,1176,15305,315.34,26.94,0.17,Lead Generation,Excellent
111739,2024-11-15,TikTok,Middle East,Tablet,New,Electronics,App Promotion,Winter,5487.68,4820.2,1717614,99765,0.0581,0.05,2.81,37864,14245,0.1428,5811744.12,5806923.92,120470.6,29081,9884,3989,0.025,36.06,285.13,4.3,51,Completed,37,9942,3292,13234,363.51,29.25,5.39,Sales Growth,Excellent
148859,2023-07-11,LinkedIn,Africa,Mobile,New,Finance,Lead Generation,Autumn,6852.51,5631.95,2113770,143345,0.0678,0.04,2.66,37700,17049,0.1189,6778241.38,6772609.43,120253.37,11167,2911,884,0.0071,25.14,98.92,3.8,81,Completed,26,5249,10746,15995,328.91,12.19,8.34,Retention,Excellent
108512,2024-03-16,Facebook,Middle East,Mobile,New,Beauty,App Promotion,Summer,10146.21,9715.64,1848548,157594,0.0853,0.06,5.26,44948,23981,0.1522,11589737.97,11580022.33,119189.5,7504,1054,1460,0.0054,30.65,412.38,3.5,38,Completed,35,17536,4441,21977,493.54,29.51,6.17,Retention,Excellent
126740,2025-11-23,Instagram,Asia Pacific,Mobile,Senior,Education,Awareness,Winter,9454.91,7117.45,2198785,183156,0.0833,0.04,3.24,59535,19624,0.1071,8477904.63,8470787.18,119014.35,13823,2815,1815,0.0084,69.67,54.72,3.7,95,Completed,33,364,18690,19054,352.61,23.33,9.97,Lead Generation,Excellent
107078,2025-10-03,LinkedIn,South America,Desktop,Premium,Education,Seasonal Promotion,Winter,23262.89,19432.24,2711621,259812,0.0958,0.07,7.17,101576,57839,0.2226,23091175.04,23071742.8,118729.2,14444,1680,814,0.0062,46.84,369.36,4.3,81,Completed,31,28864,27765,56629,402.98,7.53,4.13,Lead Generation,Excellent
10113,2025-08-14,Instagram,North America,Smart TV,New,Travel,Retention,Holiday,9819.41,8909.6,2788431,203396,0.0729,0.04,3.2,59236,18930,0.0931,10573248.35,10564338.75,118572.54,49371,15271,5294,0.0251,61.92,303.45,2.8,47,Completed,24,13332,5077,18409,465.18,5.22,1.94,Lead Generation,Excellent
122497,2024-07-25,Facebook,Europe,Desktop,Enterprise,Fashion,Lead Generation,Festival,15821.92,14471.13,2896978,149246,0.0515,0.1,5.0,55921,30100,0.2017,17166654.1,17152182.97,118526.91,27521,10581,5191,0.0149,54.02,166.16,3.3,72,Running,59,8061,20402,28463,470.72,13.69,2.62,Brand Awareness,Excellent
110445,2025-09-27,YouTube,Middle East,Mobile,Returning,Education,Lead Generation,Festival,13307.65,12165.0,2848583,280852,0.0986,0.04,4.27,77176,37537,0.1337,14424419.0,14412254.0,118473.11,14168,2086,1599,0.0063,22.38,289.39,4.8,74,Completed,67,8819,27840,36659,349.78,6.21,2.61,Retention,Excellent
20763,2025-06-30,Instagram,South America,Desktop,Senior,Beauty,Lead Generation,Spring,6531.45,5863.73,2967909,109088,0.0368,0.05,1.98,32829,13780,0.1263,6935104.29,6929240.56,118171.21,59251,9074,4593,0.0246,28.09,577.33,3.6,89,Completed,58,4866,8584,13450,438.07,26.71,0.89,Brand Awareness,Excellent
34758,2024-02-01,TikTok,Middle East,Tablet,Student,Automobile,Awareness,Autumn,6919.4,5842.4,2881145,168264,0.0584,0.03,2.03,55150,15084,0.0896,6869017.67,6863175.27,117471.85,46168,9594,2940,0.0204,45.36,264.8,2.6,62,Completed,41,175,13832,14007,416.96,20.96,2.39,Brand Awareness,Excellent
103544,2023-04-09,Google Ads,Middle East,Smart TV,New,Travel,Sales,Autumn,12635.98,9952.35,2037894,196029,0.0962,0.05,4.88,72085,40628,0.2073,11690572.51,11680620.16,117365.45,18222,7197,3441,0.0142,53.13,507.81,2.5,53,Completed,68,11471,27914,39385,292.96,26.83,5.28,Lead Generation,Excellent
80727,2023-02-19,Twitter (X),Africa,Tablet,Senior,Automobile,Awareness,Spring,5787.86,5701.74,2458943,205518,0.0836,0.03,2.32,64665,20568,0.1001,6688621.5,6682919.76,117208.43,40771,11798,3784,0.0229,72.24,424.84,3.6,71,Completed,14,13154,7107,20261,266.11,3.35,7.89,Lead Generation,Excellent
83267,2025-11-25,Google Ads,North America,Mobile,Senior,Automobile,Product Launch,Winter,5681.59,5144.52,2382621,189448,0.0795,0.03,2.16,39342,18078,0.0954,6034688.29,6029543.77,117203.23,16973,4239,2708,0.01,36.8,165.67,4.2,64,Running,25,10038,6400,16438,324.05,1.06,6.9,Lead Generation,Excellent
33132,2025-01-11,Twitter (X),North America,Tablet,Premium,Education,App Promotion,Winter,11592.68,8976.26,1874548,158756,0.0847,0.06,4.79,61696,28591,0.1801,10524517.09,10515540.83,117148.35,31866,11095,2664,0.0243,20.05,404.87,3.0,32,Completed,89,24634,1906,26540,324.54,21.43,6.16,Sales Growth,Excellent
58136,2025-07-23,Instagram,Asia Pacific,Desktop,Student,Electronics,Lead Generation,Holiday,14972.31,14826.55,2167338,204997,0.0946,0.07,6.84,71305,34623,0.1689,17360412.95,17345586.4,116990.04,22583,3007,3877,0.0136,36.86,305.2,4.4,52,Completed,69,16810,14815,31625,469.4,10.33,5.32,Brand Awareness,Excellent
113167,2023-07-17,Twitter (X),Asia Pacific,Mobile,Returning,Beauty,Awareness,Holiday,6150.21,4923.28,2991336,153836,0.0514,0.03,1.65,61355,23755,0.1544,5763469.1,5758545.82,116965.64,50968,17070,9779,0.026,57.33,431.32,2.7,46,Completed,24,10452,12191,22643,214.54,22.93,2.91,Sales Growth,Excellent
625,2024-09-17,Twitter (X),South America,Tablet,Senior,Fashion,Retention,Festival,10848.57,10463.01,2946032,238350,0.0809,0.04,3.55,76770,31159,0.1307,12147585.67,12137122.66,116000.3,32679,8308,1962,0.0146,45.5,593.67,3.2,33,Completed,53,8573,20963,29536,363.27,7.86,0.53,Lead Generation,Excellent
42525,2025-02-20,Twitter (X),Middle East,Desktop,Enterprise,Finance,App Promotion,Winter,8072.1,7678.92,2663003,254152,0.0954,0.03,2.88,40956,18268,0.0719,8895292.24,8887613.32,115740.41,27896,9353,5573,0.0161,52.06,342.23,4.8,97,Completed,7,6538,11505,18043,393.24,15.97,7.33,Retention,Excellent
60893,2025-09-28,Facebook,Asia Pacific,Desktop,Enterprise,Education,Seasonal Promotion,Winter,5307.36,4251.87,2513395,186127,0.0741,0.02,1.69,24241,9208,0.0495,4918980.89,4914729.02,115589.82,10620,1459,2021,0.0056,34.19,351.34,4.1,63,Completed,70,2272,6924,9196,427.64,17.5,5.89,Retention,Excellent
45705,2024-11-09,Twitter (X),Europe,Desktop,Student,Education,Sales,Holiday,14356.94,12879.9,2718855,149072,0.0548,0.09,4.74,57304,28775,0.193,14855660.72,14842780.82,115239.88,52386,19231,3852,0.0278,73.54,275.0,2.7,29,Completed,58,18814,9956,28770,428.49,27.14,2.05,Lead Generation,Excellent
9185,2025-08-12,Instagram,North America,Tablet,Enterprise,Healthcare,Sales,Summer,5801.82,5799.22,1374345,125551,0.0914,0.05,4.22,31674,16921,0.1348,6682117.09,6676317.87,115124.41,8330,3000,442,0.0086,36.09,361.41,2.7,19,Completed,61,6312,9440,15752,391.55,1.1,7.76,Retention,Excellent
100391,2023-09-24,TikTok,North America,Smart TV,Student,Electronics,App Promotion,Autumn,12119.17,9140.84,1388672,127364,0.0917,0.07,6.58,49276,21195,0.1664,10427802.68,10418661.84,113979.26,21981,4123,2792,0.0208,49.03,461.02,4.6,85,Completed,53,18288,1953,20241,435.8,16.32,7.42,Brand Awareness,Excellent
112007,2025-07-30,TikTok,Europe,Tablet,New,Fashion,Product Launch,Autumn,10007.62,7580.67,1861176,184955,0.0994,0.04,4.07,59457,20727,0.1121,8636683.21,8629102.54,113830.34,23228,3860,4058,0.0167,35.94,193.78,2.9,28,Completed,42,19036,307,19343,377.5,14.91,1.32,Brand Awareness,Excellent
51141,2024-10-05,Twitter (X),Africa,Mobile,Returning,Fashion,Product Launch,Autumn,11790.29,8876.11,2806242,203331,0.0725,0.04,3.16,73208,32629,0.1605,10069180.83,10060304.72,113341.37,41177,13730,5559,0.0215,41.75,320.04,4.6,3,Completed,61,19894,11510,31404,273.64,15.06,2.18,Retention,Excellent
6862,2023-11-02,Instagram,Africa,Smart TV,New,Healthcare,Product Launch,Festival,5734.36,4881.25,2354853,201011,0.0854,0.02,2.07,36989,22056,0.1097,5513483.35,5508602.1,112852.28,42812,5822,7545,0.0239,69.73,230.94,4.5,50,Completed,10,4772,15141,19913,260.34,4.44,9.87,Retention,Excellent
5965,2023-09-15,Instagram,South America,Mobile,Returning,Automobile,Lead Generation,Autumn,9450.81,8651.46,2741166,272443,0.0994,0.03,3.16,61341,30638,0.1125,9767354.38,9758702.92,112798.34,34206,10171,3221,0.0174,26.06,163.24,4.3,48,Completed,53,26194,4232,30426,268.34,4.34,0.43,Retention,Excellent
73496,2024-12-04,Google Ads,Asia Pacific,Smart TV,New,Healthcare,Sales,Winter,18433.36,16390.62,2640288,257333,0.0975,0.06,6.21,92539,38873,0.1511,18490635.22,18474244.6,112712.3,40793,9028,2738,0.0199,20.77,381.38,4.8,93,Completed,44,27032,8673,35705,477.35,5.27,7.91,Sales Growth,Excellent
24804,2024-12-07,Instagram,North America,Desktop,Senior,Real Estate,App Promotion,Holiday,6926.74,5300.36,2756651,114975,0.0417,0.05,1.92,43443,20518,0.1785,5967941.48,5962641.12,112495.02,38710,7335,4437,0.0183,35.65,36.39,3.1,54,Completed,78,9992,10458,20450,258.57,18.13,5.98,Brand Awareness,Excellent
53266,2023-10-24,Facebook,Europe,Smart TV,Senior,Fashion,Lead Generation,Winter,22528.37,20960.33,2900487,289089,0.0997,0.07,7.23,92101,48118,0.1664,23295011.06,23274050.73,111038.57,33274,11099,5243,0.0171,49.17,564.29,4.3,98,Completed,9,28200,17457,45657,496.0,27.5,5.28,Retention,Excellent
143188,2023-08-23,Google Ads,Europe,Desktop,New,Healthcare,Sales,Autumn,5889.62,4849.19,1281223,120835,0.0943,0.04,3.78,24297,12815,0.1061,5381328.42,5376479.23,110873.76,23802,5516,1783,0.0243,49.45,436.28,2.6,16,Running,51,3590,8216,11806,427.58,18.47,0.91,Sales Growth,Excellent
6045,2023-09-21,TikTok,North America,Smart TV,Enterprise,Real Estate,Seasonal Promotion,Holiday,9624.7,8262.17,2606650,199791,0.0766,0.04,3.17,79400,29663,0.1485,9162175.5,9153913.33,110793.09,22177,4699,4156,0.0119,48.23,513.58,3.2,52,Completed,41,7535,21377,28912,313.98,14.31,7.37,Retention,Excellent
50313,2024-10-11,Facebook,Europe,Smart TV,New,Travel,Retention,Spring,5558.57,4334.94,2244811,118643,0.0529,0.04,1.93,16744,8676,0.0731,4778743.09,4774408.15,110137.81,32283,7742,6442,0.0207,50.62,269.34,2.9,34,Completed,17,4294,3972,8266,486.5,24.89,0.99,Sales Growth,Excellent
55630,2023-08-05,Facebook,Middle East,Mobile,Student,Food,Awareness,Holiday,17378.41,16031.39,2445059,236845,0.0969,0.07,6.56,89569,37509,0.1584,17629481.48,17613450.09,109868.51,40439,9944,3425,0.022,31.83,251.18,4.4,48,Completed,31,214,33558,33772,466.99,28.67,2.66,Lead Generation,Excellent
120625,2023-11-27,Google Ads,Europe,Smart TV,Student,Healthcare,Seasonal Promotion,Summer,13457.11,13096.28,2615951,241264,0.0922,0.05,5.01,55453,32119,0.1331,14340733.13,14327636.85,109402.34,50395,7774,9502,0.0259,35.1,453.69,4.3,73,Completed,68,18539,11554,30093,378.67,21.68,7.68,Brand Awareness,Excellent
143804,2023-05-01,Facebook,Middle East,Smart TV,Senior,Food,App Promotion,Summer,15304.22,13209.15,2965912,205367,0.0692,0.06,4.45,66786,36894,0.1796,14448483.57,14435274.42,109282.39,39832,13437,2165,0.0187,52.21,214.4,4.5,75,Running,79,10888,23353,34241,382.91,12.16,5.46,Lead Generation,Excellent
88921,2024-04-06,Facebook,North America,Smart TV,Enterprise,Electronics,Awareness,Holiday,8598.33,7657.19,1206542,87165,0.0722,0.09,6.35,32844,17978,0.2063,8356404.34,8348747.15,109031.47,6438,1460,1112,0.0075,37.72,149.84,3.3,37,Completed,56,7785,9936,17721,396.32,8.49,4.7,Brand Awareness,Excellent
47496,2025-08-28,TikTok,Africa,Mobile,Enterprise,Fashion,App Promotion,Winter,14500.26,13267.04,2960111,286310,0.0967,0.05,4.48,63281,32132,0.1122,14378499.31,14365232.27,108277.6,56214,16032,4570,0.026,67.91,439.59,2.9,9,Completed,36,1849,28978,30827,419.73,14.64,1.77,Brand Awareness,Excellent
26216,2024-08-14,TikTok,Europe,Tablet,Premium,Fashion,Lead Generation,Summer,5318.44,4262.89,1613505,158259,0.0981,0.03,2.64,39925,23685,0.1497,4604961.35,4600698.46,107924.4,27572,3579,2993,0.0212,68.52,217.76,2.8,83,Completed,81,17221,6374,23595,154.28,7.27,6.96,Brand Awareness,Excellent
127516,2024-12-17,Google Ads,Africa,Mobile,Premium,Electronics,Retention,Festival,6352.51,5869.09,2966253,176345,0.0595,0.03,1.98,36986,11596,0.0658,6331011.8,6325142.71,107770.42,7999,2124,693,0.0036,48.82,412.19,2.7,90,Completed,65,4270,6933,11203,452.75,4.2,9.06,Retention,Excellent
102095,2024-10-18,Facebook,Asia Pacific,Tablet,Premium,Finance,Lead Generation,Spring,14148.33,12592.89,2409681,201404,0.0836,0.06,5.23,61034,32631,0.162,13536642.69,13524049.8,107394.33,33559,6467,2912,0.0178,49.74,188.95,4.2,52,Completed,11,4999,24634,29633,388.33,14.41,4.66,Sales Growth,Excellent
144301,2023-11-21,Facebook,Middle East,Mobile,Enterprise,Food,Product Launch,Autumn,12130.11,10084.89,2066829,203402,0.0984,0.05,4.88,56640,20681,0.1017,10828976.83,10818891.94,107278.23,14671,3969,1461,0.0097,54.35,549.26,4.3,96,Running,26,10497,9239,19736,449.56,24.25,3.91,Sales Growth,Excellent
108306,2025-11-07,TikTok,Europe,Desktop,Returning,Electronics,Sales,Spring,8414.96,7331.24,2249490,130162,0.0579,0.06,3.26,31990,18200,0.1398,7858842.22,7851510.98,107096.63,9589,2453,1833,0.0062,38.91,40.88,2.7,58,Completed,77,3754,13549,17303,428.79,0.36,0.21,Sales Growth,Excellent
90285,2025-12-12,Instagram,Africa,Desktop,Student,Real Estate,Seasonal Promotion,Winter,15841.38,12951.46,2858125,274375,0.096,0.05,4.53,79755,32572,0.1187,13841491.04,13828539.58,106772.05,10993,1236,2039,0.005,30.11,484.69,3.5,41,Completed,74,9858,21174,31032,385.2,7.53,6.14,Retention,Excellent
55854,2024-05-20,Twitter (X),Africa,Mobile,New,Food,Lead Generation,Festival,8386.99,8365.23,2160737,149765,0.0693,0.06,3.87,50896,21135,0.1411,8935605.86,8927240.63,106718.41,20109,2825,1372,0.0112,67.15,217.64,2.9,9,Completed,28,13360,7271,20631,345.54,11.73,3.86,Lead Generation,Excellent
50284,2024-12-24,Facebook,South America,Mobile,Premium,Finance,Lead Generation,Spring,5831.77,5391.33,2000439,191045,0.0955,0.03,2.7,60764,25137,0.1316,5748516.85,5743125.52,106525.21,24678,6823,1812,0.0167,67.55,238.14,4.3,43,Completed,90,13682,10019,23701,225.71,26.81,2.7,Brand Awareness,Excellent
59276,2025-02-04,Facebook,Asia Pacific,Smart TV,Enterprise,Education,Seasonal Promotion,Winter,10997.21,10969.09,2980876,147431,0.0495,0.07,3.68,48581,25097,0.1702,11687304.03,11676334.94,106447.62,41323,16512,7461,0.0219,21.72,407.59,4.8,29,Completed,65,3981,20983,24964,406.0,14.11,4.71,Retention,Excellent
83643,2023-08-20,Facebook,North America,Desktop,Premium,Real Estate,Retention,Festival,16584.37,15419.63,2941219,254740,0.0866,0.06,5.24,94168,52616,0.2065,16385110.02,16369690.39,106161.37,14908,3110,2243,0.0069,24.77,216.53,4.3,19,Completed,38,39763,11380,51143,277.16,26.57,2.36,Sales Growth,Excellent
146685,2023-09-14,Google Ads,Africa,Mobile,Student,Beauty,Seasonal Promotion,Autumn,7071.71,6238.26,1772255,77387,0.0437,0.08,3.52,25532,12608,0.1629,6627095.46,6620857.2,106133.08,11738,1840,2037,0.0088,49.64,148.9,3.1,93,Completed,50,5933,6381,12314,453.4,0.19,1.31,Retention,Excellent
14610,2024-07-04,Instagram,North America,Tablet,New,Travel,Seasonal Promotion,Winter,7203.46,5428.47,2308784,134504,0.0583,0.04,2.35,38106,11620,0.0864,5763580.77,5758152.3,106073.21,37548,4324,2770,0.0193,40.5,69.0,4.9,84,Completed,20,2192,9414,11606,426.01,10.16,7.29,Retention,Excellent
22450,2024-06-09,TikTok,Europe,Smart TV,Enterprise,Fashion,Lead Generation,Winter,7938.79,7210.71,2232879,199976,0.0896,0.04,3.23,63788,22578,0.1129,7655152.03,7647941.32,106063.64,41725,4664,4378,0.0227,23.58,410.88,3.6,18,Running,39,10798,11378,22176,311.25,24.56,1.87,Lead Generation,Excellent
115703,2023-07-11,Instagram,Middle East,Tablet,Enterprise,Travel,Seasonal Promotion,Spring,15726.34,13267.06,2550350,197149,0.0773,0.07,5.2,74038,35190,0.1785,14018575.69,14005308.63,105564.52,19464,5358,3562,0.0111,40.03,93.14,2.8,43,Completed,34,28351,5983,34334,344.37,27.72,1.85,Retention,Excellent
82817,2025-03-16,Google Ads,Asia Pacific,Mobile,Senior,Finance,Lead Generation,Autumn,5365.28,4498.94,1528437,124206,0.0813,0.04,2.94,35378,11771,0.0948,4750819.58,4746320.64,105498.64,22219,3979,2035,0.0185,78.03,586.67,3.0,39,Running,85,9989,1385,11374,331.4,22.35,2.26,Retention,Excellent
146476,2023-03-27,LinkedIn,Asia Pacific,Desktop,New,Automobile,Awareness,Winter,12067.81,9202.28,2128009,160373,0.0754,0.06,4.32,38442,22865,0.1426,9647617.96,9638415.68,104739.43,38533,4015,5257,0.0225,40.04,510.9,4.5,76,Completed,85,7929,14130,22059,423.16,14.45,1.76,Lead Generation,Excellent
98020,2025-07-30,Instagram,Africa,Mobile,Enterprise,Beauty,Retention,Winter,10443.55,8528.73,1711972,147023,0.0859,0.06,4.98,42619,21541,0.1465,8931599.18,8923070.45,104623.67,8930,2367,1675,0.0076,75.42,574.12,2.7,61,Completed,77,11506,9197,20703,401.99,7.3,2.86,Brand Awareness,Excellent
55750,2023-10-18,Google Ads,Europe,Smart TV,Returning,Finance,Lead Generation,Winter,21486.3,20891.29,2893403,259803,0.0898,0.08,7.22,82194,40248,0.1549,21607473.1,21586581.81,103328.14,12114,2570,773,0.0053,27.59,412.24,2.9,47,Completed,89,23328,14645,37973,459.06,6.54,3.78,Retention,Excellent
78458,2023-05-31,TikTok,Europe,Smart TV,Premium,Fashion,Seasonal Promotion,Autumn,10091.11,9901.12,2850130,164367,0.0577,0.06,3.47,47097,19585,0.1192,10195850.79,10185949.67,102876.74,31506,8998,4827,0.0159,55.73,582.49,3.5,43,Completed,47,2605,16924,19529,416.07,22.67,2.04,Retention,Excellent
34754,2024-03-15,Twitter (X),North America,Smart TV,Premium,Beauty,Lead Generation,Autumn,10152.18,7977.7,2914239,131524,0.0451,0.06,2.74,39967,19210,0.1461,8211525.61,8203547.91,102830.99,13091,1896,1272,0.0056,49.18,331.48,3.0,11,Completed,47,2336,16149,18485,388.42,4.44,3.79,Sales Growth,Excellent
38492,2025-05-27,Instagram,Asia Pacific,Desktop,Enterprise,Finance,Product Launch,Festival,7083.66,6689.35,1682488,141763,0.0843,0.05,3.98,40118,17371,0.1225,6880215.4,6873526.05,102753.27,15780,2820,2958,0.0128,70.52,426.99,4.1,99,Completed,62,6946,9728,16674,341.35,11.35,4.42,Retention,Excellent
37096,2023-08-23,Facebook,Asia Pacific,Desktop,Premium,Food,Awareness,Festival,5457.63,4817.64,2711754,152988,0.0564,0.03,1.78,24536,13318,0.0871,4932087.87,4927270.23,102275.6,13988,2287,1012,0.0064,62.61,418.16,4.0,82,Completed,26,9171,3528,12699,307.79,7.21,5.56,Retention,Excellent
13112,2024-07-17,Google Ads,North America,Desktop,Enterprise,Real Estate,Seasonal Promotion,Summer,9223.01,8370.01,2762180,242121,0.0877,0.03,3.03,63277,15830,0.0654,8559675.28,8551305.27,102166.01,11328,4454,1712,0.0063,56.3,73.31,4.6,16,Completed,45,6466,9117,15583,474.75,29.39,5.63,Retention,Excellent
53388,2024-01-09,TikTok,Africa,Smart TV,Student,Education,Product Launch,Festival,6118.65,6011.96,2731828,194032,0.071,0.03,2.2,71916,23861,0.123,6143806.19,6137794.23,102093.06,5761,2299,799,0.0032,51.38,213.41,4.6,69,Completed,49,112,23559,23671,250.62,26.01,5.06,Retention,Excellent
106573,2023-08-31,Instagram,South America,Desktop,Returning,Electronics,Seasonal Promotion,Summer,6240.11,5690.7,744907,62810,0.0843,0.09,7.64,20811,11658,0.1856,5778417.77,5772727.07,101441.42,9348,3569,891,0.0185,38.83,456.63,2.9,40,Completed,86,4681,6014,10695,488.01,8.1,2.63,Retention,Excellent
56707,2024-05-10,YouTube,Middle East,Tablet,Premium,Food,App Promotion,Autumn,13188.54,12524.5,1971836,168918,0.0857,0.07,6.35,55904,27232,0.1612,12708109.14,12695584.64,101366.0,28317,4034,5278,0.0191,20.15,39.46,4.1,1,Completed,31,8746,16976,25722,469.94,28.47,1.11,Lead Generation,Excellent
36231,2023-06-30,Facebook,Africa,Mobile,New,Healthcare,App Promotion,Holiday,8730.25,6588.97,1747543,95472,0.0546,0.07,3.77,30235,16752,0.1755,6675427.88,6668838.91,101212.16,16522,3887,3056,0.0134,20.65,56.94,2.6,99,Running,43,5859,10626,16485,327.26,9.24,6.77,Retention,Excellent
109381,2025-08-15,TikTok,Middle East,Mobile,Returning,Electronics,Lead Generation,Holiday,9196.8,7439.22,1424162,138433,0.0972,0.05,5.22,30889,13899,0.1004,7465729.45,7458290.23,100256.35,13111,3923,2149,0.0135,74.68,65.42,3.5,83,Completed,52,11623,2249,13872,437.56,11.37,5.48,Lead Generation,Excellent
51120,2025-06-05,Facebook,Asia Pacific,Desktop,Student,Education,Product Launch,Spring,7244.09,6920.25,2342044,214304,0.0915,0.03,2.95,74953,24094,0.1124,6923307.54,6916387.29,99944.18,41544,4545,2491,0.0207,50.68,273.43,4.3,25,Completed,49,4569,17131,21700,266.76,15.58,8.94,Brand Awareness,Excellent
73581,2024-08-02,Twitter (X),Africa,Smart TV,Enterprise,Food,Awareness,Festival,11036.11,8728.32,1525417,99968,0.0655,0.09,5.72,32770,15514,0.1552,8725489.3,8716760.98,99867.57,21066,7662,1540,0.0198,49.83,242.77,3.2,43,Completed,29,7753,6498,14251,492.26,23.85,1.25,Retention,Excellent
12003,2024-06-17,Facebook,North America,Smart TV,New,Automobile,Seasonal Promotion,Winter,9764.39,8072.48,1866029,152782,0.0819,0.05,4.33,47981,16624,0.1088,8058250.4,8050177.92,99723.73,5394,663,459,0.0035,39.46,225.14,3.4,13,Completed,65,8850,6730,15580,453.09,19.48,1.71,Lead Generation,Excellent
113350,2024-10-01,Facebook,North America,Smart TV,Returning,Travel,Sales,Festival,6889.75,5819.88,1551925,134258,0.0865,0.04,3.75,45057,15943,0.1187,5797646.08,5791826.2,99517.97,18102,5744,1064,0.0161,27.97,407.58,3.7,23,Completed,75,12500,2846,15346,311.02,12.94,2.41,Brand Awareness,Excellent
42804,2024-01-10,Google Ads,Asia Pacific,Desktop,New,Fashion,Sales,Festival,8767.24,6877.94,2825971,143304,0.0507,0.05,2.43,29082,14580,0.1017,6849055.14,6842177.2,99480.04,8381,2989,1173,0.0044,59.83,373.49,3.6,2,Completed,9,12735,793,13528,392.48,12.81,2.06,Retention,Excellent
46543,2025-06-07,Twitter (X),North America,Smart TV,Senior,Real Estate,Product Launch,Holiday,9861.67,7506.99,2333146,96298,0.0413,0.08,3.22,29877,15431,0.1602,7451747.56,7444240.57,99164.12,24378,4202,2426,0.0133,28.33,266.33,4.7,7,Completed,44,5369,8749,14118,457.29,14.33,7.1,Retention,Excellent
109299,2025-12-13,YouTube,North America,Smart TV,Enterprise,Food,Seasonal Promotion,Holiday,6243.74,5138.76,1640644,107977,0.0658,0.05,3.13,43025,10042,0.093,5068399.18,5063260.42,98530.78,21622,2287,1879,0.0157,29.36,317.25,3.4,55,Completed,32,4262,5133,9395,445.98,21.4,4.59,Lead Generation,Excellent
22690,2023-05-01,Twitter (X),Middle East,Desktop,Premium,Healthcare,Product Launch,Festival,8000.01,7097.21,1487922,111269,0.0748,0.06,4.77,31474,12645,0.1136,6995932.65,6988835.44,98473.0,11012,1968,873,0.0093,54.06,235.91,3.8,65,Completed,73,7845,3961,11806,476.98,22.56,3.71,Lead Generation,Excellent
57062,2023-03-10,YouTube,North America,Mobile,Premium,Fashion,Lead Generation,Holiday,6957.46,5529.55,1869380,179832,0.0962,0.03,2.96,22020,11993,0.0667,5444164.16,5438634.61,98355.83,27253,6005,4124,0.02,61.98,376.9,4.9,5,Completed,25,3943,7885,11828,420.87,15.23,3.76,Lead Generation,Excellent
39815,2023-09-25,YouTube,Europe,Tablet,Returning,Fashion,Seasonal Promotion,Winter,5149.78,3871.17,2319969,40967,0.0177,0.09,1.67,13461,7028,0.1716,3800156.43,3796285.26,98065.58,21295,6790,1946,0.0129,51.66,166.66,3.4,19,Completed,51,5686,1080,6766,461.72,28.36,4.81,Retention,Excellent
133135,2025-02-07,TikTok,North America,Smart TV,Student,Food,Sales,Autumn,8088.89,7020.43,2659404,154005,0.0579,0.05,2.64,50385,16557,0.1075,6886809.22,6879788.79,97996.69,16716,3242,1321,0.008,34.95,110.91,3.2,71,Running,60,9756,5750,15506,423.08,2.34,1.12,Sales Growth,Excellent
139937,2023-01-05,TikTok,Asia Pacific,Desktop,Student,Fashion,App Promotion,Spring,5334.96,4497.54,2141887,91223,0.0426,0.05,2.1,26064,13955,0.153,4408228.04,4403730.5,97914.2,16574,3664,2453,0.0106,65.2,159.24,4.0,88,Completed,36,10256,2309,12565,306.29,10.81,6.97,Brand Awareness,Excellent
70220,2024-11-01,Google Ads,Middle East,Tablet,Returning,Finance,Sales,Festival,15165.75,12560.68,2582875,202234,0.0783,0.06,4.86,69129,25422,0.1257,12307727.89,12295167.21,97886.16,12419,1935,1576,0.0062,62.32,411.08,3.7,98,Completed,87,7001,17238,24239,480.07,26.75,1.34,Retention,Excellent
108576,2025-06-13,LinkedIn,South America,Tablet,Enterprise,Fashion,Sales,Holiday,16618.11,16562.7,2982999,272372,0.0913,0.06,5.55,71821,28992,0.1064,16189964.19,16173401.49,97649.55,40117,5753,3648,0.0166,23.44,219.3,2.7,54,Completed,41,20389,7012,27401,457.95,9.22,1.23,Brand Awareness,Excellent
8590,2024-09-12,Facebook,Asia Pacific,Mobile,Student,Healthcare,Sales,Winter,9692.02,7952.58,2148224,199808,0.093,0.04,3.7,66224,21625,0.1082,7751718.9,7743766.32,97374.26,41516,5336,4148,0.0237,38.29,533.06,3.8,65,Completed,89,10843,8688,19531,336.43,19.3,7.0,Brand Awareness,Excellent
86262,2025-03-24,Google Ads,Middle East,Smart TV,Premium,Electronics,Sales,Autumn,11804.48,10628.62,2044789,181992,0.089,0.06,5.2,63159,21022,0.1155,10359024.25,10348395.63,97363.49,25896,9518,4960,0.0197,52.25,47.27,3.7,74,Completed,27,16338,4469,20807,406.95,18.12,7.5,Sales Growth,Excellent
137085,2024-11-26,Instagram,Middle East,Tablet,Premium,Travel,Lead Generation,Spring,26589.5,25565.84,2648225,255631,0.0965,0.1,9.65,101321,56896,0.2226,24832146.59,24806580.75,97030.18,22379,8628,3152,0.0129,21.1,285.52,2.7,92,Completed,75,24739,29054,53793,438.39,8.51,2.55,Lead Generation,Excellent
131088,2025-09-03,TikTok,Middle East,Tablet,Senior,Food,Sales,Winter,7134.03,7021.28,1843938,183351,0.0994,0.04,3.81,48183,13910,0.0759,6817801.12,6810779.84,97001.97,35289,10784,5186,0.0278,53.81,183.74,3.0,78,Completed,17,11996,1371,13367,433.68,28.43,8.03,Sales Growth,Excellent
28031,2023-11-20,YouTube,South America,Desktop,Senior,Electronics,Seasonal Promotion,Autumn,21503.59,17602.97,2172051,193336,0.089,0.09,8.1,72429,40244,0.2082,17089263.71,17071660.74,96981.71,22659,7310,3773,0.0155,75.89,282.99,4.1,56,Completed,18,3871,33348,37219,450.23,25.48,3.29,Retention,Excellent
17673,2025-04-16,TikTok,Africa,Desktop,Senior,Beauty,App Promotion,Spring,6882.82,5287.05,1281238,123856,0.0967,0.04,4.13,44029,10941,0.0883,5131557.36,5126270.31,96958.99,24997,6293,3225,0.0269,45.61,298.61,4.6,64,Running,86,6204,3679,9883,458.21,27.4,7.81,Brand Awareness,Excellent
6081,2023-04-08,Google Ads,Europe,Mobile,Student,Travel,App Promotion,Winter,20119.32,15237.0,2381780,152826,0.0642,0.1,6.4,58529,32478,0.2125,14775972.1,14760735.1,96874.29,31238,11930,3111,0.0194,72.78,46.38,3.4,54,Completed,83,26067,3478,29545,450.45,0.91,5.36,Sales Growth,Excellent
134728,2024-11-30,Facebook,Asia Pacific,Tablet,Senior,Automobile,Seasonal Promotion,Spring,11917.77,11606.05,2602068,123111,0.0473,0.09,4.46,39248,21736,0.1766,11244320.79,11232714.74,96783.27,22895,5646,3043,0.0121,60.69,169.36,3.3,80,Completed,9,13347,6685,20032,468.2,19.73,8.18,Brand Awareness,Excellent
22512,2024-01-10,TikTok,South America,Desktop,Senior,Finance,App Promotion,Summer,5795.54,4900.76,2921134,66597,0.0228,0.07,1.68,25963,9600,0.1442,4726189.84,4721289.08,96337.9,54290,15210,3073,0.0248,26.49,113.16,2.7,45,Completed,58,4260,5155,9415,399.42,28.4,5.98,Retention,Excellent
15380,2025-06-28,Facebook,Asia Pacific,Smart TV,Premium,Beauty,Product Launch,Summer,14083.94,12847.12,2266286,148575,0.0656,0.09,5.67,41273,21558,0.1451,12375744.66,12362897.54,96230.89,20511,2503,2486,0.0113,41.92,308.27,4.9,20,Completed,14,5756,15213,20969,488.99,0.37,6.46,Lead Generation,Excellent
145367,2024-08-07,LinkedIn,North America,Desktop,Returning,Education,Seasonal Promotion,Autumn,10253.87,7702.65,2238502,136792,0.0611,0.06,3.44,34671,17661,0.1291,7414837.0,7407134.35,96163.45,19431,4649,3286,0.0122,52.6,439.76,3.7,61,Completed,74,12616,4163,16779,398.65,13.98,2.44,Sales Growth,Excellent
101960,2025-01-07,YouTube,Middle East,Smart TV,Enterprise,Automobile,Sales,Holiday,9748.9,8157.62,2075841,200331,0.0965,0.04,3.93,54227,31964,0.1596,7833159.59,7825001.97,95922.61,38977,14220,3980,0.0275,23.88,109.53,3.8,3,Completed,18,25447,5282,30729,202.39,23.69,6.12,Retention,Excellent
129679,2025-02-05,TikTok,Asia Pacific,Smart TV,Returning,Automobile,Seasonal Promotion,Winter,6041.56,5843.79,1701867,138360,0.0813,0.04,3.43,45192,23409,0.1692,5611243.66,5605399.87,95920.62,16762,6499,2088,0.0149,64.86,452.81,4.6,95,Completed,57,5066,17243,22309,217.34,23.41,7.54,Sales Growth,Excellent
147633,2025-11-07,Facebook,Europe,Smart TV,Senior,Automobile,Seasonal Promotion,Winter,11498.91,10155.13,2497991,215195,0.0861,0.05,4.07,60943,29285,0.1361,9740032.22,9729877.09,95812.43,37528,12070,7134,0.0227,71.87,344.42,3.3,87,Completed,62,23928,2818,26746,345.79,28.41,1.92,Lead Generation,Excellent
85177,2025-05-07,Google Ads,South America,Smart TV,Returning,Beauty,Retention,Summer,5109.78,4211.12,2748659,181273,0.0659,0.02,1.53,51123,13019,0.0718,4037666.97,4033455.85,95781.07,19059,2498,3216,0.009,60.18,158.2,3.1,55,Completed,41,9264,3290,12554,255.29,25.83,4.94,Lead Generation,Excellent
11681,2023-07-05,TikTok,Africa,Tablet,Premium,Electronics,Sales,Winter,10163.26,9259.52,1927366,154218,0.08,0.06,4.8,40599,17604,0.1142,8867321.58,8858062.06,95664.38,28357,6921,4420,0.0206,51.72,532.1,4.4,55,Completed,70,3783,13553,17336,438.61,7.67,7.09,Lead Generation,Excellent
119170,2024-02-22,Twitter (X),Asia Pacific,Desktop,Enterprise,Finance,Sales,Summer,7224.65,5987.78,1682250,93685,0.0557,0.06,3.56,19719,9504,0.1014,5726414.7,5720426.92,95535.02,22092,6051,1947,0.0179,35.87,59.8,4.8,57,Completed,36,3971,5254,9225,482.11,21.6,2.68,Retention,Excellent
38627,2023-07-31,YouTube,South America,Smart TV,Enterprise,Beauty,Lead Generation,Festival,11715.3,10087.98,1501616,135528,0.0903,0.07,6.72,51091,21540,0.1589,9644833.33,9634745.35,95507.18,10500,2613,1830,0.01,41.72,484.7,4.0,47,Running,83,19044,722,19766,434.5,22.47,8.08,Sales Growth,Excellent
27001,2025-08-11,Facebook,Asia Pacific,Mobile,Returning,Beauty,Product Launch,Festival,10872.6,9608.82,1975938,163385,0.0827,0.06,4.86,41816,22508,0.1378,9176226.98,9166618.16,95397.96,27416,9487,1683,0.0195,41.71,31.89,3.2,60,Completed,23,8492,12156,20648,381.09,29.12,1.98,Brand Awareness,Excellent
131192,2023-04-28,Instagram,Middle East,Smart TV,Enterprise,Finance,Sales,Autumn,20200.36,17163.38,2585380,208661,0.0807,0.08,6.64,69805,30340,0.1454,16345195.1,16328031.72,95132.96,24676,5588,4626,0.0135,32.6,166.71,3.6,27,Completed,39,9512,19568,29080,472.88,1.99,9.12,Brand Awareness,Excellent
102276,2023-09-20,Twitter (X),Middle East,Smart TV,New,Automobile,Seasonal Promotion,Summer,9242.89,7137.47,2804074,224510,0.0801,0.03,2.55,77476,40556,0.1806,6763749.47,6756612.0,94663.96,15189,6033,1956,0.0083,64.54,65.53,3.4,20,Completed,36,13031,26227,39258,143.28,23.26,5.67,Lead Generation,Excellent
29762,2024-03-25,TikTok,North America,Desktop,Student,Education,Seasonal Promotion,Winter,5174.56,4651.79,1793366,159933,0.0892,0.03,2.59,31861,8615,0.0539,4400060.62,4395408.83,94488.55,24755,2692,1890,0.0164,71.2,275.5,3.0,83,Completed,26,765,7679,8444,455.57,16.84,8.66,Sales Growth,Excellent
138018,2025-05-11,TikTok,Asia Pacific,Smart TV,Returning,Food,App Promotion,Autumn,12866.19,11857.8,2262739,168842,0.0746,0.07,5.24,44584,19193,0.1137,11215126.34,11203268.54,94480.16,23945,8928,2644,0.0157,38.98,469.41,4.1,23,Completed,66,9523,8418,17941,494.36,27.6,9.99,Retention,Excellent
19754,2025-06-10,Facebook,Middle East,Mobile,Senior,Fashion,Retention,Autumn,12300.18,10326.76,1911866,135528,0.0709,0.08,5.4,45362,23771,0.1754,9762634.7,9752307.94,94437.25,24098,8531,2075,0.0182,69.18,445.63,4.0,93,Completed,87,15502,6314,21816,355.27,19.81,8.55,Lead Generation,Excellent
55273,2024-09-15,Instagram,North America,Desktop,Senior,Healthcare,Awareness,Summer,5986.43,5436.82,2987293,278983,0.0934,0.02,1.82,47396,23714,0.085,5135601.33,5130164.51,94359.65,13360,4837,928,0.0064,40.6,327.54,4.0,42,Completed,40,15014,8174,23188,184.81,10.48,2.37,Lead Generation,Excellent
108975,2024-03-06,TikTok,North America,Mobile,Senior,Automobile,App Promotion,Winter,8906.38,6928.29,2448753,152662,0.0623,0.05,2.83,45269,17955,0.1176,6531684.79,6524756.5,94175.57,15842,2042,1829,0.0081,37.34,176.77,2.9,62,Completed,78,3958,12342,16300,339.8,16.07,6.93,Retention,Excellent
81091,2023-07-14,TikTok,North America,Tablet,Premium,Education,Sales,Spring,10878.42,9060.06,2009933,170726,0.0849,0.05,4.51,49888,22895,0.1341,8487518.69,8478458.63,93580.6,13342,2285,2471,0.009,76.65,305.87,3.2,75,Running,21,1319,19829,21148,369.89,15.62,0.45,Sales Growth,Excellent
103983,2024-10-12,Facebook,North America,Tablet,Senior,Automobile,Seasonal Promotion,Festival,5693.06,4896.36,1231688,69250,0.0562,0.07,3.98,20872,10702,0.1545,4573150.13,4568253.77,93298.98,10439,3515,557,0.0118,41.62,374.12,3.9,27,Completed,71,5114,4587,9701,378.43,3.52,9.55,Brand Awareness,Excellent
50735,2023-01-31,YouTube,North America,Tablet,New,Real Estate,Product Launch,Festival,5458.51,5428.31,2529799,245119,0.0969,0.02,2.15,39873,17298,0.0706,5062133.54,5056705.23,93154.32,31690,5853,4040,0.0164,24.79,440.55,4.4,19,Completed,34,2668,14236,16904,246.54,7.36,6.88,Brand Awareness,Excellent
83293,2025-11-07,YouTube,Middle East,Tablet,Senior,Real Estate,Seasonal Promotion,Winter,11424.37,10422.75,2611127,227471,0.0871,0.05,3.99,70406,24919,0.1095,9712565.3,9702142.55,93086.21,31639,3821,1623,0.0142,26.06,250.12,4.1,19,Completed,59,6778,17715,24493,311.92,16.38,6.33,Retention,Excellent
51975,2025-08-16,TikTok,Africa,Smart TV,Student,Travel,Awareness,Spring,17964.43,15360.4,1782134,134491,0.0755,0.11,8.62,52840,29639,0.2204,14297097.32,14281736.92,92977.64,20350,2750,1753,0.0139,35.81,403.13,3.9,31,Completed,88,14258,12835,27093,409.35,6.26,0.28,Brand Awareness,Excellent
52763,2023-05-03,TikTok,Asia Pacific,Desktop,Student,Electronics,Sales,Autumn,14834.28,12036.35,2451441,243700,0.0994,0.05,4.91,46878,26502,0.1087,11139149.57,11127113.22,92445.91,47778,15491,4352,0.0276,67.13,427.24,4.4,18,Completed,74,6616,18299,24915,400.4,16.41,7.35,Sales Growth,Excellent
29851,2025-06-08,Facebook,Middle East,Tablet,Senior,Automobile,Sales,Autumn,6776.7,5448.35,1670855,113705,0.0681,0.05,3.26,33309,18326,0.1612,5041487.54,5036039.19,92432.37,30590,7989,4761,0.0259,41.25,277.25,4.7,12,Completed,70,4365,12439,16804,283.31,4.62,9.33,Sales Growth,Excellent
82363,2023-06-21,YouTube,South America,Smart TV,Senior,Beauty,Awareness,Festival,11453.06,10754.88,2882886,91306,0.0317,0.12,3.73,33298,16968,0.1858,9945146.04,9934391.16,92371.01,46609,12734,5345,0.0224,75.44,280.78,4.3,45,Running,66,9120,7012,16132,479.0,8.88,9.82,Brand Awareness,Excellent
469,2024-08-17,LinkedIn,Africa,Desktop,Enterprise,Real Estate,Retention,Summer,7345.7,5950.73,1397268,137765,0.0986,0.04,4.26,54572,28957,0.2102,5492917.49,5486966.76,92206.62,6357,1105,955,0.006,72.92,271.02,3.9,81,Completed,46,6713,20598,27311,198.46,28.21,6.53,Lead Generation,Excellent
65960,2024-06-09,TikTok,Middle East,Tablet,Senior,Food,Awareness,Autumn,19147.33,15117.22,1941640,164265,0.0846,0.09,7.79,59347,35236,0.2145,13937312.7,13922195.48,92094.95,28683,10657,1699,0.0211,54.7,221.93,4.1,14,Completed,50,12003,20801,32804,336.78,29.81,9.18,Sales Growth,Excellent
116980,2025-04-20,YouTube,Middle East,Smart TV,Student,Real Estate,Product Launch,Festival,10994.72,9084.23,2956211,83821,0.0284,0.11,3.07,30076,17382,0.2074,8363625.79,8354541.56,91967.53,8083,2203,1309,0.0039,34.92,104.65,4.6,77,Completed,26,8751,7178,15929,479.79,1.24,5.74,Sales Growth,Excellent
97749,2024-08-14,Facebook,Africa,Desktop,Senior,Fashion,Lead Generation,Autumn,9476.22,8539.28,2186600,169258,0.0774,0.05,3.91,54886,18284,0.108,7859844.54,7851305.26,91943.41,32295,7243,3952,0.0199,31.04,77.17,3.5,85,Completed,56,5875,11921,17796,392.66,7.82,6.18,Sales Growth,Excellent
11568,2023-12-22,TikTok,Asia Pacific,Mobile,Enterprise,Travel,Lead Generation,Summer,11463.29,9816.29,1438989,122473,0.0851,0.08,6.82,44614,25246,0.2061,8984109.67,8974293.38,91422.46,21079,8173,2244,0.0219,54.24,244.76,2.7,54,Completed,63,16077,8935,25012,288.02,8.47,4.42,Brand Awareness,Excellent
133223,2024-06-07,TikTok,South America,Desktop,Senior,Real Estate,Awareness,Autumn,7343.38,6771.11,1895589,151572,0.08,0.04,3.57,44718,16865,0.1113,6176914.29,6170143.18,91124.55,13225,3967,984,0.0096,38.52,236.7,3.1,97,Completed,21,6774,9370,16144,346.93,6.56,6.69,Brand Awareness,Excellent
53918,2024-09-01,LinkedIn,Europe,Smart TV,Enterprise,Travel,App Promotion,Autumn,8006.42,7417.46,2689665,119006,0.0442,0.06,2.76,28258,13666,0.1148,6745877.1,6738459.64,90845.92,49354,18461,7503,0.028,33.51,545.44,4.3,27,Completed,37,3968,9135,13103,439.23,24.28,3.05,Retention,Excellent
106562,2025-03-26,Twitter (X),North America,Smart TV,Enterprise,Education,Seasonal Promotion,Spring,6214.92,5970.84,1856100,127913,0.0689,0.05,3.22,25259,12641,0.0988,5426551.12,5420580.28,90784.22,24104,8076,3388,0.0192,77.9,108.46,4.9,72,Completed,85,6829,5545,12374,373.95,5.64,7.71,Lead Generation,Excellent
100887,2023-04-08,TikTok,South America,Mobile,Senior,Real Estate,Lead Generation,Spring,5135.75,5039.1,2648560,120185,0.0454,0.04,1.9,21602,8653,0.072,4571504.55,4566465.45,90620.66,48287,18540,4543,0.0269,52.61,218.88,3.0,41,Completed,70,5889,1918,7807,478.71,8.8,3.17,Lead Generation,Excellent
70767,2023-05-23,Twitter (X),Asia Pacific,Smart TV,New,Food,Retention,Festival,5890.03,4867.92,1429420,122964,0.086,0.04,3.41,38842,9637,0.0784,4414925.35,4410057.43,90594.29,12116,3243,2401,0.0124,24.04,108.31,3.7,29,Completed,80,8670,698,9368,421.58,29.01,8.35,Brand Awareness,Excellent
103157,2025-03-11,Google Ads,Africa,Smart TV,Premium,Travel,Sales,Holiday,12105.51,11205.63,1084905,87095,0.0803,0.13,10.33,32901,19661,0.2257,10143687.69,10132482.06,90423.14,3622,1070,637,0.0049,77.97,213.71,4.6,24,Completed,64,371,19276,19647,421.56,10.32,6.42,Brand Awareness,Excellent
55297,2023-04-01,Instagram,Europe,Smart TV,Premium,Real Estate,Retention,Autumn,20965.45,20363.56,2836185,261620,0.0922,0.08,7.18,80473,38430,0.1469,18377906.52,18357542.96,90148.99,23678,8737,2322,0.0122,22.12,261.53,4.3,48,Running,61,17634,17060,34694,425.76,13.38,8.85,Sales Growth,Excellent
73558,2023-09-18,Google Ads,North America,Smart TV,Returning,Food,App Promotion,Spring,6991.09,6080.2,1404796,138977,0.0989,0.04,4.33,18948,10583,0.0761,5484476.94,5478396.74,90102.25,25466,8752,4706,0.0277,48.05,88.44,4.6,46,Completed,45,6088,4078,10166,429.15,21.39,2.41,Lead Generation,Excellent
74081,2025-08-22,YouTube,Asia Pacific,Desktop,Premium,Healthcare,App Promotion,Spring,5293.02,4227.66,2858776,139736,0.0489,0.03,1.48,51842,14933,0.1069,3810074.57,3805846.91,90022.54,25886,3330,3695,0.0115,22.02,313.1,4.9,44,Completed,11,948,12794,13742,271.16,20.66,7.06,Brand Awareness,Excellent
16823,2024-12-01,Twitter (X),Asia Pacific,Mobile,Student,Fashion,Seasonal Promotion,Festival,6313.72,5183.15,1879756,147516,0.0785,0.04,2.76,22011,11485,0.0779,4669830.17,4664647.02,89996.37,29370,8446,4067,0.0223,36.73,326.91,3.3,91,Completed,26,6568,4858,11426,404.32,17.89,8.97,Retention,Excellent
47320,2025-04-17,LinkedIn,South America,Mobile,Senior,Finance,Awareness,Autumn,10345.33,9800.85,1816830,145556,0.0801,0.07,5.39,39954,18961,0.1303,8810641.73,8800840.88,89796.71,11386,3176,2065,0.0092,47.11,359.86,4.1,78,Completed,7,11304,7357,18661,458.84,28.77,8.11,Brand Awareness,Excellent
117959,2025-02-14,Google Ads,Middle East,Smart TV,Enterprise,Travel,Awareness,Holiday,36368.12,29216.89,2910550,223244,0.0767,0.13,10.04,84338,50430,0.2259,26204295.31,26175078.42,89588.86,8790,1598,1465,0.0041,70.01,588.51,4.1,97,Completed,87,39653,10147,49800,486.62,20.97,9.62,Lead Generation,Excellent
633,2025-02-17,YouTube,Europe,Desktop,New,Finance,Seasonal Promotion,Holiday,12272.81,12204.63,2330691,202607,0.0869,0.06,5.24,66519,39389,0.1944,10906287.34,10894082.71,89261.88,7717,1838,774,0.0044,38.86,575.68,3.7,59,Completed,44,5912,29650,35562,294.39,20.13,1.38,Lead Generation,Excellent
134141,2025-08-01,Instagram,South America,Smart TV,Returning,Fashion,Lead Generation,Winter,5625.45,5585.25,2971460,247946,0.0834,0.02,1.88,67278,37641,0.1518,4986516.27,4980931.02,89180.09,50972,13034,4783,0.0231,24.08,435.8,3.0,69,Completed,28,11711,22900,34611,116.3,26.13,5.68,Lead Generation,Excellent
112529,2023-04-04,YouTube,South America,Mobile,New,Travel,Sales,Winter,10278.46,8003.1,1744315,135737,0.0778,0.06,4.59,40714,20273,0.1494,7138675.56,7130672.46,89098.88,31519,12153,5634,0.0283,52.32,597.86,4.5,62,Completed,21,14165,6066,20231,289.65,3.33,4.43,Lead Generation,Excellent
99228,2023-02-26,Google Ads,Africa,Smart TV,Premium,Electronics,App Promotion,Summer,13398.26,10075.02,1697413,131826,0.0777,0.08,5.94,37186,16830,0.1277,8981966.74,8971891.72,89050.86,21394,7096,2464,0.0182,35.2,524.08,4.6,10,Completed,53,12590,3142,15732,461.52,14.36,2.63,Sales Growth,Excellent
118813,2023-05-10,TikTok,Middle East,Desktop,New,Electronics,Seasonal Promotion,Summer,6595.96,6264.7,1106661,53670,0.0485,0.12,5.66,20814,11436,0.2131,5569454.25,5563189.55,88802.17,14189,3482,2230,0.018,73.9,461.7,3.5,97,Completed,54,10015,1140,11155,475.0,19.0,7.93,Retention,Excellent
129086,2025-07-19,Instagram,Africa,Desktop,Enterprise,Real Estate,App Promotion,Spring,15911.99,12421.45,1536346,149358,0.0972,0.08,8.09,56815,27158,0.1818,11000691.38,10988269.93,88462.05,11942,1666,2303,0.0104,76.75,478.61,3.0,39,Completed,26,9767,17038,26805,317.74,12.81,6.73,Lead Generation,Excellent
127399,2023-10-11,Facebook,North America,Smart TV,Premium,Food,Lead Generation,Spring,26768.51,22030.86,2860537,244427,0.0854,0.09,7.7,72970,42950,0.1757,19500550.54,19478519.68,88414.7,32623,12430,6078,0.0179,39.67,595.68,3.0,63,Running,36,33724,5781,39505,404.9,28.48,2.65,Sales Growth,Excellent
126903,2024-08-05,TikTok,North America,Tablet,Returning,Beauty,App Promotion,Spring,8739.3,7418.08,1239640,110823,0.0894,0.07,5.98,39597,22582,0.2038,6548016.85,6540598.77,88171.05,13022,3825,1116,0.0145,56.46,375.74,2.8,50,Completed,70,20672,1409,22081,242.25,25.37,7.31,Retention,Excellent
127108,2024-09-02,Twitter (X),North America,Smart TV,New,Finance,Product Launch,Autumn,18070.35,13702.31,2781496,119771,0.0431,0.11,4.93,43530,21178,0.1768,12080962.66,12067260.35,88067.34,6341,2091,409,0.0032,54.06,452.54,4.6,91,Completed,30,9092,11535,20627,483.86,24.95,1.86,Lead Generation,Excellent
45731,2024-12-04,Google Ads,Africa,Desktop,New,Education,App Promotion,Festival,6248.33,6064.34,2174664,137482,0.0632,0.04,2.79,32887,10801,0.0786,5338855.21,5332790.87,87936.87,29967,8304,5136,0.02,37.94,54.66,4.9,70,Completed,33,7276,3514,10790,468.79,11.53,4.9,Retention,Excellent
123584,2025-01-29,Twitter (X),North America,Desktop,Returning,Beauty,Lead Generation,Spring,16682.49,12691.8,2872011,270432,0.0942,0.05,4.42,65635,21793,0.0806,11138026.75,11125334.95,87657.66,28572,5090,1863,0.0124,45.68,165.92,4.9,58,Running,8,2939,17751,20690,435.96,3.09,2.23,Brand Awareness,Excellent
110070,2025-03-25,Twitter (X),Middle East,Tablet,Senior,Fashion,Product Launch,Autumn,9303.55,7877.34,1704164,153017,0.0898,0.05,4.62,32809,14670,0.0959,6899372.78,6891495.44,87485.06,10064,1464,789,0.0072,21.07,324.88,4.7,4,Completed,68,5365,8138,13503,483.02,6.71,4.17,Lead Generation,Excellent
19646,2025-05-18,Twitter (X),North America,Desktop,Enterprise,Travel,App Promotion,Winter,8316.69,6913.84,1383275,114484,0.0828,0.06,5.0,43590,20371,0.1779,6045988.84,6039075.0,87347.62,10031,3572,955,0.0105,69.58,260.18,3.1,33,Completed,18,13977,5380,19357,242.68,9.41,2.46,Lead Generation,Excellent
123816,2024-06-15,Google Ads,North America,Desktop,Enterprise,Real Estate,Retention,Spring,7407.57,6016.7,2895769,105111,0.0363,0.06,2.08,32629,11283,0.1073,5257764.1,5251747.4,87286.18,54580,19783,5546,0.0276,66.82,558.72,3.2,87,Completed,42,10460,3,10463,494.78,5.62,8.44,Brand Awareness,Excellent
76859,2024-06-16,Facebook,Middle East,Desktop,Senior,Beauty,App Promotion,Holiday,15220.12,11540.69,2552035,236445,0.0926,0.05,4.52,78557,24336,0.1029,10072121.88,10060581.19,87174.87,37237,13314,3306,0.0211,68.15,512.02,3.0,23,Completed,12,21571,2665,24236,352.6,13.72,6.27,Sales Growth,Excellent
123397,2025-07-30,Facebook,Europe,Desktop,Enterprise,Automobile,App Promotion,Spring,15908.09,15563.47,2281069,192576,0.0844,0.08,6.82,50565,29748,0.1545,13575151.4,13559587.93,87124.45,44794,9240,6208,0.0264,71.64,263.01,3.8,64,Completed,22,8129,20896,29025,392.04,4.31,7.65,Brand Awareness,Excellent
122653,2023-03-24,TikTok,Africa,Smart TV,Senior,Food,App Promotion,Festival,7954.98,7594.97,1961024,188102,0.0959,0.04,3.87,63549,17107,0.0909,6616450.69,6608855.72,87016.22,30325,4477,1607,0.0186,39.51,166.69,4.5,70,Completed,33,9456,6068,15524,388.56,1.73,3.01,Lead Generation,Excellent
16946,2025-10-09,YouTube,Asia Pacific,Tablet,Enterprise,Beauty,Sales,Autumn,13587.01,11617.9,2931525,184403,0.0629,0.06,3.96,51897,24067,0.1305,10095062.26,10083444.36,86792.31,17155,5883,2437,0.0087,23.87,46.4,3.0,12,Completed,24,16048,7013,23061,371.45,5.15,1.32,Lead Generation,Excellent
126773,2023-04-16,TikTok,Asia Pacific,Mobile,Enterprise,Education,Awareness,Autumn,17396.88,14309.73,2724377,172891,0.0635,0.08,5.25,55688,22875,0.1323,12424360.72,12410050.99,86724.56,27984,9652,4998,0.0156,32.31,325.75,4.9,77,Completed,62,3257,18947,22204,446.01,26.59,4.08,Sales Growth,Excellent
30988,2025-05-11,LinkedIn,Africa,Tablet,Premium,Automobile,Seasonal Promotion,Festival,14922.59,14696.27,2170982,161616,0.0744,0.09,6.77,44450,24393,0.1509,12755787.02,12741090.75,86696.09,23414,8690,1195,0.0153,60.19,405.22,2.7,91,Completed,37,13801,9799,23600,476.56,29.28,7.22,Sales Growth,Excellent
84424,2023-01-21,YouTube,South America,Desktop,New,Automobile,App Promotion,Autumn,7502.52,6867.27,1850780,183504,0.0992,0.04,3.71,41984,13522,0.0737,5959330.09,5952462.82,86678.74,8874,2601,1009,0.0067,24.19,446.24,4.1,100,Completed,32,2456,10533,12989,430.25,3.75,5.85,Sales Growth,Excellent
37895,2025-02-19,YouTube,Europe,Mobile,Senior,Automobile,Awareness,Summer,9105.95,8642.85,2722874,107610,0.0395,0.08,3.17,37938,16498,0.1533,7484691.64,7476048.79,86499.81,42471,5791,7534,0.0205,26.55,271.35,3.7,88,Completed,40,3371,12381,15752,462.49,0.58,9.02,Lead Generation,Excellent
59158,2023-07-17,Instagram,Africa,Mobile,Enterprise,Finance,Product Launch,Winter,8918.95,6802.77,2071757,133088,0.0642,0.05,3.28,49664,24823,0.1865,5868604.43,5861801.66,86167.86,28321,10879,2767,0.0203,43.84,123.95,4.2,69,Completed,32,12844,11680,24524,228.18,19.49,1.74,Sales Growth,Excellent
111602,2023-08-04,YouTube,Asia Pacific,Smart TV,Premium,Beauty,Seasonal Promotion,Festival,6371.54,6193.78,2171586,70523,0.0325,0.09,2.85,21051,12455,0.1766,5327298.37,5321104.59,85910.46,32837,8751,1706,0.0199,66.85,394.47,4.0,49,Completed,67,10940,888,11828,348.74,13.03,8.71,Lead Generation,Excellent
11395,2024-03-29,YouTube,Europe,Smart TV,Senior,Beauty,Retention,Autumn,9526.74,7792.07,1844126,155009,0.0841,0.05,4.23,26660,15253,0.0984,6674241.13,6666449.06,85554.28,15191,4814,1095,0.0114,29.68,388.35,4.3,93,Completed,49,9654,4763,14417,379.89,14.94,8.29,Lead Generation,Excellent
51913,2023-10-20,Twitter (X),Africa,Mobile,Student,Electronics,Sales,Autumn,9925.66,9705.04,1737844,157820,0.0908,0.06,5.58,30897,15697,0.0995,8304543.33,8294838.29,85469.39,23029,4743,4516,0.0186,57.32,575.91,2.9,7,Completed,81,15100,420,15520,455.43,11.76,4.1,Brand Awareness,Excellent
64193,2024-11-07,LinkedIn,North America,Desktop,Premium,Healthcare,Sales,Spring,5805.68,5192.13,2048205,154121,0.0752,0.03,2.53,41564,14328,0.093,4437177.87,4431985.74,85359.68,27745,6208,4641,0.0188,49.38,80.62,3.4,86,Completed,52,11646,2523,14169,296.93,2.27,5.4,Brand Awareness,Excellent
43183,2024-03-13,Facebook,Middle East,Desktop,Student,Automobile,Sales,Winter,6673.5,5565.36,2972578,201125,0.0677,0.03,1.87,47863,19211,0.0955,4740806.88,4735241.52,85084.19,7930,1757,886,0.0036,20.97,281.49,3.6,4,Completed,10,6651,12492,19143,215.93,9.75,0.36,Sales Growth,Excellent
149039,2025-04-20,Facebook,Africa,Tablet,Returning,Automobile,Seasonal Promotion,Summer,11194.11,10932.41,2790854,140770,0.0504,0.08,3.92,33857,19504,0.1386,9308413.7,9297481.29,85045.12,12547,4135,1365,0.0065,78.02,166.27,3.3,32,Completed,26,6251,11786,18037,451.05,4.26,5.45,Brand Awareness,Excellent
80940,2024-02-15,Instagram,South America,Desktop,New,Travel,Product Launch,Summer,8686.43,7454.24,1849099,119857,0.0648,0.06,4.03,33313,11786,0.0983,6339467.5,6332013.26,84945.12,32725,3830,4954,0.0224,74.3,131.89,3.4,53,Completed,33,3120,8041,11161,499.25,11.09,7.35,Retention,Excellent
115373,2025-09-13,Facebook,Europe,Mobile,Senior,Healthcare,Retention,Holiday,9238.94,7774.65,2284266,215428,0.0943,0.04,3.4,53231,16073,0.0746,6611167.01,6603392.36,84934.91,35362,12714,5792,0.0236,68.47,495.82,3.3,91,Completed,10,8745,6782,15527,413.78,8.04,9.28,Lead Generation,Excellent
130598,2025-11-08,Facebook,Europe,Tablet,Enterprise,Finance,App Promotion,Festival,8828.09,8243.74,2395569,111775,0.0467,0.07,3.44,40953,23009,0.2059,6947174.92,6938931.18,84172.13,32768,6987,6222,0.0192,50.0,551.01,4.5,76,Completed,68,10196,10925,21121,274.33,20.66,8.2,Retention,Excellent
5945,2024-12-14,LinkedIn,South America,Mobile,Senior,Fashion,App Promotion,Spring,7139.97,5555.14,2719537,81776,0.0301,0.07,2.04,27128,16152,0.1975,4674790.38,4669235.24,84052.52,53642,21090,7280,0.0302,52.58,370.42,3.4,69,Completed,24,9442,5985,15427,238.48,11.19,5.0,Brand Awareness,Excellent
51590,2024-09-19,Twitter (X),Middle East,Desktop,Student,Healthcare,Sales,Spring,14808.92,14105.3,2869612,231552,0.0807,0.06,4.92,72455,30444,0.1315,11855210.24,11841104.94,83947.91,14539,5583,2683,0.0079,59.38,279.54,2.6,50,Completed,48,5803,22332,28135,393.25,29.64,7.14,Lead Generation,Excellent
75736,2024-08-13,Google Ads,Middle East,Desktop,New,Automobile,Product Launch,Autumn,5384.21,5191.88,2897893,214701,0.0741,0.02,1.79,27109,13158,0.0613,4346537.23,4341345.35,83617.98,19317,4380,2716,0.0091,60.09,173.9,4.8,54,Completed,17,8799,4227,13026,274.2,4.66,9.14,Retention,Excellent
146908,2024-09-03,Twitter (X),Africa,Desktop,New,Healthcare,App Promotion,Autumn,8492.57,7865.32,1853224,107932,0.0582,0.07,4.24,35614,17869,0.1656,6578891.47,6571026.15,83544.3,4954,645,853,0.0035,50.1,510.23,4.7,73,Completed,17,15324,1461,16785,327.56,10.73,1.93,Brand Awareness,Excellent
135546,2025-02-24,Facebook,Middle East,Tablet,Returning,Travel,Product Launch,Summer,14352.68,11628.66,1423728,141501,0.0994,0.08,8.17,55480,20647,0.1459,9705480.56,9693851.9,83361.73,7722,2528,1527,0.0083,75.2,34.01,4.5,34,Completed,39,10403,9564,19967,391.88,3.84,7.56,Lead Generation,Excellent
84001,2023-03-21,Facebook,Middle East,Smart TV,Student,Real Estate,Product Launch,Autumn,11071.68,9657.05,872517,80498,0.0923,0.12,11.07,27900,14494,0.1801,8048454.94,8038797.89,83242.79,4296,1320,547,0.0071,44.96,485.38,4.5,91,Completed,9,10813,3004,13817,486.59,14.43,3.51,Sales Growth,Excellent
69471,2024-06-12,Google Ads,Africa,Smart TV,Senior,Beauty,Retention,Spring,7226.9,6087.55,2681539,230498,0.086,0.03,2.27,48761,16002,0.0694,5073528.08,5067440.53,83242.69,23531,6655,1633,0.0119,28.51,414.74,4.1,94,Completed,14,8198,6978,15176,291.71,14.2,3.55,Lead Generation,Excellent
131305,2023-10-28,Twitter (X),Asia Pacific,Tablet,New,Fashion,Awareness,Spring,5378.95,4617.94,2113262,163363,0.0773,0.03,2.19,50575,10793,0.0661,3848113.86,3843495.92,83229.66,11247,3256,1140,0.0074,75.51,272.1,3.1,17,Completed,88,1712,8224,9936,316.21,7.0,2.47,Lead Generation,Excellent
31837,2023-12-19,TikTok,Africa,Mobile,Senior,Fashion,Lead Generation,Holiday,9446.73,8327.29,2702804,268517,0.0993,0.03,3.08,86133,39065,0.1455,6933185.38,6924858.09,83158.6,52564,5896,4571,0.0233,27.82,75.63,4.8,62,Running,40,19203,19749,38952,164.86,11.44,7.17,Lead Generation,Excellent
111959,2023-12-26,YouTube,South America,Tablet,Student,Healthcare,Sales,Summer,6084.14,5501.33,2180515,113476,0.052,0.05,2.52,28109,10823,0.0954,4568913.48,4563412.15,82951.07,24038,5070,2580,0.0145,46.94,476.81,5.0,42,Completed,12,1674,8149,9823,416.88,22.64,9.91,Lead Generation,Excellent
83150,2023-11-25,Facebook,Middle East,Desktop,New,Fashion,Sales,Winter,8417.3,8228.46,2912505,201734,0.0693,0.04,2.83,45126,18275,0.0906,6825353.87,6817125.41,82848.13,49296,14048,9686,0.0251,49.41,507.27,3.3,25,Completed,44,11284,5233,16517,319.86,19.34,0.26,Lead Generation,Excellent
141397,2025-02-12,Google Ads,South America,Tablet,Student,Travel,Retention,Festival,14203.77,10879.48,1940246,89442,0.0461,0.12,5.61,31518,16785,0.1877,8985531.91,8974652.43,82491.56,6253,2278,1069,0.0049,61.59,302.37,3.9,66,Completed,70,9724,6616,16340,442.23,0.4,6.8,Sales Growth,Excellent
9383,2023-02-24,Facebook,Europe,Mobile,Enterprise,Healthcare,Product Launch,Spring,12570.25,9682.17,2459703,216552,0.088,0.04,3.94,39729,17180,0.0793,7981423.37,7971741.2,82334.24,8500,3029,1407,0.0053,78.74,138.33,4.2,52,Running,61,5710,10201,15911,414.73,12.05,8.47,Lead Generation,Excellent
92631,2024-08-04,LinkedIn,Middle East,Smart TV,Returning,Travel,App Promotion,Autumn,17173.91,14889.63,2680287,138136,0.0515,0.11,5.56,49936,25097,0.1817,12264739.24,12249849.61,82271.01,32862,5416,3264,0.0155,37.24,226.4,3.5,79,Completed,73,6054,17151,23205,427.41,27.9,6.51,Retention,Excellent
124092,2023-11-30,Instagram,South America,Tablet,New,Travel,Lead Generation,Autumn,6299.7,5452.7,2662311,120548,0.0453,0.05,2.05,37285,12288,0.1019,4448502.61,4443049.91,81483.48,14795,3509,1040,0.0073,21.4,495.21,4.9,5,Completed,79,8606,2814,11420,307.6,15.27,3.44,Retention,Excellent
75776,2023-09-10,Twitter (X),Asia Pacific,Smart TV,Student,Real Estate,Product Launch,Autumn,7817.64,7413.69,2978961,215974,0.0725,0.03,2.49,36059,13065,0.0605,6046514.57,6039100.88,81458.77,56446,22284,7206,0.0288,54.14,433.69,2.6,38,Completed,68,7482,5375,12857,428.33,17.05,1.59,Retention,Excellent
111442,2023-10-16,Facebook,South America,Tablet,Enterprise,Finance,App Promotion,Winter,14232.1,14187.28,2663241,253417,0.0952,0.06,5.33,75599,40844,0.1612,11570775.89,11556588.61,81457.39,46588,15859,4441,0.0251,26.37,480.74,3.3,56,Completed,31,25195,13483,38678,267.7,7.32,4.04,Brand Awareness,Excellent
36873,2025-10-14,Facebook,South America,Desktop,Returning,Food,Product Launch,Autumn,13700.35,12262.95,2362155,225616,0.0955,0.05,5.19,76033,31011,0.1375,9992548.04,9980285.09,81385.68,19979,5795,3389,0.0123,74.79,461.04,3.4,64,Completed,8,13517,16726,30243,272.2,24.48,2.6,Sales Growth,Excellent
63652,2024-09-12,YouTube,Asia Pacific,Smart TV,Premium,Beauty,Awareness,Autumn,17412.32,15988.53,1541885,149663,0.0971,0.11,10.37,57485,27089,0.181,12993539.99,12977551.46,81167.88,18864,2688,3207,0.0161,34.74,153.22,3.8,67,Completed,74,8787,17452,26239,388.4,21.32,3.95,Brand Awareness,Excellent
58115,2024-12-17,Google Ads,Asia Pacific,Tablet,New,Fashion,Lead Generation,Autumn,5176.82,4532.93,1653919,143609,0.0868,0.03,2.74,38270,9241,0.0643,3680337.93,3675805.0,81091.15,5079,1373,555,0.0042,36.93,69.58,4.6,16,Completed,85,7776,946,8722,371.61,24.5,1.53,Brand Awareness,Excellent
149999,2025-02-19,Instagram,North America,Tablet,Returning,Automobile,Product Launch,Holiday,6999.46,5810.85,2521862,224040,0.0888,0.03,2.3,39681,17624,0.0787,4714170.99,4708360.14,81027.05,27443,4699,2483,0.0137,25.47,175.63,3.6,98,Completed,54,3421,12930,16351,259.95,5.7,1.54,Brand Awareness,Excellent
105418,2023-10-14,Facebook,North America,Smart TV,Premium,Automobile,Awareness,Festival,8724.21,6630.86,2709804,237719,0.0877,0.03,2.45,49655,15493,0.0652,5371401.09,5364770.23,80906.1,38532,6961,7129,0.0194,41.51,482.82,4.8,69,Completed,66,6646,8548,15194,280.68,27.85,8.16,Lead Generation,Excellent
29976,2023-05-14,YouTube,Middle East,Desktop,New,Travel,Product Launch,Holiday,5365.52,5211.34,1007889,60756,0.0603,0.09,5.17,17993,8103,0.1334,4216295.54,4211084.2,80806.17,5694,2189,536,0.0084,23.63,223.38,3.6,3,Completed,24,4426,3512,7938,494.64,5.27,3.03,Lead Generation,Excellent
81072,2023-05-24,Facebook,Middle East,Mobile,New,Real Estate,Sales,Holiday,8650.84,7833.58,2383383,218776,0.0918,0.04,3.29,37127,15912,0.0727,6290777.86,6282944.28,80205.27,47548,5027,8627,0.0257,35.86,456.29,2.9,98,Running,47,1436,13895,15331,328.86,13.64,9.42,Lead Generation,Excellent
104874,2024-08-17,Google Ads,North America,Tablet,Enterprise,Education,Lead Generation,Holiday,11892.72,9087.06,2603891,150043,0.0576,0.06,3.49,58144,27449,0.1829,7290936.9,7281849.84,80134.28,16902,6255,2679,0.0099,66.17,435.05,4.9,39,Completed,39,9721,15937,25658,218.93,19.44,3.47,Lead Generation,Excellent
89332,2023-05-17,Instagram,South America,Mobile,Premium,Travel,Lead Generation,Autumn,12286.96,9846.69,1906640,157291,0.0825,0.06,5.16,28403,16643,0.1058,7864454.37,7854607.68,79769.02,33405,5714,4152,0.0227,64.78,368.24,3.4,33,Completed,37,5949,10215,16164,485.3,8.33,9.5,Brand Awareness,Excellent
128379,2024-07-31,Google Ads,Europe,Tablet,New,Travel,Lead Generation,Autumn,9360.05,7045.99,2028935,133954,0.066,0.05,3.47,34998,11123,0.083,5607914.89,5600868.9,79490.16,27470,7960,4802,0.0198,27.46,233.36,3.9,95,Completed,69,10971,92,11063,435.52,0.16,3.7,Brand Awareness,Excellent
132177,2024-05-26,YouTube,South America,Smart TV,Student,Beauty,Product Launch,Festival,7080.06,6645.56,1951602,172035,0.0882,0.04,3.41,55316,13704,0.0797,5286022.6,5279377.04,79442.17,33620,4004,3702,0.0212,56.44,226.76,3.1,66,Completed,60,5470,8140,13610,306.69,4.31,5.07,Retention,Excellent
97825,2025-09-04,Facebook,Africa,Mobile,Premium,Electronics,Sales,Summer,15815.32,13372.93,2288528,187833,0.0821,0.07,5.84,73731,16748,0.0892,10583054.22,10569681.29,79037.89,30594,11434,4855,0.0205,50.59,33.23,3.0,18,Completed,8,13355,3048,16403,499.35,17.41,1.85,Sales Growth,Excellent
54428,2023-09-05,YouTube,Asia Pacific,Tablet,Enterprise,Education,Retention,Festival,28239.21,23523.6,2905795,168773,0.0581,0.14,8.1,64112,37649,0.2231,18584932.66,18561409.06,78905.48,53736,11829,9207,0.0257,29.85,534.7,3.0,24,Completed,81,28745,6448,35193,451.48,8.81,5.72,Sales Growth,Excellent
146612,2025-03-30,YouTube,Europe,Smart TV,New,Fashion,Lead Generation,Festival,17223.37,15945.51,1775961,120674,0.0679,0.13,8.98,46407,20634,0.171,12574652.48,12558706.97,78760.15,5947,865,658,0.0042,43.63,512.34,2.7,64,Completed,41,4649,15401,20050,486.78,28.04,1.5,Retention,Excellent
67379,2024-09-28,Instagram,Middle East,Desktop,Returning,Electronics,Retention,Summer,24367.87,18451.89,2793890,265312,0.095,0.07,6.6,71171,33860,0.1276,14523823.87,14505371.98,78611.85,47728,10922,6587,0.0233,42.7,288.15,3.9,79,Completed,50,30934,435,31369,434.01,19.24,2.77,Brand Awareness,Excellent
121452,2023-11-18,Google Ads,Asia Pacific,Tablet,Premium,Real Estate,Awareness,Autumn,15697.67,12108.36,2438475,195238,0.0801,0.06,4.97,70091,20415,0.1046,9526460.12,9514351.76,78576.72,33587,3907,3215,0.0167,54.81,225.45,4.2,42,Completed,25,4693,13885,18578,421.18,23.26,1.45,Brand Awareness,Excellent
60824,2025-10-25,Facebook,Africa,Desktop,New,Automobile,App Promotion,Autumn,8902.73,7579.23,1052441,94746,0.09,0.08,7.2,34051,15339,0.1619,5949742.93,5942163.7,78400.63,2223,223,274,0.0026,73.03,475.86,4.7,9,Completed,74,3779,10704,14483,398.82,2.5,4.69,Sales Growth,Excellent
17995,2024-08-04,Twitter (X),Africa,Tablet,Senior,Education,Sales,Winter,18340.61,14368.3,2923648,291726,0.0998,0.05,4.91,98085,24568,0.0842,11276239.41,11261871.11,78379.98,19409,5522,3021,0.0096,31.18,440.07,3.6,92,Completed,77,4246,18457,22703,462.51,0.84,7.04,Retention,Excellent
98308,2023-07-07,YouTube,South America,Desktop,Returning,Real Estate,Product Launch,Winter,36764.16,31574.34,2758735,241876,0.0877,0.13,11.45,92773,53131,0.2197,24754959.18,24723384.84,78302.14,51752,18045,7858,0.0281,66.32,80.69,3.2,80,Running,76,7904,43742,51646,394.86,18.73,7.38,Sales Growth,Excellent
30881,2025-02-15,TikTok,North America,Smart TV,Returning,Food,Awareness,Summer,10327.99,9202.36,1642879,85844,0.0523,0.11,5.6,31203,15583,0.1815,7207688.99,7198486.63,78224.35,13559,2330,1022,0.0103,35.57,465.18,3.2,5,Completed,82,3370,10820,14190,403.49,15.28,1.56,Retention,Excellent
30388,2023-07-19,Twitter (X),Africa,Mobile,Senior,Education,Product Launch,Spring,14604.1,11597.06,2483714,159308,0.0641,0.07,4.67,58800,26184,0.1644,9083141.57,9071544.51,78222.8,29789,6306,5816,0.0169,24.71,444.14,2.7,88,Completed,72,22953,1706,24659,287.85,7.67,9.61,Lead Generation,Excellent
124338,2023-11-10,Google Ads,Europe,Smart TV,Senior,Electronics,App Promotion,Festival,16961.5,16598.06,2630662,246543,0.0937,0.07,6.31,69273,30132,0.1222,12999672.33,12983074.27,78220.43,9235,1599,931,0.0045,33.18,525.45,4.0,85,Running,90,21653,6701,28354,384.89,29.97,5.08,Sales Growth,Excellent
76484,2025-02-03,YouTube,Europe,Smart TV,Returning,Education,App Promotion,Autumn,10223.95,7709.66,2018159,86962,0.0431,0.09,3.82,18581,10685,0.1229,6037772.42,6030062.76,78214.38,36889,7368,4604,0.0242,69.09,295.86,4.8,21,Completed,64,430,9322,9752,488.79,11.96,1.57,Sales Growth,Excellent
145305,2023-10-31,Instagram,Europe,Mobile,Student,Automobile,Retention,Festival,8867.07,7663.52,2688131,225632,0.0839,0.03,2.85,47134,11490,0.0509,5966498.37,5958834.85,77755.85,44012,6512,5946,0.021,33.33,161.85,3.2,90,Completed,66,10472,122,10594,440.62,24.74,1.98,Lead Generation,Excellent
41682,2024-01-14,Google Ads,Asia Pacific,Tablet,Senior,Education,Sales,Autumn,16031.1,14922.13,2440269,239865,0.0983,0.06,6.11,53768,25967,0.1083,11596200.15,11581278.02,77611.43,47906,5986,6556,0.0248,68.17,40.96,3.8,64,Completed,8,456,23519,23975,424.62,11.64,1.45,Lead Generation,Excellent
2602,2024-07-16,LinkedIn,Asia Pacific,Tablet,Student,Healthcare,Sales,Summer,10587.85,10057.47,1749542,145094,0.0829,0.07,5.75,36592,16939,0.1167,7815546.76,7805489.29,77608.87,13885,2551,794,0.0098,64.63,361.31,4.3,8,Completed,88,15440,1444,16884,409.16,23.67,4.37,Lead Generation,Excellent
22141,2025-10-19,Facebook,Middle East,Smart TV,New,Travel,Product Launch,Holiday,8623.27,8268.19,1891245,156639,0.0828,0.05,4.37,54116,23734,0.1515,6412479.52,6404211.33,77456.03,34451,10841,1953,0.025,30.2,101.49,4.7,88,Completed,59,1888,21350,23238,226.87,14.87,1.58,Retention,Excellent
28379,2025-06-22,Instagram,Middle East,Mobile,Student,Fashion,Retention,Holiday,5182.42,4466.62,1211537,75764,0.0625,0.06,3.69,12304,6787,0.0896,3453406.31,3448939.69,77215.87,20182,7064,2949,0.0249,60.69,378.51,2.6,90,Completed,49,4322,2099,6421,442.57,26.56,1.46,Brand Awareness,Excellent
86014,2024-12-24,YouTube,Middle East,Smart TV,Senior,Electronics,Awareness,Festival,11102.85,9064.12,2830686,263111,0.0929,0.03,3.2,91494,46394,0.1763,6993627.04,6984562.92,77057.26,24431,3866,4500,0.0116,51.94,459.29,3.9,88,Completed,27,21003,22745,43748,154.11,27.06,8.83,Brand Awareness,Excellent
15049,2023-01-18,YouTube,Africa,Desktop,Enterprise,Electronics,Lead Generation,Summer,5519.86,4438.58,2176100,170122,0.0782,0.03,2.04,30466,11110,0.0653,3421335.16,3416896.58,76981.75,25738,5698,3739,0.0162,54.74,392.66,4.3,26,Completed,60,4462,6254,10716,297.84,15.76,5.14,Lead Generation,Excellent
92325,2024-07-21,YouTube,Asia Pacific,Desktop,Senior,Real Estate,Retention,Autumn,5272.11,5270.46,719572,59697,0.083,0.09,7.32,21656,10192,0.1707,4054555.4,4049284.94,76829.82,9856,3838,1190,0.0207,77.44,97.34,2.5,33,Running,72,2237,7943,10180,357.08,1.88,8.03,Sales Growth,Excellent
70843,2023-02-24,YouTube,Africa,Mobile,Enterprise,Healthcare,Awareness,Autumn,15433.91,14894.03,2752462,183343,0.0666,0.08,5.41,70512,24453,0.1334,11456830.35,11441936.32,76822.3,28428,8126,4504,0.0149,34.78,168.29,3.6,52,Completed,56,21870,835,22705,423.36,21.37,9.75,Retention,Excellent
91390,2023-10-21,Instagram,North America,Tablet,Student,Travel,Retention,Festival,11697.01,11135.45,2503467,131703,0.0526,0.08,4.45,29209,14701,0.1116,8539397.87,8528262.42,76586.6,37065,4702,2509,0.0177,62.52,262.45,3.8,21,Completed,79,12718,1955,14673,480.72,8.78,8.41,Lead Generation,Excellent
40797,2024-07-13,LinkedIn,Europe,Tablet,Premium,Fashion,Awareness,Festival,7513.55,6785.06,2522847,126906,0.0503,0.05,2.69,46149,21883,0.1724,5198267.7,5191482.64,76513.44,44769,12196,4181,0.0242,53.6,220.85,3.9,60,Completed,51,4393,15530,19923,235.46,25.25,9.12,Lead Generation,Excellent
96107,2024-07-06,Twitter (X),Asia Pacific,Smart TV,Enterprise,Finance,Retention,Autumn,16803.19,14838.15,2988052,236234,0.0791,0.06,4.97,76166,41081,0.1739,11354898.38,11340060.23,76425.03,12561,3696,2456,0.0063,29.44,493.38,3.2,29,Completed,45,28802,10179,38981,225.74,4.01,1.66,Retention,Excellent
17258,2024-08-22,LinkedIn,Africa,Desktop,Returning,Finance,App Promotion,Winter,24846.7,21750.91,2261471,180995,0.08,0.12,9.62,64809,34404,0.1901,16619493.1,16597742.19,76308.27,30835,12054,2743,0.0202,21.82,306.5,4.2,28,Completed,29,16867,15094,31961,415.19,2.03,0.22,Sales Growth,Excellent
125330,2025-12-05,Instagram,North America,Mobile,Senior,Food,Product Launch,Summer,6057.15,5393.09,1056790,45435,0.043,0.12,5.1,16643,8097,0.1782,4118077.97,4112684.88,76258.41,3497,1208,303,0.0047,32.77,75.75,4.1,45,Completed,54,5071,2533,7604,427.01,14.47,8.85,Brand Awareness,Excellent
74228,2023-09-29,YouTube,North America,Mobile,Premium,Real Estate,Awareness,Autumn,10306.71,9906.15,2937090,216999,0.0739,0.05,3.37,63897,28867,0.133,7556940.55,7547034.4,76185.34,28075,7002,3084,0.013,58.66,184.84,4.1,12,Completed,57,26654,582,27236,260.54,24.58,1.34,Retention,Excellent
127832,2024-07-04,YouTube,North America,Tablet,Premium,Electronics,Retention,Summer,18745.05,16190.79,2827726,229382,0.0811,0.07,5.73,83914,33410,0.1457,12342761.51,12326570.72,76133.23,18175,6929,1267,0.0093,51.68,495.89,3.9,65,Completed,57,13720,19248,32968,306.51,6.08,7.22,Lead Generation,Excellent
106017,2025-01-01,YouTube,North America,Tablet,Returning,Beauty,Seasonal Promotion,Summer,9871.89,7631.33,2622659,175161,0.0668,0.04,2.91,27344,13592,0.0776,5816170.89,5808539.56,76114.38,9245,2933,913,0.005,53.8,467.9,5.0,79,Completed,70,12059,1242,13301,361.45,8.58,4.73,Brand Awareness,Excellent
100484,2025-01-07,Twitter (X),Middle East,Mobile,Returning,Food,Product Launch,Summer,5268.0,4634.57,2078049,41228,0.0198,0.11,2.23,14637,7571,0.1836,3530272.58,3525638.01,76072.6,11488,2945,1741,0.0078,58.05,452.45,3.4,1,Completed,57,5413,1559,6972,412.91,9.09,1.92,Lead Generation,Excellent
120063,2024-10-13,YouTube,South America,Tablet,Returning,Finance,Sales,Winter,9156.92,7039.78,1875492,177848,0.0948,0.04,3.75,37595,11515,0.0647,5358134.59,5351094.81,76012.24,26296,5872,4588,0.0196,79.44,163.43,3.0,94,Running,38,597,9774,10371,407.91,18.36,4.94,Brand Awareness,Excellent
138991,2024-06-30,TikTok,Africa,Desktop,Student,Electronics,Awareness,Winter,7583.94,7327.41,2866489,208843,0.0729,0.04,2.56,39157,21963,0.1052,5564528.97,5557201.56,75841.28,15949,5253,1760,0.008,25.65,68.58,4.0,17,Completed,55,8403,11673,20076,247.11,9.54,4.01,Lead Generation,Excellent
106527,2023-01-06,Google Ads,Europe,Tablet,Enterprise,Automobile,Product Launch,Holiday,10569.93,8947.7,2599568,163991,0.0631,0.05,3.44,52751,22529,0.1374,6793354.58,6784406.88,75822.91,16493,2683,3179,0.0086,54.43,143.27,4.3,73,Running,60,21258,682,21940,243.1,13.28,0.86,Sales Growth,Excellent
45895,2024-11-25,YouTube,South America,Desktop,Premium,Finance,Seasonal Promotion,Holiday,16434.89,13378.82,2873903,155393,0.0541,0.09,4.66,41871,21665,0.1394,10153599.76,10140220.94,75793.09,17395,4921,2504,0.0086,42.9,133.62,4.2,99,Completed,46,4440,15776,20216,488.68,24.48,7.86,Brand Awareness,Excellent
85602,2025-09-16,Instagram,Middle East,Desktop,Returning,Food,Awareness,Spring,26138.51,24593.35,2901664,276707,0.0954,0.09,8.48,96177,57323,0.2072,18630699.51,18606106.16,75655.03,22872,6534,3240,0.0113,30.2,590.02,2.9,59,Completed,7,43285,8541,51826,305.19,18.03,5.94,Retention,Excellent
111165,2024-10-19,Instagram,Africa,Mobile,Enterprise,Healthcare,Awareness,Summer,6316.6,4811.19,2143346,62761,0.0293,0.08,2.24,22356,8141,0.1297,3633923.84,3629112.65,75430.67,34967,12071,3353,0.0235,64.0,304.92,4.5,15,Completed,19,5948,1973,7921,425.59,15.68,2.02,Brand Awareness,Excellent
23178,2023-05-16,YouTube,Middle East,Mobile,Returning,Food,Product Launch,Autumn,36503.3,30139.58,2693633,232240,0.0862,0.13,11.19,81686,45504,0.1959,22748180.7,22718041.12,75376.1,35230,11728,5784,0.0196,33.71,111.63,3.9,62,Completed,7,37809,4836,42645,416.48,25.17,0.92,Sales Growth,Excellent
13901,2024-01-25,YouTube,Europe,Mobile,Student,Food,Lead Generation,Autumn,16204.09,12612.33,1624937,156199,0.0961,0.08,7.76,58959,16913,0.1083,9508269.6,9495657.27,75288.68,29860,6741,3455,0.0247,72.5,139.02,4.7,97,Completed,90,12861,3204,16065,473.78,17.69,8.8,Retention,Excellent
80633,2023-09-30,TikTok,North America,Mobile,Enterprise,Beauty,Product Launch,Winter,7754.22,7713.21,1235794,98232,0.0795,0.08,6.24,26410,13161,0.134,5807812.67,5800099.46,75196.96,13924,5045,2711,0.0175,65.06,438.59,4.7,45,Completed,23,7112,5946,13058,429.83,24.88,9.89,Lead Generation,Excellent
127926,2023-08-03,Instagram,South America,Tablet,Student,Electronics,Retention,Autumn,14707.3,14444.88,2968867,226935,0.0764,0.06,4.87,40665,19014,0.0838,10864903.69,10850458.81,75116.3,25337,7682,2174,0.0119,75.34,259.29,3.4,61,Completed,90,14774,3798,18572,460.9,8.5,0.71,Retention,Excellent
24079,2024-08-14,Facebook,Africa,Mobile,Senior,Electronics,App Promotion,Autumn,6097.3,5939.66,2027610,109065,0.0538,0.05,2.93,29244,14517,0.1331,4465873.47,4459933.81,75087.36,19876,6745,3181,0.0147,45.77,591.48,2.8,24,Completed,53,5669,8502,14171,246.66,15.67,2.86,Brand Awareness,Excellent
56310,2023-09-21,TikTok,Europe,Tablet,New,Real Estate,App Promotion,Holiday,15110.61,11714.91,1960093,180907,0.0923,0.06,5.98,71818,40169,0.222,8806048.61,8794333.7,75069.58,8747,2937,471,0.0062,48.23,579.51,3.2,36,Completed,60,589,36236,36825,225.32,11.37,3.85,Sales Growth,Excellent
3876,2023-02-10,LinkedIn,Asia Pacific,Desktop,New,Education,Awareness,Summer,12576.39,9663.98,2625152,189327,0.0721,0.05,3.68,48124,26244,0.1386,7260800.85,7251136.87,75032.61,40742,9320,2578,0.0201,79.21,347.55,2.8,90,Completed,31,23464,824,24288,279.39,19.01,6.54,Lead Generation,Excellent
139099,2023-01-17,Instagram,Asia Pacific,Mobile,Enterprise,Food,Lead Generation,Holiday,13745.75,10921.27,2871170,229720,0.08,0.05,3.8,60572,35781,0.1558,8203317.6,8192396.33,75013.22,41064,14664,7950,0.0222,23.31,109.95,3.1,15,Completed,23,17565,16416,33981,225.0,4.48,5.92,Brand Awareness,Excellent
90292,2025-07-14,TikTok,South America,Desktop,Enterprise,Automobile,Awareness,Summer,18653.56,18594.75,2751431,111738,0.0406,0.17,6.76,42671,22453,0.2009,13943555.81,13924961.06,74886.52,8708,2174,712,0.0042,36.4,382.03,4.4,19,Completed,33,21173,1015,22188,497.98,15.02,0.36,Sales Growth,Excellent
16208,2024-05-05,Twitter (X),Europe,Smart TV,New,Fashion,Sales,Holiday,10308.58,8590.95,2503742,124680,0.0498,0.07,3.43,33695,13032,0.1045,6423196.42,6414605.47,74667.01,34853,11071,5177,0.0204,76.45,323.49,4.6,93,Completed,85,11567,779,12346,465.69,7.42,8.41,Brand Awareness,Excellent
137358,2024-02-07,Twitter (X),Asia Pacific,Desktop,New,Travel,Sales,Autumn,17485.94,15633.89,2065026,202854,0.0982,0.08,7.57,33870,19162,0.0945,11673486.97,11657853.08,74567.83,19636,5531,3752,0.014,61.73,212.35,3.5,54,Completed,50,6289,12199,18488,499.17,17.11,8.74,Brand Awareness,Excellent
74654,2025-04-23,Instagram,Africa,Smart TV,New,Travel,Sales,Winter,12495.27,11610.63,1896458,132186,0.0697,0.09,6.12,52350,17089,0.1293,8662332.54,8650721.91,74506.91,7166,780,967,0.0047,20.44,446.56,4.4,33,Completed,32,5974,10040,16014,498.27,5.43,0.85,Sales Growth,Excellent
70034,2023-05-05,Facebook,Middle East,Smart TV,Enterprise,Travel,Sales,Autumn,20001.88,18413.0,1651085,162554,0.0985,0.11,11.15,51468,30262,0.1862,13704899.96,13686486.96,74330.57,11258,4491,1821,0.0106,75.12,155.27,2.9,13,Completed,43,2549,26011,28560,410.66,28.15,9.02,Sales Growth,Excellent
70258,2024-03-11,Twitter (X),Europe,Tablet,Student,Finance,Awareness,Summer,6355.59,5703.18,2656444,241699,0.091,0.02,2.15,64198,13111,0.0542,4227839.71,4222136.53,74031.27,46190,4683,9227,0.0226,26.93,262.5,2.7,70,Completed,23,11313,1554,12867,265.41,14.91,4.19,Retention,Excellent
120598,2025-01-01,LinkedIn,Africa,Desktop,Enterprise,Real Estate,Retention,Summer,9492.02,9188.52,2885496,228696,0.0793,0.04,3.18,65823,26162,0.1144,6810438.95,6801250.43,74019.0,48529,9609,6342,0.0223,66.61,424.71,2.7,86,Completed,61,5717,18533,24250,270.51,2.49,9.23,Sales Growth,Excellent
42543,2025-09-27,YouTube,South America,Tablet,Premium,Electronics,Sales,Spring,10132.38,9476.48,802134,68593,0.0855,0.14,11.81,23543,14118,0.2058,7021390.36,7011913.88,73992.81,10651,2129,1141,0.0174,32.02,507.38,3.0,46,Completed,35,3841,10224,14065,413.15,9.57,3.84,Lead Generation,Excellent
126000,2023-03-16,LinkedIn,Europe,Tablet,Returning,Healthcare,Product Launch,Winter,13680.7,12408.12,2567382,145748,0.0568,0.09,4.83,40316,17600,0.1208,9190316.36,9177908.24,73966.95,18957,6185,1824,0.0105,26.41,72.34,4.8,29,Completed,40,7368,8674,16042,451.01,23.24,1.35,Brand Awareness,Excellent
39644,2024-01-12,Instagram,Middle East,Smart TV,New,Beauty,Sales,Festival,11077.97,9596.67,1471619,90702,0.0616,0.11,6.52,24304,12515,0.138,7106122.15,7096525.48,73947.79,18468,4673,3209,0.0179,26.1,471.09,2.6,75,Running,88,10621,1868,12489,439.43,5.87,4.04,Lead Generation,Excellent
23629,2023-03-24,Google Ads,Asia Pacific,Smart TV,New,Travel,Awareness,Winter,19693.89,15319.89,2885407,253710,0.0879,0.06,5.31,78252,24293,0.0958,11323849.58,11308529.69,73816.0,9515,2031,545,0.0042,25.82,430.85,4.5,10,Completed,39,3180,19154,22334,421.51,18.88,8.52,Lead Generation,Excellent
105984,2025-08-14,TikTok,North America,Tablet,Senior,Fashion,Product Launch,Summer,5262.99,4144.14,1190098,56646,0.0476,0.07,3.48,20997,9449,0.1668,3058775.89,3054631.75,73709.67,7028,1070,727,0.0074,79.86,405.2,3.7,100,Completed,87,1650,7440,9090,307.36,23.51,1.81,Sales Growth,Excellent
39258,2023-09-12,Twitter (X),Middle East,Tablet,Senior,Fashion,Lead Generation,Autumn,10621.72,9663.04,2895612,224301,0.0775,0.04,3.34,66048,13755,0.0613,7110659.9,7100996.86,73486.16,48837,16813,8897,0.0257,26.81,173.78,4.2,50,Completed,56,9187,4364,13551,411.55,10.48,5.11,Lead Generation,Excellent
114880,2023-10-20,TikTok,South America,Tablet,Premium,Electronics,Lead Generation,Autumn,8322.41,8045.57,2441556,223825,0.0917,0.04,3.3,80161,36280,0.1621,5913885.54,5905839.97,73404.87,18293,5679,3379,0.0112,79.75,443.91,3.5,18,Completed,33,5392,28480,33872,164.93,5.27,0.36,Brand Awareness,Excellent
27752,2023-03-08,Twitter (X),Africa,Desktop,Enterprise,Food,Retention,Summer,8857.42,7610.16,1480084,142296,0.0961,0.05,5.14,33480,16787,0.118,5590441.0,5582830.84,73360.23,29212,5423,2148,0.0249,21.45,560.5,2.9,43,Completed,26,14686,1461,16147,336.26,8.62,1.23,Lead Generation,Excellent
75781,2023-02-20,Twitter (X),Asia Pacific,Tablet,New,Travel,Product Launch,Autumn,8997.31,7834.47,1558918,75197,0.0482,0.1,5.03,29250,12842,0.1708,5745855.93,5738021.46,73240.71,10541,2005,1455,0.009,28.73,405.81,4.8,43,Completed,8,918,11477,12395,417.95,28.34,4.55,Lead Generation,Excellent
50922,2024-12-08,TikTok,Africa,Tablet,Senior,Automobile,Retention,Autumn,16886.71,16331.79,1719033,126084,0.0733,0.13,9.5,44651,21470,0.1703,11973961.08,11957629.29,73216.89,13739,3944,1478,0.0111,49.91,320.71,4.9,20,Completed,88,12784,8168,20952,491.24,24.71,5.4,Brand Awareness,Excellent
11964,2024-12-14,YouTube,Asia Pacific,Mobile,Student,Real Estate,Seasonal Promotion,Spring,5216.02,4160.52,2550796,128518,0.0504,0.03,1.63,43360,14492,0.1128,3044364.31,3040203.79,73072.69,8189,3129,559,0.0047,77.56,237.72,4.5,76,Completed,74,11867,2416,14283,171.34,14.77,2.54,Brand Awareness,Excellent
139403,2023-10-14,Facebook,Africa,Desktop,Senior,Healthcare,Lead Generation,Holiday,12472.51,11498.99,2543538,204396,0.0804,0.06,4.52,77854,31587,0.1545,8413432.03,8401933.04,73066.7,50824,19047,4355,0.0292,42.25,393.78,4.0,22,Completed,49,14047,16326,30373,274.97,16.67,7.43,Brand Awareness,Excellent
61799,2025-04-29,Instagram,Africa,Tablet,Student,Beauty,Awareness,Festival,17355.05,14427.81,2217352,208704,0.0941,0.07,6.51,57131,28368,0.1359,10521707.81,10507280.0,72826.58,25372,4696,4840,0.0157,74.64,178.79,4.3,27,Completed,90,13512,13270,26782,366.67,21.68,1.22,Lead Generation,Excellent
41909,2023-10-27,LinkedIn,North America,Mobile,Returning,Food,Product Launch,Festival,5065.84,4152.12,2563384,94471,0.0369,0.04,1.62,26035,6051,0.0641,3022304.0,3018151.88,72689.42,7767,2478,1077,0.0044,53.72,390.63,4.8,81,Completed,64,1901,4016,5917,412.37,17.83,6.99,Lead Generation,Excellent
3907,2023-05-21,Facebook,Asia Pacific,Mobile,Student,Travel,Retention,Spring,14270.35,11924.03,1916406,123888,0.0646,0.1,6.22,47888,20024,0.1616,8669851.95,8657927.92,72609.08,7836,1432,1276,0.0055,33.61,299.38,3.5,99,Completed,79,2836,15667,18503,428.86,12.86,7.9,Lead Generation,Excellent
47073,2023-02-06,LinkedIn,Europe,Mobile,Premium,Healthcare,Awareness,Autumn,32889.17,27556.65,2346120,161650,0.0689,0.17,11.75,59695,34361,0.2126,20021609.82,19994053.17,72556.18,28185,5474,5422,0.0167,61.24,92.99,3.7,5,Completed,66,11861,21242,33103,478.35,21.96,0.1,Retention,Excellent
50617,2025-10-22,YouTube,North America,Smart TV,Enterprise,Healthcare,Sales,Spring,36229.08,29118.66,2467623,218803,0.0887,0.13,11.8,78139,39241,0.1793,21096021.34,21066902.68,72348.46,43975,16474,3266,0.0258,26.58,400.56,2.9,66,Completed,19,29216,7613,36829,448.33,27.99,4.76,Lead Generation,Excellent
103657,2023-07-17,YouTube,North America,Tablet,Enterprise,Beauty,App Promotion,Autumn,5504.45,4529.98,1926861,105628,0.0548,0.04,2.35,42040,11294,0.1069,3277681.78,3273151.8,72255.33,4046,1254,332,0.0029,59.26,478.3,3.9,47,Completed,51,7919,2373,10292,253.71,19.41,0.11,Sales Growth,Excellent
23397,2024-07-05,Instagram,Middle East,Tablet,Senior,Education,Seasonal Promotion,Holiday,11978.64,11136.82,1586790,129131,0.0814,0.09,7.02,35422,17117,0.1326,8049843.7,8038706.88,72181.35,6699,1180,794,0.0055,41.7,140.84,3.0,34,Completed,35,6190,10127,16317,401.21,10.25,3.64,Brand Awareness,Excellent
76100,2024-11-12,TikTok,South America,Mobile,Student,Food,Seasonal Promotion,Autumn,19241.51,15334.48,1983022,147442,0.0744,0.1,7.73,58145,26578,0.1803,11073885.59,11058551.11,72115.59,28994,6428,3764,0.0198,53.74,355.38,3.8,2,Completed,32,19723,4599,24322,365.4,3.28,5.78,Retention,Excellent
107311,2025-08-15,Facebook,Asia Pacific,Smart TV,Returning,Healthcare,Lead Generation,Holiday,17872.75,16209.82,2961625,267906,0.0905,0.06,5.47,98687,34434,0.1285,11678798.17,11662588.35,71947.67,39041,6373,5958,0.0173,41.92,349.48,2.6,80,Completed,63,24743,8263,33006,275.29,10.83,3.29,Sales Growth,Excellent
61340,2023-01-20,Google Ads,South America,Tablet,New,Travel,Product Launch,Festival,5447.45,4606.91,2295366,201436,0.0878,0.02,2.01,51263,16216,0.0805,3315258.81,3310651.9,71862.74,16784,1724,2294,0.0091,54.72,145.27,4.3,85,Completed,46,11768,3968,15736,165.61,9.17,4.38,Retention,Excellent
60440,2024-09-13,YouTube,North America,Smart TV,Returning,Real Estate,App Promotion,Spring,6160.3,5386.89,2356039,163599,0.0694,0.03,2.29,45478,13522,0.0827,3875906.39,3870519.5,71850.72,29528,5110,4692,0.0167,55.75,205.15,4.6,28,Completed,15,315,12182,12497,277.79,11.95,9.49,Retention,Excellent
81279,2025-07-01,Facebook,Asia Pacific,Tablet,Senior,Food,Lead Generation,Winter,21646.27,19540.66,1851523,184551,0.0997,0.11,10.55,73665,25468,0.138,14052208.84,14032668.18,71812.66,10758,3797,750,0.0083,50.71,363.52,4.8,55,Completed,34,10107,15074,25181,466.69,1.32,8.3,Brand Awareness,Excellent
8204,2023-08-28,Twitter (X),South America,Desktop,Returning,Food,Lead Generation,Autumn,25698.27,23767.8,2991898,280873,0.0939,0.08,7.94,67995,37493,0.1335,17053981.82,17030214.02,71652.46,46057,15827,5639,0.0226,48.93,205.34,3.6,31,Running,8,3995,30172,34167,437.47,9.26,7.63,Brand Awareness,Excellent
60659,2023-05-19,Instagram,Africa,Mobile,Senior,Real Estate,Retention,Summer,11668.35,10232.04,1311496,88867,0.0678,0.12,7.8,34284,18500,0.2082,7340167.55,7329935.51,71637.09,21779,7902,2391,0.0245,55.21,542.01,5.0,21,Completed,25,8176,9047,17223,401.26,2.81,1.93,Brand Awareness,Excellent
124956,2023-11-04,Facebook,Europe,Mobile,Senior,Food,App Promotion,Winter,31491.34,28998.53,2986144,277282,0.0929,0.1,9.71,95050,40914,0.1476,20764099.23,20735100.7,71503.97,45555,16451,7110,0.0231,77.82,226.33,4.1,72,Completed,50,30794,9842,40636,474.33,25.99,4.17,Sales Growth,Excellent
94549,2024-12-13,LinkedIn,South America,Tablet,Enterprise,Electronics,Seasonal Promotion,Spring,7103.07,6745.98,2202622,187632,0.0852,0.04,3.06,73783,29856,0.1591,4828474.24,4821728.26,71475.58,38607,12370,6916,0.0263,53.43,151.72,4.2,10,Completed,9,22689,5679,28368,135.36,12.76,3.8,Brand Awareness,Excellent
76271,2023-04-01,YouTube,Africa,Mobile,Premium,Beauty,App Promotion,Spring,7042.98,6983.7,2789458,257870,0.0924,0.03,2.5,84570,45826,0.1777,4996673.16,4989689.46,71447.65,35959,13574,4465,0.0194,44.56,472.83,3.9,23,Completed,23,14215,29916,44131,95.67,29.8,1.55,Retention,Excellent
97797,2024-10-24,Google Ads,South America,Mobile,Student,Finance,Retention,Festival,8687.9,7612.19,2444507,123982,0.0507,0.06,3.11,29339,16885,0.1362,5440643.04,5433030.85,71372.77,18126,3470,1291,0.0094,63.65,264.69,3.9,31,Completed,16,4751,10671,15422,293.93,3.54,5.73,Sales Growth,Excellent
91934,2023-05-18,Facebook,Africa,Smart TV,Enterprise,Beauty,Lead Generation,Spring,19285.46,16175.16,2750873,172840,0.0628,0.09,5.88,64715,36409,0.2107,11531027.02,11514851.86,71188.49,53043,19657,7824,0.0293,34.39,486.35,3.7,30,Completed,35,15445,18984,34429,270.16,8.13,4.49,Brand Awareness,Excellent
40164,2023-04-23,Twitter (X),Africa,Desktop,Senior,Travel,Sales,Autumn,28558.87,28091.24,2938364,167253,0.0569,0.17,9.56,63916,35388,0.2116,20017183.25,19989092.01,71157.74,55734,8962,5100,0.0238,78.5,588.9,4.4,31,Completed,49,1389,30701,32090,491.35,20.59,3.53,Brand Awareness,Excellent
44849,2023-01-04,Google Ads,Middle East,Tablet,Returning,Electronics,Sales,Summer,27077.92,22712.02,2964175,265549,0.0896,0.09,7.66,77842,39708,0.1495,16174963.37,16152251.35,71117.63,46911,6076,3611,0.0191,55.57,223.77,4.8,88,Completed,33,36628,1051,37679,421.65,14.04,7.96,Lead Generation,Excellent
25896,2023-12-31,Google Ads,Europe,Smart TV,Student,Automobile,Retention,Summer,14920.14,11220.1,2031778,139851,0.0688,0.08,5.52,46520,22667,0.1621,7987825.34,7976605.24,71092.1,29977,4786,5672,0.0199,21.86,484.62,3.7,40,Completed,72,19848,642,20490,360.8,26.87,0.77,Brand Awareness,Excellent
33363,2024-01-24,YouTube,Middle East,Tablet,Premium,Finance,Sales,Summer,21399.39,18145.99,2759884,210642,0.0763,0.09,6.57,52715,30818,0.1463,12884257.42,12866111.43,70903.33,51210,10071,7580,0.025,32.36,396.16,3.1,100,Completed,62,27636,1075,28711,406.4,17.5,5.44,Brand Awareness,Excellent
49680,2024-08-07,Facebook,South America,Tablet,Student,Finance,Awareness,Summer,6071.54,4659.99,1400320,121396,0.0867,0.04,3.33,43048,11604,0.0956,3300275.29,3295615.3,70721.51,9763,1111,764,0.0083,78.0,174.44,2.7,51,Running,47,3830,7109,10939,244.11,9.54,2.23,Lead Generation,Excellent
64394,2024-06-29,TikTok,South America,Mobile,New,Finance,Seasonal Promotion,Winter,11738.38,9951.57,1734637,170397,0.0982,0.06,5.74,67629,15155,0.0889,6993628.02,6983676.45,70176.63,14154,5477,837,0.0118,54.58,529.04,4.1,82,Completed,87,778,13276,14054,473.4,17.22,1.25,Brand Awareness,Excellent
51184,2025-09-20,Google Ads,Europe,Tablet,Premium,Fashion,Sales,Holiday,13863.81,13445.45,1950112,144095,0.0739,0.09,6.89,43346,20434,0.1418,9442978.59,9429533.14,70131.78,34036,9434,5994,0.0254,36.21,332.74,4.0,65,Completed,80,15128,4984,20112,458.09,22.34,9.47,Brand Awareness,Excellent
80997,2025-08-28,Instagram,North America,Desktop,Premium,Electronics,Awareness,Winter,17764.85,13693.78,1575479,81407,0.0517,0.17,8.69,27785,16654,0.2046,9616011.67,9602317.89,70121.75,3734,381,656,0.003,69.74,86.04,2.7,41,Completed,61,12601,3764,16365,492.64,14.33,7.45,Sales Growth,Excellent
87446,2023-09-13,LinkedIn,Africa,Mobile,New,Food,App Promotion,Holiday,17106.45,16209.39,2291577,138424,0.0604,0.12,7.07,51277,25949,0.1875,11345858.26,11329648.87,69895.59,12963,4543,1535,0.0083,46.16,101.88,4.4,90,Completed,48,7958,16119,24077,432.68,4.77,2.96,Brand Awareness,Excellent
13835,2025-07-23,Facebook,Asia Pacific,Tablet,New,Real Estate,Awareness,Autumn,15666.53,12997.39,2587319,211319,0.0817,0.06,5.02,54730,27300,0.1292,9092724.68,9079727.29,69858.08,18674,7324,2145,0.0109,46.62,461.22,2.6,4,Completed,72,18951,5922,24873,303.04,5.32,8.3,Brand Awareness,Excellent
132991,2025-10-31,Twitter (X),South America,Mobile,Enterprise,Education,Sales,Holiday,21453.35,17621.5,2751506,170124,0.0618,0.1,6.4,67584,35226,0.2071,12316307.26,12298685.76,69793.64,45931,14938,4529,0.0238,75.49,147.06,3.6,88,Completed,66,1053,32756,33809,299.7,9.59,1.79,Retention,Excellent
89640,2023-07-29,Instagram,North America,Tablet,Premium,Healthcare,Seasonal Promotion,Autumn,6411.83,5141.46,2461085,93991,0.0382,0.05,2.09,25647,9090,0.0967,3585154.23,3580012.77,69630.28,29005,11455,1598,0.0171,74.52,54.15,3.0,72,Completed,57,6273,2779,9052,381.99,10.85,2.23,Brand Awareness,Excellent
86213,2025-04-13,LinkedIn,Middle East,Tablet,Student,Fashion,Lead Generation,Winter,6424.19,5443.22,2206651,58439,0.0265,0.09,2.47,18787,9605,0.1644,3789691.89,3784248.67,69522.24,28628,7371,1869,0.0172,25.69,135.67,2.6,68,Completed,12,7190,2387,9577,310.18,5.37,2.93,Retention,Excellent
92374,2024-07-07,TikTok,South America,Tablet,Student,Electronics,Awareness,Spring,13202.09,13117.2,1745916,171943,0.0985,0.08,7.51,54869,29316,0.1705,9120603.46,9107486.26,69431.63,26669,8720,5266,0.0233,47.33,174.58,4.3,39,Completed,50,22484,5770,28254,254.68,0.28,7.63,Retention,Excellent
123766,2025-01-06,Instagram,Europe,Mobile,Returning,Travel,Lead Generation,Winter,8812.65,7388.02,2388512,127780,0.0535,0.06,3.09,28652,15286,0.1196,5135915.39,5128527.37,69416.8,10138,1511,912,0.0053,77.29,87.13,2.9,20,Completed,61,6825,8171,14996,300.15,10.58,1.33,Lead Generation,Excellent
16616,2023-08-10,Google Ads,Europe,Smart TV,Returning,Finance,App Promotion,Festival,12955.18,10124.62,2132028,148666,0.0697,0.07,4.75,31879,12749,0.0858,7032749.32,7022624.7,69361.86,38583,13727,7218,0.0279,38.81,288.25,3.1,50,Completed,20,8346,3451,11797,486.24,27.65,9.19,Sales Growth,Excellent
62657,2024-03-29,Facebook,Asia Pacific,Desktop,New,Education,Awareness,Autumn,6211.7,6007.82,1167765,90214,0.0773,0.07,5.14,20512,8154,0.0904,4161243.81,4155235.99,69163.79,8819,1629,472,0.0094,39.92,458.37,3.9,30,Completed,89,7535,98,7633,469.93,2.7,2.43,Brand Awareness,Excellent
21027,2024-02-18,Google Ads,Asia Pacific,Desktop,New,Real Estate,Seasonal Promotion,Holiday,6367.26,5846.6,2699971,139300,0.0516,0.04,2.17,18728,9675,0.0695,4049227.64,4043381.04,69157.82,22716,2951,1230,0.01,59.38,96.98,3.4,91,Completed,41,3265,5567,8832,390.55,5.05,9.3,Lead Generation,Excellent
7035,2023-11-08,Instagram,Middle East,Tablet,Enterprise,Travel,Lead Generation,Spring,22642.83,21958.92,2802011,210231,0.075,0.1,7.84,76466,35981,0.1711,15199542.33,15177583.41,69118.08,55877,13324,5677,0.0267,54.07,508.44,3.2,100,Completed,15,31163,2070,33233,401.1,0.67,1.21,Brand Awareness,Excellent
134274,2025-05-18,TikTok,Europe,Tablet,Premium,Fashion,Product Launch,Summer,22005.93,20652.04,2552402,233768,0.0916,0.09,8.09,59191,32908,0.1408,14269555.16,14248903.12,68995.14,46692,16864,3913,0.0264,75.95,528.48,4.1,63,Running,65,19743,11365,31108,435.28,6.27,6.76,Brand Awareness,Excellent
73618,2024-11-09,YouTube,Asia Pacific,Smart TV,Enterprise,Automobile,Sales,Holiday,8439.53,8364.78,1384792,118964,0.0859,0.07,6.04,29998,14781,0.1242,5772242.22,5763877.44,68906.5,3266,720,405,0.0032,57.29,484.12,4.1,88,Completed,10,10825,3477,14302,367.16,12.87,2.01,Brand Awareness,Excellent
5460,2024-02-03,Twitter (X),Africa,Tablet,Premium,Education,Sales,Autumn,7085.2,6320.57,1948383,44590,0.0229,0.14,3.24,13369,7747,0.1737,4359209.67,4352889.1,68868.62,8707,1014,614,0.0053,41.99,569.3,4.5,13,Completed,84,6033,1429,7462,459.72,9.25,1.45,Sales Growth,Excellent
93106,2024-04-06,Facebook,Europe,Smart TV,Returning,Food,Product Launch,Winter,16127.58,12664.32,2822255,142263,0.0504,0.09,4.49,30128,15909,0.1118,8730671.22,8718006.9,68839.12,19438,5227,1570,0.0093,77.31,508.34,3.9,87,Completed,83,216,14368,14584,496.11,24.28,3.87,Sales Growth,Excellent
18676,2024-09-24,Facebook,Middle East,Mobile,Returning,Electronics,Lead Generation,Autumn,17169.56,14108.99,2229694,212895,0.0955,0.07,6.33,57985,20046,0.0942,9719716.62,9705607.63,68790.24,31777,4331,5458,0.0186,40.67,99.94,4.7,35,Running,87,12778,5575,18353,473.62,18.05,3.49,Sales Growth,Excellent
109083,2024-02-16,LinkedIn,South America,Smart TV,Premium,Food,Awareness,Spring,6765.87,6480.65,1739085,136208,0.0783,0.05,3.73,28398,14491,0.1064,4464529.99,4458049.34,68790.16,4228,1007,639,0.0034,43.0,432.44,3.5,59,Completed,90,5547,8120,13667,266.83,18.95,5.3,Sales Growth,Excellent
127002,2024-06-13,TikTok,Asia Pacific,Desktop,Student,Fashion,Seasonal Promotion,Festival,19929.8,17634.51,1634865,99138,0.0606,0.18,10.79,39624,23013,0.2321,12129602.39,12111967.88,68683.33,20938,4856,1399,0.0166,77.54,411.95,3.2,44,Completed,42,4911,17635,22546,452.76,26.12,1.53,Retention,Excellent
89083,2025-08-09,Instagram,Middle East,Desktop,New,Healthcare,Lead Generation,Festival,6243.86,6184.64,989219,50502,0.0511,0.12,6.25,20016,11242,0.2226,4251713.23,4245528.59,68646.33,5607,1517,926,0.0081,30.37,295.98,2.7,37,Completed,62,6936,3909,10845,346.78,3.42,2.66,Lead Generation,Excellent
44680,2023-10-08,LinkedIn,Middle East,Smart TV,Premium,Food,Seasonal Promotion,Summer,11687.49,11247.76,2331213,133603,0.0573,0.08,4.82,33679,18760,0.1404,7727593.24,7716345.48,68603.4,28496,3242,2046,0.0145,25.17,490.85,3.8,62,Completed,59,14941,2396,17337,385.27,12.41,8.52,Lead Generation,Excellent
34495,2023-09-16,LinkedIn,Middle East,Mobile,Senior,Finance,Lead Generation,Autumn,22897.22,18762.7,2707411,161802,0.0598,0.12,6.93,56675,30967,0.1914,12854197.05,12835434.35,68409.31,17577,2828,1723,0.0082,46.19,155.18,3.2,74,Completed,57,13315,16940,30255,346.49,3.43,1.43,Brand Awareness,Excellent
5863,2025-05-03,Facebook,Europe,Smart TV,New,Healthcare,App Promotion,Holiday,6918.74,5975.96,1251856,111573,0.0891,0.05,4.77,42022,11049,0.099,4086920.49,4080944.53,68289.35,4224,676,820,0.0046,67.68,427.01,3.0,95,Completed,7,3884,6568,10452,386.55,2.53,6.76,Lead Generation,Excellent
46915,2023-08-24,Google Ads,South America,Tablet,Premium,Education,App Promotion,Winter,25528.94,21940.69,2049688,174593,0.0852,0.13,10.7,60804,27430,0.1571,15003434.88,14981494.19,68281.78,35039,6134,6541,0.0233,52.51,105.58,2.8,55,Completed,86,1013,24682,25695,476.71,26.71,6.29,Retention,Excellent
124399,2024-11-21,Facebook,Africa,Smart TV,Returning,Education,Awareness,Autumn,38518.48,29585.24,2980386,286847,0.0962,0.1,9.93,99076,41267,0.1439,20200042.11,20170456.87,68177.43,24788,8762,4938,0.0129,27.98,384.75,4.9,6,Completed,57,26548,10993,37541,457.98,24.23,5.51,Retention,Excellent
53985,2024-05-06,Facebook,North America,Desktop,New,Beauty,Seasonal Promotion,Holiday,11729.97,11257.41,2389954,228803,0.0957,0.05,4.71,67192,21903,0.0957,7683301.25,7672043.84,68151.06,32209,11614,2349,0.0193,38.87,236.66,3.0,19,Completed,77,2158,18143,20301,333.03,7.52,8.09,Sales Growth,Excellent
126162,2025-06-24,TikTok,Asia Pacific,Desktop,Senior,Automobile,Sales,Festival,16320.86,14715.16,2789514,243979,0.0875,0.06,5.28,74291,26518,0.1087,10035884.73,10021169.57,68100.99,35540,6080,6079,0.0171,22.55,368.0,2.8,66,Completed,12,7978,17960,25938,344.24,14.78,2.72,Sales Growth,Excellent
120169,2024-01-30,TikTok,North America,Smart TV,Senior,Finance,App Promotion,Festival,12330.67,9461.34,2703665,120399,0.0445,0.08,3.5,25619,12999,0.108,6447362.46,6437901.12,68044.28,29104,5901,4087,0.0145,46.81,311.05,5.0,12,Completed,59,9187,3475,12662,476.07,8.79,8.64,Sales Growth,Excellent
69698,2025-11-23,Twitter (X),Asia Pacific,Tablet,Student,Beauty,Seasonal Promotion,Spring,18944.67,15499.22,1701099,145171,0.0853,0.11,9.11,56572,31018,0.2137,10560286.12,10544786.9,68034.31,4074,1021,671,0.0034,69.31,414.55,3.1,26,Completed,20,24901,4350,29251,308.34,26.96,0.83,Retention,Excellent
140027,2023-05-11,Twitter (X),Europe,Smart TV,Student,Travel,Seasonal Promotion,Autumn,8526.16,6776.07,1919869,72006,0.0375,0.09,3.53,21919,12066,0.1676,4615193.55,4608417.48,68010.18,31721,6084,4560,0.0221,47.31,594.68,2.7,41,Completed,30,1566,9609,11175,383.16,8.97,5.82,Sales Growth,Excellent
4790,2024-08-17,TikTok,South America,Desktop,Student,Finance,Lead Generation,Holiday,34364.75,28909.1,2762899,234970,0.085,0.12,10.46,92808,54522,0.232,19680981.51,19652072.41,67978.85,23847,7893,2325,0.0123,31.67,183.06,4.2,59,Completed,69,45265,5642,50907,333.82,1.0,7.22,Retention,Excellent
54658,2024-11-02,Twitter (X),Asia Pacific,Mobile,Student,Travel,Lead Generation,Winter,11593.25,9548.95,2669896,228468,0.0856,0.04,3.58,44676,12427,0.0544,6499025.19,6489476.24,67960.1,21564,3048,2275,0.0101,51.65,401.53,4.2,12,Completed,31,51,11888,11939,484.44,27.73,5.76,Lead Generation,Excellent
136471,2023-12-07,YouTube,North America,Desktop,Student,Finance,Awareness,Festival,17727.55,15549.14,2592459,224345,0.0865,0.07,6.0,76573,22112,0.0986,10577661.8,10562112.66,67927.31,34336,5772,3452,0.0168,58.48,482.67,2.6,80,Completed,76,5050,15997,21047,419.03,21.04,3.24,Brand Awareness,Excellent
21052,2024-03-26,YouTube,Europe,Desktop,Premium,Beauty,Awareness,Summer,11538.74,9279.44,2831047,233619,0.0825,0.04,3.28,51759,16573,0.0709,6306960.99,6297681.55,67867.04,47689,6376,7826,0.0219,35.47,557.39,4.5,79,Completed,58,13441,2646,16087,305.15,7.14,7.29,Lead Generation,Excellent
79481,2024-07-05,LinkedIn,Asia Pacific,Smart TV,New,Beauty,Retention,Winter,7820.02,7411.33,2179120,157955,0.0725,0.05,3.4,39232,14828,0.0939,5023399.51,5015988.18,67680.0,31206,6150,5810,0.0198,51.32,114.35,4.4,40,Completed,36,5429,9053,14482,289.89,22.61,4.38,Sales Growth,Excellent
117578,2024-10-09,Instagram,Africa,Desktop,Senior,Automobile,Sales,Spring,21114.73,16189.91,2386842,135168,0.0566,0.12,6.78,42705,24930,0.1844,10944100.05,10927910.14,67498.28,31196,5933,4937,0.0176,22.08,152.58,4.5,1,Completed,79,10804,13952,24756,433.77,14.18,9.17,Sales Growth,Excellent
57604,2023-12-21,Facebook,Africa,Smart TV,Returning,Travel,Seasonal Promotion,Summer,41459.24,31565.87,2806334,198877,0.0709,0.16,11.25,63012,36825,0.1852,21284360.65,21252794.78,67328.4,41186,12438,7296,0.0217,36.89,88.86,3.0,58,Completed,48,16726,19038,35764,471.74,13.98,4.84,Brand Awareness,Excellent
140242,2023-06-01,Instagram,Africa,Smart TV,Enterprise,Food,Retention,Summer,6113.27,5313.21,504894,49662,0.0984,0.11,10.52,14226,7198,0.1449,3573964.06,3568650.85,67165.63,1616,496,119,0.0044,34.73,446.47,3.0,85,Completed,38,3627,3538,7165,391.96,13.44,2.58,Brand Awareness,Excellent
30053,2025-09-09,LinkedIn,Asia Pacific,Mobile,Returning,Fashion,App Promotion,Autumn,9229.18,7194.66,2112541,202258,0.0957,0.04,3.41,28067,13498,0.0667,4835467.11,4828272.45,67109.11,8430,987,1379,0.0051,40.0,476.93,3.4,43,Completed,53,8652,4426,13078,335.49,2.21,7.69,Lead Generation,Excellent
66037,2025-05-27,Twitter (X),Middle East,Desktop,New,Real Estate,Retention,Winter,9355.57,8663.75,2205040,173958,0.0789,0.05,3.93,49762,12331,0.0709,5822205.43,5813541.68,67101.91,25612,9339,4961,0.0181,77.17,101.92,3.4,84,Completed,71,2843,8995,11838,481.4,7.72,2.01,Brand Awareness,Excellent
78773,2024-04-20,Facebook,South America,Smart TV,Student,Automobile,Awareness,Spring,5494.43,5166.36,2305493,211856,0.0919,0.02,2.24,79965,30202,0.1426,3470413.89,3465247.53,67073.29,33183,6534,2623,0.0184,25.82,360.84,4.6,74,Completed,89,25917,4116,30033,111.6,28.16,6.03,Sales Growth,Excellent
48166,2024-04-07,Facebook,Middle East,Mobile,Returning,Automobile,Sales,Festival,7419.77,6515.4,2948027,133243,0.0452,0.05,2.21,30712,17000,0.1276,4376230.01,4369714.61,67067.48,26172,8318,3366,0.0128,71.25,182.51,4.2,84,Running,81,6560,9893,16453,258.45,4.0,6.28,Lead Generation,Excellent
43630,2023-05-12,Twitter (X),South America,Tablet,Returning,Food,Sales,Festival,19600.36,15682.61,2380666,210410,0.0884,0.07,6.59,75799,27091,0.1288,10531852.98,10516170.37,67056.25,22566,4806,3900,0.0131,33.8,584.67,3.0,31,Completed,73,20441,5438,25879,348.32,22.5,8.67,Sales Growth,Excellent
25284,2023-09-28,YouTube,Asia Pacific,Desktop,Senior,Beauty,Sales,Winter,12261.14,11748.26,1693618,116208,0.0686,0.1,6.94,43328,24233,0.2085,7880155.22,7868406.96,66975.08,31123,8894,3539,0.0257,55.77,329.4,4.6,6,Completed,81,15081,7412,22493,340.28,1.16,8.36,Lead Generation,Excellent
108271,2023-12-14,Google Ads,Middle East,Smart TV,Returning,Beauty,Sales,Festival,12224.61,11528.95,1003220,71763,0.0715,0.16,11.49,26730,14470,0.2016,7732076.06,7720547.11,66966.61,16873,2274,938,0.02,54.66,304.67,4.7,97,Completed,8,292,13375,13667,435.24,10.15,4.1,Sales Growth,Excellent
88084,2025-05-18,Instagram,South America,Tablet,Premium,Food,App Promotion,Summer,18574.0,14390.92,2364209,211030,0.0893,0.07,6.09,73871,23176,0.1098,9637544.57,9623153.65,66869.62,30995,10103,5215,0.0196,43.31,409.94,4.1,60,Running,18,4701,17165,21866,365.68,4.0,3.03,Brand Awareness,Excellent
24144,2025-01-21,Twitter (X),Asia Pacific,Smart TV,Premium,Food,Lead Generation,Winter,8815.25,7610.45,1644197,95108,0.0578,0.08,4.63,36912,13150,0.1383,5073856.17,5066245.72,66569.59,29132,8248,3435,0.0248,46.48,366.19,3.7,36,Completed,67,4371,8502,12873,322.76,25.68,9.47,Lead Generation,Excellent
5023,2023-09-30,Instagram,Africa,Smart TV,Enterprise,Food,Seasonal Promotion,Spring,5167.67,4505.98,1319254,110929,0.0841,0.04,3.42,16062,7726,0.0696,3000038.03,2995532.05,66479.04,6173,1965,890,0.0068,68.35,547.2,4.1,86,Running,75,2335,4990,7325,342.68,21.24,4.14,Retention,Excellent
109436,2023-07-17,Facebook,South America,Smart TV,Returning,Travel,Sales,Spring,8175.05,7705.25,1585544,148588,0.0937,0.05,4.86,51084,11709,0.0788,5127726.39,5120021.14,66448.48,11395,1868,2044,0.0097,23.49,124.07,4.4,74,Completed,69,6307,4724,11031,433.58,6.77,2.87,Sales Growth,Excellent
128563,2025-04-18,Instagram,Asia Pacific,Tablet,Enterprise,Real Estate,Sales,Winter,6063.41,5976.05,1476874,81136,0.0549,0.07,4.05,27428,8262,0.1018,3976520.96,3970544.91,66440.96,4369,1065,546,0.004,68.9,589.84,4.2,80,Completed,84,5755,2435,8190,480.77,19.71,3.67,Brand Awareness,Excellent
3803,2025-01-10,TikTok,North America,Desktop,Returning,Fashion,Sales,Spring,6952.59,6846.6,952137,54359,0.0571,0.13,7.19,19923,8689,0.1598,4549088.95,4542242.35,66343.04,7512,1883,1018,0.0109,78.29,170.43,2.5,88,Completed,43,2452,6068,8520,458.94,22.98,0.33,Brand Awareness,Excellent
65500,2024-10-16,Facebook,Asia Pacific,Desktop,Premium,Automobile,Lead Generation,Autumn,17920.32,16908.5,2373601,189121,0.0797,0.09,7.12,61236,27773,0.1469,11223977.81,11207069.31,66280.68,30766,11875,4419,0.0198,38.69,203.67,3.1,79,Completed,47,20362,6861,27223,399.07,5.43,8.92,Brand Awareness,Excellent
9277,2025-10-24,Instagram,Africa,Tablet,Senior,Food,Sales,Summer,22195.07,20506.99,2634863,248965,0.0945,0.08,7.78,78586,28348,0.1139,13588534.96,13568027.97,66162.94,51947,11822,6417,0.0266,69.7,467.04,3.3,52,Completed,32,14289,12457,26746,498.48,2.46,9.87,Retention,Excellent
5922,2024-11-03,Instagram,North America,Smart TV,Returning,Beauty,Seasonal Promotion,Spring,24720.97,18978.8,2461668,213145,0.0866,0.09,7.71,80426,41398,0.1942,12573485.99,12554507.19,66150.16,8169,1041,459,0.0039,63.15,484.81,3.9,81,Completed,54,26479,10971,37450,324.96,7.13,4.97,Sales Growth,Excellent
100809,2023-02-17,Facebook,Asia Pacific,Desktop,Student,Automobile,Product Launch,Summer,16477.8,12634.79,2139414,86898,0.0406,0.15,5.91,30682,15529,0.1787,8359886.38,8347251.59,66065.61,6492,1902,448,0.0041,38.5,585.14,3.8,53,Completed,51,7148,8319,15467,416.05,10.94,9.86,Brand Awareness,Excellent
135471,2024-02-05,Instagram,Asia Pacific,Mobile,Enterprise,Real Estate,App Promotion,Summer,5033.9,4095.89,1185792,57096,0.0482,0.07,3.45,11264,5259,0.0921,2708055.04,2703959.15,66016.4,10682,2294,602,0.0115,55.22,45.54,4.2,36,Completed,57,2730,2122,4852,484.17,3.52,3.59,Retention,Excellent
141433,2025-02-26,TikTok,North America,Desktop,Premium,Automobile,Sales,Winter,17632.45,14561.4,2467678,170687,0.0692,0.09,5.9,66170,19852,0.1163,9598126.55,9583565.15,65814.86,22994,4492,3141,0.0124,28.89,61.59,4.3,96,Completed,75,8053,10482,18535,442.74,6.22,9.83,Brand Awareness,Excellent
133611,2025-02-24,LinkedIn,South America,Tablet,Returning,Healthcare,Lead Generation,Summer,39601.33,38191.24,2955816,289502,0.0979,0.13,12.92,103630,54546,0.1884,25147627.61,25109436.37,65746.59,26721,3821,3675,0.0116,57.08,452.09,4.4,12,Completed,10,32069,20858,52927,365.69,1.38,9.76,Retention,Excellent
59641,2025-12-19,TikTok,Middle East,Smart TV,Returning,Food,Seasonal Promotion,Festival,26971.08,26454.33,2978121,291489,0.0979,0.09,8.88,90473,39478,0.1354,17393755.75,17367301.42,65650.13,34360,9430,5083,0.0164,49.63,81.26,4.4,3,Completed,56,166,38398,38564,423.29,20.07,5.25,Retention,Excellent
109706,2025-10-20,TikTok,Europe,Desktop,Returning,Education,Awareness,Holiday,23888.37,23255.79,2719364,198941,0.0732,0.12,8.55,79183,29770,0.1496,15289762.3,15266506.51,65646.05,9988,3433,664,0.0052,40.95,56.77,4.2,98,Completed,35,1930,24874,26804,487.78,3.29,8.67,Brand Awareness,Excellent
45412,2024-04-03,YouTube,Europe,Smart TV,Premium,Finance,Retention,Summer,8523.59,8048.85,2087351,160039,0.0767,0.05,3.86,27148,11854,0.0741,5261963.26,5253914.41,65275.34,24617,7881,4213,0.0176,42.01,444.22,4.3,85,Completed,24,495,10272,10767,429.67,22.65,9.39,Lead Generation,Excellent
48874,2025-01-25,Twitter (X),Middle East,Tablet,New,Education,Product Launch,Autumn,9746.35,8705.39,2210529,91521,0.0414,0.1,3.94,23621,12139,0.1326,5674351.08,5665645.69,65082.04,17005,3960,1826,0.0103,73.84,267.58,4.7,19,Running,52,1036,10327,11363,485.9,23.19,3.46,Sales Growth,Excellent
15581,2023-08-19,Twitter (X),North America,Tablet,Returning,Beauty,Awareness,Festival,5873.07,5363.78,2194505,126930,0.0578,0.04,2.44,15137,6117,0.0482,3496094.83,3490731.05,65079.68,42488,12587,4686,0.0272,79.4,301.69,3.2,9,Completed,41,5655,78,5733,480.12,19.13,3.79,Retention,Excellent
123895,2025-01-27,YouTube,Asia Pacific,Tablet,Enterprise,Finance,Lead Generation,Winter,6012.64,5583.46,1596664,104587,0.0655,0.05,3.5,36165,17175,0.1642,3636288.86,3630705.4,65026.08,17982,1953,2582,0.0141,65.08,554.81,4.2,8,Completed,29,5120,11603,16723,197.03,20.58,3.23,Retention,Excellent
21146,2024-04-26,Instagram,Europe,Tablet,Student,Fashion,Awareness,Festival,20393.59,18587.53,2469918,212139,0.0859,0.09,7.53,82771,32830,0.1548,12105220.72,12086633.19,65025.49,5121,1414,258,0.0028,73.63,512.54,4.0,7,Completed,64,12209,20212,32421,315.38,16.3,0.02,Sales Growth,Excellent
124668,2025-06-05,Instagram,North America,Desktop,Enterprise,Automobile,Seasonal Promotion,Winter,9561.71,8915.65,2955194,240760,0.0815,0.04,3.02,34898,13195,0.0548,5802948.44,5794032.79,64987.22,19312,7710,3444,0.0103,21.58,154.79,4.7,88,Running,9,10610,1433,12043,472.54,7.76,2.11,Retention,Excellent
45210,2024-04-12,LinkedIn,Europe,Tablet,Senior,Electronics,App Promotion,Spring,21689.12,20301.94,2744382,226803,0.0826,0.09,7.4,81690,44722,0.1972,13162558.57,13142256.63,64733.99,24007,4601,2377,0.0113,60.01,560.68,3.0,25,Completed,31,12418,31928,44346,277.81,14.91,8.71,Retention,Excellent
17289,2025-03-15,Facebook,Africa,Tablet,Senior,Automobile,Retention,Autumn,22080.29,16793.28,2652278,251904,0.095,0.07,6.33,96720,47548,0.1888,10884668.45,10867875.17,64715.62,32651,4290,6205,0.0163,66.13,372.74,3.4,45,Completed,86,29517,14943,44460,231.34,3.81,9.78,Lead Generation,Excellent
42077,2023-04-04,Google Ads,North America,Desktop,Student,Finance,Lead Generation,Summer,6846.35,6458.15,2592463,211296,0.0815,0.03,2.49,41922,10403,0.0492,4182833.9,4176375.75,64668.3,17219,6191,1779,0.0097,27.33,76.19,4.9,29,Completed,85,772,9021,9793,335.93,20.13,5.8,Brand Awareness,Excellent
26016,2023-10-27,LinkedIn,Africa,Smart TV,New,Finance,Lead Generation,Winter,11963.55,10204.96,2462283,228101,0.0926,0.04,4.14,86102,18129,0.0795,6601247.56,6591042.6,64586.66,8849,1221,627,0.0043,22.96,318.53,3.5,63,Completed,90,14352,2930,17282,330.23,15.17,2.77,Brand Awareness,Excellent
85092,2024-06-19,Instagram,Asia Pacific,Smart TV,Premium,Real Estate,Seasonal Promotion,Summer,24457.14,19341.13,2799593,275951,0.0986,0.07,6.91,100163,22317,0.0809,12502147.1,12482805.97,64540.21,24856,7514,2642,0.0125,31.78,172.59,4.3,36,Completed,83,9003,12081,21084,476.11,29.78,5.61,Sales Growth,Excellent
139652,2025-11-15,Twitter (X),Middle East,Tablet,Enterprise,Food,Product Launch,Summer,10647.72,8996.56,1371370,72145,0.0526,0.12,6.56,28838,15435,0.2139,5813629.29,5804632.73,64520.58,25082,8915,2586,0.0267,55.91,228.62,4.6,94,Completed,76,1406,13782,15188,314.59,22.14,2.25,Brand Awareness,Excellent
72952,2023-08-23,Google Ads,North America,Tablet,Senior,Education,Sales,Festival,5302.3,4726.01,1502193,105319,0.0701,0.04,3.15,23718,14142,0.1343,3052264.46,3047538.45,64484.38,12868,1784,1095,0.0105,44.96,88.05,2.9,89,Completed,79,6750,6943,13693,186.92,27.25,1.2,Brand Awareness,Excellent
9197,2024-05-04,Twitter (X),Middle East,Mobile,Senior,Electronics,Sales,Summer,13232.47,12421.37,1194453,88286,0.0739,0.14,10.4,25588,15241,0.1726,8012527.01,8000105.64,64405.98,11709,2858,764,0.0128,25.55,143.87,3.6,59,Completed,34,9485,4576,14061,477.48,3.83,9.22,Brand Awareness,Excellent
119263,2024-09-03,LinkedIn,Middle East,Smart TV,Returning,Food,App Promotion,Autumn,12755.98,10964.01,1385213,91739,0.0662,0.12,7.92,31597,16867,0.1839,7067551.38,7056587.37,64361.37,8400,1675,1398,0.0083,55.73,219.96,2.9,59,Completed,29,12917,2681,15598,362.32,6.7,8.27,Sales Growth,Excellent
88483,2025-04-27,TikTok,Europe,Tablet,Senior,Education,Retention,Winter,10988.65,9442.42,2228002,153246,0.0688,0.06,4.24,56772,29564,0.1929,6057379.58,6047937.16,64050.71,10545,1347,645,0.0056,49.72,232.9,4.8,16,Completed,69,7488,20897,28385,170.44,11.85,4.57,Brand Awareness,Excellent
84327,2025-04-11,Google Ads,Europe,Tablet,Enterprise,Electronics,Sales,Spring,6515.95,5915.81,1788748,40745,0.0228,0.15,3.31,15278,7689,0.1887,3786070.74,3780154.93,63899.19,26750,8211,5006,0.0223,42.48,429.02,3.8,62,Completed,45,4983,2069,7052,416.93,7.95,3.9,Sales Growth,Excellent
144550,2025-11-12,Facebook,Africa,Desktop,Student,Education,Awareness,Holiday,19069.46,18910.76,2556086,143346,0.0561,0.13,7.4,57277,32163,0.2244,12074043.12,12055132.36,63747.48,38732,13476,5836,0.0227,71.06,390.31,5.0,85,Completed,72,8180,21631,29811,354.77,19.82,1.57,Lead Generation,Excellent
38694,2024-10-15,Twitter (X),Asia Pacific,Desktop,Premium,Electronics,Product Launch,Festival,7121.03,6099.97,2577699,251486,0.0976,0.02,2.37,31006,8946,0.0356,3880264.39,3874164.42,63511.2,28291,7531,4604,0.0157,44.31,279.24,4.7,41,Completed,72,5816,2594,8410,363.79,28.29,0.53,Brand Awareness,Excellent
23726,2025-02-18,Google Ads,Asia Pacific,Desktop,New,Real Estate,Product Launch,Festival,9519.36,7573.95,1878178,84761,0.0451,0.09,4.03,22521,11546,0.1362,4811832.9,4804258.95,63431.35,15111,4373,2779,0.0119,58.51,451.29,2.8,86,Completed,33,1360,9986,11346,382.48,11.69,7.61,Brand Awareness,Excellent
3896,2023-02-16,YouTube,Africa,Mobile,Premium,Automobile,Seasonal Promotion,Autumn,6607.36,5293.59,2810529,228533,0.0813,0.02,1.88,40248,12388,0.0542,3361805.42,3356511.83,63407.1,13021,4565,1802,0.0069,47.84,510.52,4.4,27,Completed,12,1873,10358,12231,263.91,14.54,0.42,Sales Growth,Excellent
133663,2024-03-31,YouTube,Europe,Mobile,Enterprise,Travel,App Promotion,Festival,7382.35,5613.54,1190070,82651,0.0695,0.07,4.72,28870,7855,0.095,3564728.38,3559114.84,63402.32,13991,1677,2011,0.0149,75.32,212.35,4.1,73,Completed,78,3283,3956,7239,460.19,0.59,7.41,Retention,Excellent
272,2023-12-09,YouTube,Asia Pacific,Tablet,Senior,Education,Product Launch,Holiday,5268.75,5181.17,2032435,70316,0.0346,0.07,2.55,12324,5816,0.0827,3288576.44,3283395.27,63371.7,22734,2583,3657,0.0143,53.78,201.36,3.5,16,Completed,24,4558,1041,5599,499.64,29.96,8.78,Retention,Excellent
20188,2023-01-02,Instagram,South America,Smart TV,Premium,Fashion,Seasonal Promotion,Festival,12228.54,9976.35,2429469,229840,0.0946,0.04,4.11,68118,39951,0.1738,6315702.78,6305726.43,63206.75,44177,6173,6536,0.0234,64.34,38.97,2.6,23,Completed,90,23489,12776,36265,143.24,13.73,8.66,Sales Growth,Excellent
124738,2025-06-07,Twitter (X),Middle East,Mobile,Senior,Automobile,Product Launch,Holiday,25861.97,20629.46,1391077,121704,0.0875,0.17,14.83,44039,25246,0.2074,13056872.62,13036243.16,63192.36,17608,3167,920,0.0156,58.73,458.57,4.6,20,Completed,45,9263,14118,23381,463.87,25.34,1.6,Lead Generation,Excellent
57659,2025-10-02,Facebook,Asia Pacific,Mobile,Enterprise,Automobile,Retention,Festival,19821.24,15724.79,2743650,161924,0.059,0.1,5.73,62951,21979,0.1357,9947602.53,9931877.74,63160.64,43742,5749,7623,0.0208,34.7,252.65,2.6,82,Completed,87,18760,1682,20442,388.93,11.38,3.07,Brand Awareness,Excellent
126440,2023-02-12,TikTok,Middle East,Desktop,Premium,Electronics,Awareness,Winter,5765.97,4425.8,1212984,87118,0.0718,0.05,3.65,21742,10713,0.123,2795954.08,2791528.28,63073.98,17066,4407,1679,0.0191,20.21,572.03,3.9,86,Completed,57,8032,1777,9809,244.01,23.03,5.21,Sales Growth,Excellent
95619,2023-01-26,TikTok,South America,Desktop,New,Electronics,Product Launch,Winter,18781.52,14095.89,1282214,110496,0.0862,0.13,10.99,32820,19672,0.178,8899664.07,8885568.18,63036.59,9347,2850,913,0.0102,25.6,161.04,3.1,59,Completed,62,7680,10454,18134,397.25,7.17,1.34,Retention,Excellent
57569,2025-12-01,Google Ads,South America,Mobile,Enterprise,Automobile,Sales,Autumn,20098.14,17313.64,1952645,184057,0.0943,0.09,8.87,64723,35532,0.193,10919246.17,10901932.53,62967.31,23271,8116,3194,0.0177,48.35,370.6,3.0,94,Completed,83,7669,25795,33464,300.74,9.21,9.43,Sales Growth,Excellent
31999,2024-01-02,Twitter (X),Africa,Mobile,Enterprise,Finance,Product Launch,Festival,23633.77,20693.77,2760854,234357,0.0849,0.09,7.5,83099,26742,0.1141,13026555.33,13005861.56,62849.16,48795,15384,4948,0.025,27.79,428.64,2.6,10,Completed,63,23782,2704,26486,405.9,5.73,4.46,Brand Awareness,Excellent
126808,2024-11-22,Facebook,Europe,Smart TV,Returning,Healthcare,App Promotion,Spring,11064.94,10917.49,2960074,85937,0.029,0.13,3.69,33239,16274,0.1894,6868121.44,6857203.95,62809.34,34199,6130,2511,0.0145,44.76,570.81,3.5,35,Completed,88,7200,8262,15462,392.72,19.16,8.49,Sales Growth,Excellent
101744,2023-10-28,Twitter (X),Africa,Mobile,Premium,Education,Product Launch,Autumn,6425.44,5743.92,2930844,278766,0.0951,0.02,1.96,83394,41914,0.1504,3612731.36,3606987.44,62796.62,13127,3681,732,0.006,56.82,222.29,3.8,24,Completed,61,10529,31234,41763,85.5,21.4,4.29,Brand Awareness,Excellent
27606,2025-04-29,YouTube,Africa,Tablet,Student,Finance,Awareness,Festival,6987.46,5308.22,2663107,228658,0.0859,0.02,1.99,62130,22621,0.0989,3336301.95,3330993.73,62751.61,29442,11036,4826,0.017,56.64,551.23,3.8,47,Completed,25,6576,15098,21674,145.97,10.57,3.76,Sales Growth,Excellent
111791,2024-09-25,Instagram,Middle East,Mobile,Returning,Real Estate,Product Launch,Holiday,34997.16,32422.89,2337288,180887,0.0774,0.18,13.87,72194,41321,0.2284,20365164.9,20332742.01,62711.07,24565,5694,2293,0.0139,48.94,472.07,4.2,97,Completed,41,38331,6,38337,494.5,29.5,0.96,Lead Generation,Excellent
65580,2025-02-05,LinkedIn,Africa,Tablet,Premium,Fashion,Retention,Spring,22364.94,21038.28,1758607,165880,0.0943,0.13,11.96,54974,26857,0.1619,13206238.18,13185199.9,62672.42,20706,4336,1367,0.015,61.73,292.31,3.0,97,Completed,41,10613,15116,25729,405.03,20.61,2.17,Lead Generation,Excellent
34891,2024-11-21,Google Ads,North America,Mobile,Premium,Automobile,Sales,Spring,7129.42,6754.28,1123087,101183,0.0901,0.07,6.01,19298,7370,0.0728,4236334.47,4229580.19,62620.74,13949,4634,2339,0.0186,69.85,228.52,2.8,79,Running,14,2508,4694,7202,498.31,8.29,4.72,Brand Awareness,Excellent
130188,2023-05-11,Twitter (X),Europe,Tablet,New,Electronics,Awareness,Festival,10481.22,9579.05,1535804,92090,0.06,0.1,6.24,35838,16031,0.1741,5999120.18,5989541.13,62527.51,14609,2337,1855,0.0122,51.95,284.63,4.9,1,Running,20,13613,1184,14797,401.82,20.84,9.83,Sales Growth,Excellent
98865,2025-10-16,Instagram,Asia Pacific,Smart TV,New,Beauty,Sales,Summer,10803.33,9648.23,2194816,192013,0.0875,0.05,4.4,61640,26406,0.1375,6037470.36,6027822.13,62475.94,32119,7240,5573,0.0205,44.4,293.77,3.2,21,Completed,51,9045,15904,24949,226.03,1.11,2.21,Retention,Excellent
51429,2025-05-24,TikTok,Middle East,Tablet,Premium,Education,Product Launch,Holiday,12146.54,11697.42,2389050,86586,0.0362,0.14,4.9,28636,14452,0.1669,7318345.72,7306648.3,62463.76,32681,10695,5742,0.0206,72.23,197.85,3.2,73,Completed,37,2787,11065,13852,415.67,13.06,1.95,Retention,Excellent
51014,2023-01-28,Instagram,North America,Smart TV,Returning,Fashion,Sales,Spring,25964.71,20812.5,2924854,160032,0.0547,0.13,7.12,53156,26396,0.1649,13020470.38,12999657.88,62460.82,44736,15158,3542,0.0217,57.62,52.44,2.5,7,Completed,48,23268,1421,24689,448.22,10.52,4.97,Sales Growth,Excellent
15881,2024-11-09,LinkedIn,Europe,Desktop,Senior,Real Estate,Lead Generation,Holiday,13996.59,11974.41,1937883,141896,0.0732,0.08,6.18,36660,19934,0.1405,7490415.9,7478441.49,62453.53,30223,4687,4198,0.0202,33.73,387.98,4.5,73,Completed,19,1017,17042,18059,360.33,0.62,3.42,Brand Awareness,Excellent
51855,2025-10-09,LinkedIn,Africa,Smart TV,Premium,Electronics,Awareness,Spring,11004.41,9642.16,2941281,114604,0.039,0.08,3.28,37482,12724,0.111,6030666.7,6021024.54,62444.77,40666,8313,5526,0.0185,21.05,592.59,4.1,55,Completed,13,5725,5730,11455,496.2,3.65,4.72,Sales Growth,Excellent
50614,2024-02-05,TikTok,Africa,Mobile,Enterprise,Automobile,Lead Generation,Spring,21716.36,18179.67,2325923,198202,0.0852,0.09,7.82,76706,34603,0.1746,11363513.36,11345333.69,62406.71,14713,5510,2254,0.0097,58.49,587.71,3.1,8,Completed,66,1276,30725,32001,276.1,25.82,9.8,Lead Generation,Excellent
129523,2025-11-17,Facebook,Africa,Tablet,Returning,Fashion,Product Launch,Spring,9553.45,7404.02,2523656,247077,0.0979,0.03,2.93,45033,22252,0.0901,4618515.66,4611111.64,62278.49,41651,13505,6057,0.0243,38.06,228.48,2.7,22,Completed,83,3367,17920,21287,188.28,27.12,6.09,Retention,Excellent
98844,2023-12-21,Google Ads,Asia Pacific,Smart TV,Student,Fashion,Retention,Festival,21806.91,17440.83,2210128,218699,0.099,0.08,7.89,53208,24795,0.1134,10873118.12,10855677.29,62242.89,18837,6076,2790,0.0125,58.27,582.14,4.6,36,Completed,67,16116,7247,23363,381.2,19.33,9.8,Retention,Excellent
44794,2024-07-12,Instagram,South America,Mobile,Senior,Finance,Sales,Autumn,9114.97,7674.16,2333985,108295,0.0464,0.07,3.29,29151,9665,0.0892,4774732.74,4767058.58,62118.31,38754,10639,4084,0.0229,50.33,382.37,2.5,9,Completed,22,8042,868,8910,421.66,22.81,6.84,Lead Generation,Excellent
95936,2025-06-23,Facebook,North America,Mobile,Student,Electronics,Sales,Spring,5550.36,4701.34,1543410,149324,0.0967,0.03,3.05,41939,18259,0.1223,2924298.42,2919597.08,62101.38,21002,5066,2813,0.0187,47.07,260.75,2.8,93,Running,24,12250,4577,16827,173.47,28.3,0.61,Lead Generation,Excellent
99852,2025-04-06,YouTube,Europe,Desktop,New,Travel,Lead Generation,Holiday,15454.9,12906.84,2005540,198351,0.0989,0.07,6.44,52693,16729,0.0843,8023933.46,8011026.62,62068.07,19408,6000,3069,0.0142,32.45,217.33,4.4,72,Completed,24,14262,2336,16598,394.44,7.39,7.04,Lead Generation,Excellent
142030,2024-07-12,Twitter (X),Asia Pacific,Mobile,Senior,Finance,App Promotion,Festival,24221.02,19516.01,2475914,230494,0.0931,0.08,7.88,63755,21716,0.0942,12130311.33,12110795.32,62055.69,43942,16989,5477,0.0268,40.82,48.14,4.0,74,Completed,39,14327,6549,20876,492.15,1.28,8.57,Retention,Excellent
18472,2025-09-14,Facebook,Africa,Desktop,Enterprise,Healthcare,Awareness,Holiday,9956.33,7641.84,2818173,274866,0.0975,0.03,2.71,86306,42290,0.1539,4731873.84,4724232.0,61820.61,26175,8825,2413,0.0133,61.69,519.76,3.3,35,Completed,75,37428,3832,41260,96.49,26.82,5.91,Retention,Excellent
51758,2024-12-15,Instagram,Europe,Tablet,New,Real Estate,Seasonal Promotion,Autumn,14483.1,11828.3,1781199,172741,0.097,0.07,6.64,45474,13244,0.0767,7320132.26,7308303.96,61786.6,10786,2255,2128,0.0085,67.05,165.95,3.7,58,Completed,85,11887,695,12582,490.29,7.92,5.34,Lead Generation,Excellent
116065,2025-04-15,LinkedIn,Africa,Smart TV,Senior,Food,Awareness,Festival,10432.12,8685.43,2348042,96315,0.041,0.09,3.7,37352,20779,0.2157,5369704.87,5361019.44,61724.28,39240,8100,4509,0.0221,64.47,152.56,2.7,57,Running,70,13119,7453,20572,257.85,20.31,3.08,Brand Awareness,Excellent
145479,2024-11-30,YouTube,Middle East,Mobile,Enterprise,Finance,Retention,Winter,35976.5,28552.41,2149208,212263,0.0988,0.13,13.29,77516,40043,0.1886,17618911.93,17590359.52,61607.27,37185,6013,5826,0.0228,39.94,51.77,2.7,83,Completed,81,16282,22275,38557,418.78,0.53,6.25,Lead Generation,Excellent
142074,2023-01-22,Instagram,Europe,Mobile,Student,Education,Lead Generation,Summer,7993.07,7428.03,1954768,139435,0.0713,0.05,3.8,54270,27561,0.1977,4576954.86,4569526.83,61517.34,18302,5472,1484,0.0129,63.17,492.27,3.4,48,Completed,73,18440,7024,25464,142.42,14.87,4.95,Brand Awareness,Excellent
101175,2024-08-24,Facebook,Middle East,Mobile,Enterprise,Food,Lead Generation,Autumn,13650.13,11375.22,1835027,131452,0.0716,0.09,6.2,43471,24702,0.1879,7007437.43,6996062.21,61502.65,25312,5485,5059,0.0195,43.51,558.3,3.1,85,Running,38,3930,19183,23113,247.99,17.31,4.59,Sales Growth,Excellent
55613,2025-03-13,LinkedIn,Middle East,Mobile,Premium,Real Estate,App Promotion,Summer,12106.58,12024.32,1785292,167197,0.0937,0.07,6.74,48455,14012,0.0838,7399290.89,7387266.57,61436.04,34136,9488,6296,0.028,55.7,293.73,3.0,75,Completed,22,12863,102,12965,447.03,13.27,2.78,Retention,Excellent
42661,2023-06-20,Twitter (X),North America,Smart TV,Returning,Education,Sales,Autumn,5716.13,5177.46,1249755,84117,0.0673,0.06,4.14,21474,7622,0.0906,3177900.11,3172722.65,61279.52,21165,4579,3500,0.0234,63.99,65.07,3.9,76,Completed,42,5770,1833,7603,401.06,6.16,4.6,Retention,Excellent
137930,2025-11-12,YouTube,Africa,Smart TV,Premium,Real Estate,App Promotion,Holiday,7586.78,5727.77,2160316,211861,0.0981,0.03,2.65,42728,14128,0.0667,3514738.55,3509010.78,61263.12,34796,7013,5688,0.022,20.67,87.85,4.1,11,Completed,29,6943,6845,13788,252.96,7.56,6.88,Lead Generation,Excellent
25894,2025-07-03,Google Ads,Africa,Desktop,Senior,Beauty,Seasonal Promotion,Festival,23382.65,18431.97,2745684,268884,0.0979,0.07,6.71,81697,22858,0.085,11307329.55,11288897.58,61246.29,43431,13685,4177,0.0223,42.36,512.75,2.8,34,Completed,25,7439,14054,21493,415.33,17.8,9.47,Sales Growth,Excellent
35826,2023-04-17,Facebook,Asia Pacific,Tablet,Student,Electronics,Retention,Winter,25797.53,21699.97,2243602,117749,0.0525,0.18,9.67,41866,23859,0.2026,13311652.39,13289952.42,61244.11,26494,8118,3971,0.0172,79.76,360.67,2.8,84,Completed,14,20423,1378,21801,487.73,26.65,3.63,Brand Awareness,Excellent
25399,2023-08-28,Instagram,Middle East,Tablet,Senior,Beauty,Sales,Winter,7060.77,5410.27,406213,34973,0.0861,0.15,13.32,13789,7793,0.2228,3316808.19,3311397.92,61205.78,6223,2252,652,0.0225,57.31,188.72,4.0,51,Completed,73,4582,3112,7694,415.26,1.87,4.47,Lead Generation,Excellent
110640,2025-10-01,Twitter (X),North America,Tablet,Student,Finance,App Promotion,Autumn,19314.42,18689.1,2601894,235868,0.0907,0.08,7.18,39501,23556,0.0999,11456258.47,11437569.37,61199.14,24622,3439,3790,0.0122,72.69,247.14,4.4,48,Completed,40,7315,15714,23029,435.68,29.93,6.2,Sales Growth,Excellent
116212,2025-04-17,Instagram,South America,Tablet,Senior,Travel,App Promotion,Autumn,16191.43,15946.67,2740491,223229,0.0815,0.07,5.82,79651,27778,0.1244,9770994.34,9755047.67,61172.95,7032,2198,516,0.0036,65.57,139.38,3.9,44,Completed,17,3991,22557,26548,296.78,6.36,1.63,Sales Growth,Excellent
69263,2025-12-01,Facebook,Africa,Mobile,Returning,Automobile,Product Launch,Winter,9427.38,8986.27,2325002,187752,0.0808,0.05,3.87,20864,9135,0.0487,5501631.83,5492645.56,61122.64,5945,1182,320,0.0032,25.88,526.53,3.5,32,Completed,66,4330,4633,8963,499.95,5.08,7.55,Retention,Excellent
7295,2025-04-27,Google Ads,Africa,Mobile,Student,Food,Product Launch,Autumn,8099.27,6923.15,2533288,151779,0.0599,0.05,2.73,59594,25625,0.1688,4235599.09,4228675.94,61080.23,6003,1443,836,0.0033,43.54,249.14,4.9,7,Completed,68,5693,19289,24982,132.62,29.18,1.35,Retention,Excellent
36339,2023-11-28,Google Ads,Asia Pacific,Smart TV,Senior,Finance,Lead Generation,Summer,5362.13,4511.32,1754665,126265,0.072,0.04,2.57,30170,7578,0.06,2759712.06,2755200.74,61073.05,31455,3703,2490,0.0215,21.82,284.91,3.8,51,Completed,33,2546,5007,7553,329.13,13.2,5.01,Sales Growth,Excellent
71101,2025-08-25,Google Ads,Asia Pacific,Mobile,Student,Real Estate,Seasonal Promotion,Spring,8070.59,7155.19,1272192,95040,0.0747,0.08,5.62,28950,10940,0.1151,4375974.2,4368819.01,61058.04,24402,6906,2825,0.0268,23.18,228.24,4.5,87,Completed,21,1138,9037,10175,332.65,28.4,1.69,Lead Generation,Excellent
79944,2024-09-03,LinkedIn,Africa,Desktop,Returning,Finance,Seasonal Promotion,Autumn,5608.67,4612.65,1093264,104650,0.0957,0.04,4.22,23803,12464,0.1191,2817265.05,2812652.4,60976.93,2272,610,251,0.0029,24.72,57.18,2.9,33,Completed,58,10687,1733,12420,184.81,6.02,8.69,Brand Awareness,Excellent
175,2025-03-24,Instagram,Europe,Mobile,Premium,Automobile,App Promotion,Spring,5096.84,3866.8,1203204,76546,0.0636,0.05,3.21,19540,11672,0.1525,2361466.55,2357599.75,60970.3,7058,1372,1169,0.008,76.6,498.73,4.8,66,Running,78,9349,1708,11057,164.88,27.78,1.55,Lead Generation,Excellent
84468,2024-04-26,TikTok,Europe,Smart TV,Senior,Automobile,App Promotion,Winter,9580.81,7573.88,2442982,112539,0.0461,0.07,3.1,30322,16137,0.1434,4619941.65,4612367.77,60898.35,16512,2568,2596,0.0089,40.75,463.95,4.3,57,Completed,46,7379,7727,15106,255.08,16.72,9.22,Sales Growth,Excellent
47844,2025-09-17,Google Ads,South America,Desktop,New,Education,Sales,Holiday,17272.84,13064.73,1434305,101805,0.071,0.13,9.11,40116,16160,0.1587,7968160.72,7955095.99,60889.86,10449,2354,904,0.0096,59.48,164.76,4.4,84,Completed,64,10838,3846,14684,451.52,8.53,6.16,Sales Growth,Excellent
133597,2025-01-27,Instagram,Asia Pacific,Smart TV,New,Electronics,Awareness,Holiday,19079.19,15279.57,2158480,173933,0.0806,0.09,7.08,52442,23682,0.1362,9310634.54,9295354.97,60835.19,12747,2408,831,0.0074,40.41,67.32,3.9,37,Completed,7,15907,7481,23388,342.01,27.75,2.82,Lead Generation,Excellent
78747,2023-04-18,TikTok,Africa,Smart TV,Premium,Beauty,Sales,Autumn,11790.93,9691.56,1344739,68738,0.0511,0.14,7.21,18706,11021,0.1603,5896093.22,5886401.66,60737.4,20818,2782,2122,0.0191,79.81,199.77,3.1,48,Running,43,7281,3675,10956,455.74,26.64,4.1,Brand Awareness,Excellent
18068,2024-01-13,Instagram,Europe,Smart TV,New,Fashion,Seasonal Promotion,Holiday,14862.1,13769.11,2822178,238585,0.0845,0.06,4.88,56853,21304,0.0893,8376481.77,8362712.66,60735.32,37850,14990,2047,0.0194,25.67,133.6,3.2,64,Completed,83,13371,5818,19189,423.61,14.66,0.12,Retention,Excellent
115154,2023-06-12,TikTok,Africa,Desktop,Premium,Finance,Seasonal Promotion,Autumn,18547.59,18418.68,1872550,178804,0.0955,0.1,9.84,58111,26578,0.1486,11204078.7,11185660.02,60729.98,11712,1544,1452,0.0079,56.42,382.72,4.4,83,Completed,37,22185,4078,26263,375.1,12.0,0.33,Sales Growth,Excellent
127332,2023-03-24,LinkedIn,Asia Pacific,Desktop,Enterprise,Automobile,Product Launch,Holiday,16343.54,12596.65,2497148,135328,0.0542,0.09,5.04,41882,20752,0.1533,7655564.56,7642967.91,60674.61,41899,16143,4327,0.025,21.82,255.71,2.7,30,Completed,22,5561,13561,19122,365.13,5.59,6.15,Lead Generation,Excellent
64833,2024-08-24,Google Ads,Asia Pacific,Smart TV,Student,Finance,Retention,Summer,23620.43,20123.27,1643366,136181,0.0829,0.15,12.25,47328,23208,0.1704,12225545.26,12205421.99,60653.27,26409,9781,4152,0.0245,78.71,185.93,3.8,36,Completed,88,18152,3428,21580,437.5,27.71,4.32,Lead Generation,Excellent
4922,2024-11-26,LinkedIn,South America,Smart TV,Senior,Beauty,Seasonal Promotion,Winter,22738.5,19307.39,2068102,200226,0.0968,0.1,9.34,45376,25889,0.1293,11711685.81,11692378.42,60559.08,23792,8281,4141,0.0175,22.25,458.65,3.5,50,Completed,42,9339,14719,24058,386.35,6.17,0.45,Retention,Excellent
13890,2024-04-24,YouTube,Middle East,Tablet,Student,Electronics,Awareness,Spring,5657.41,5003.17,1057399,100031,0.0946,0.05,4.73,12498,7170,0.0717,3028889.63,3023886.46,60439.41,13032,4861,2427,0.0192,68.15,540.85,4.6,49,Completed,50,128,6475,6603,357.26,27.79,3.92,Lead Generation,Excellent
84184,2025-09-19,Google Ads,Africa,Smart TV,Senior,Finance,Lead Generation,Autumn,12863.55,10888.22,2362920,119150,0.0504,0.09,4.61,35336,16952,0.1423,6581687.14,6570798.92,60347.78,12085,4623,1761,0.0078,52.07,517.54,3.5,32,Completed,21,1991,13737,15728,361.4,19.28,7.91,Lead Generation,Excellent
34238,2024-07-21,TikTok,Europe,Tablet,Returning,Real Estate,Lead Generation,Spring,7149.97,5667.41,2066966,111301,0.0538,0.05,2.74,44006,13054,0.1173,3424859.18,3419191.77,60330.76,4708,1065,902,0.0032,67.17,560.84,4.2,48,Completed,70,1557,11331,12888,211.22,26.68,8.04,Retention,Excellent
110451,2025-12-20,TikTok,North America,Desktop,Returning,Beauty,App Promotion,Holiday,14618.5,13437.37,1009331,96369,0.0955,0.14,13.31,38323,19461,0.2019,8108083.59,8094646.22,60239.81,8374,2341,588,0.0112,21.32,440.13,3.0,66,Completed,74,11223,7850,19073,344.87,2.37,6.63,Retention,Excellent
39192,2023-12-16,Facebook,Asia Pacific,Smart TV,Premium,Fashion,Product Launch,Holiday,28072.29,24568.83,2388385,233373,0.0977,0.11,10.29,78240,37189,0.1594,14806411.03,14781842.2,60165.02,42751,15918,4450,0.0264,40.02,34.07,3.4,77,Completed,72,13954,20180,34134,370.24,12.77,4.66,Retention,Excellent
1208,2025-02-27,Instagram,Europe,Tablet,Senior,Electronics,Awareness,Spring,19670.72,18553.22,2606607,241591,0.0927,0.08,7.12,38502,22991,0.0952,11178602.79,11160049.57,60151.55,38341,14183,5990,0.0224,74.6,202.36,4.9,90,Completed,70,15951,4848,20799,468.15,25.9,0.75,Lead Generation,Excellent
17965,2024-05-03,Google Ads,North America,Tablet,Premium,Education,Product Launch,Holiday,13540.92,10791.74,2215317,99493,0.0449,0.11,4.87,31040,18339,0.1843,6501739.29,6490947.55,60147.37,18877,5669,3274,0.0126,59.21,120.83,4.8,65,Completed,68,2237,14920,17157,338.19,0.28,6.21,Sales Growth,Excellent
117354,2024-03-05,TikTok,South America,Desktop,Senior,Finance,Lead Generation,Festival,34284.36,32960.88,2270656,215550,0.0949,0.15,14.52,77012,42409,0.1967,19818646.48,19785685.6,60027.78,44286,15377,4682,0.0283,63.73,204.28,2.8,7,Completed,90,15579,24041,39620,430.87,24.86,6.44,Sales Growth,Excellent
58915,2024-01-12,Instagram,South America,Tablet,Premium,Beauty,Sales,Autumn,22158.91,16864.49,2933949,277055,0.0944,0.06,5.75,103739,41290,0.149,10127545.87,10110681.38,59952.49,20759,5024,1848,0.0094,73.08,452.01,3.4,2,Completed,46,16549,21209,37758,250.87,13.9,5.88,Brand Awareness,Excellent
132963,2024-04-10,Twitter (X),Europe,Tablet,New,Real Estate,App Promotion,Festival,11198.4,10078.75,2959402,116084,0.0392,0.09,3.41,25514,10653,0.0918,6041768.18,6031689.43,59845.61,42528,11283,6018,0.0202,79.84,397.58,3.2,13,Completed,19,10353,241,10594,494.27,10.68,2.76,Sales Growth,Excellent
38552,2023-06-03,Instagram,Africa,Mobile,New,Travel,Awareness,Autumn,7160.5,6400.49,2911637,260991,0.0896,0.02,2.2,68360,21513,0.0824,3834242.62,3827842.13,59805.45,53971,12018,8973,0.0257,43.85,395.36,2.8,63,Completed,10,7828,12571,20399,145.6,29.26,8.58,Retention,Excellent
59904,2024-08-07,Facebook,South America,Tablet,Student,Beauty,App Promotion,Winter,10031.65,8939.3,2508797,241696,0.0963,0.04,3.56,67515,28599,0.1183,5352571.57,5343632.27,59776.85,7749,2952,544,0.0045,54.46,233.13,2.7,35,Completed,68,12868,15102,27970,189.69,1.73,6.91,Retention,Excellent
72857,2025-10-22,Google Ads,South America,Mobile,Premium,Real Estate,Product Launch,Holiday,17103.14,14101.68,2476762,210405,0.085,0.07,5.69,46741,26854,0.1276,8432219.26,8418117.58,59695.85,36889,13720,2806,0.0216,69.44,200.48,2.9,91,Completed,67,5308,20390,25698,306.66,7.36,8.95,Brand Awareness,Excellent
3385,2023-12-25,Facebook,North America,Tablet,New,Fashion,Lead Generation,Spring,20864.38,20461.46,2257949,188034,0.0833,0.11,9.06,64602,23369,0.1243,12231118.2,12210656.74,59676.37,33364,9161,3401,0.0203,23.41,186.67,3.0,9,Completed,56,10405,12742,23147,485.02,15.79,7.15,Lead Generation,Excellent
107393,2025-12-11,Facebook,Europe,Tablet,Student,Beauty,App Promotion,Autumn,14724.7,12034.05,2142108,181147,0.0846,0.07,5.62,51497,26516,0.1464,7191313.36,7179279.31,59658.05,11045,2937,1864,0.0074,74.24,124.84,2.9,75,Completed,41,1297,24089,25386,259.03,26.93,7.22,Sales Growth,Excellent
39165,2023-03-13,Facebook,South America,Tablet,Senior,Finance,Seasonal Promotion,Holiday,20383.28,17864.57,2428483,224924,0.0926,0.08,7.36,79681,19824,0.0881,10651739.77,10633875.2,59524.94,23597,5845,4455,0.014,39.6,120.56,2.6,83,Completed,48,8281,10490,18771,475.94,6.51,9.03,Retention,Excellent
51822,2024-10-16,YouTube,North America,Tablet,Enterprise,Beauty,App Promotion,Winter,17957.11,15966.1,2634152,160891,0.0611,0.1,6.06,55872,15757,0.0979,9515261.62,9499295.52,59496.66,31534,3728,3729,0.0148,71.72,551.85,3.5,97,Completed,33,9755,5903,15658,473.56,18.16,3.62,Lead Generation,Excellent
124382,2023-09-27,Instagram,North America,Desktop,Enterprise,Beauty,Sales,Autumn,7970.88,6876.02,2211515,116546,0.0527,0.06,3.11,35918,9818,0.0842,4089187.97,4082311.95,59370.27,28470,4680,5083,0.0173,66.8,136.13,4.9,82,Completed,77,1213,8343,9556,388.26,29.21,7.85,Brand Awareness,Excellent
142255,2025-09-21,YouTube,Europe,Smart TV,Enterprise,Travel,Retention,Summer,11672.55,9772.8,2962394,221446,0.0748,0.04,3.3,57754,12635,0.0571,5804389.67,5794616.87,59293.31,58772,19057,4411,0.0278,68.52,354.39,4.8,30,Completed,85,11943,208,12151,459.6,1.73,8.78,Retention,Excellent
51095,2023-07-12,Instagram,Middle East,Desktop,Enterprise,Automobile,App Promotion,Winter,6496.41,6451.25,1182565,76304,0.0645,0.08,5.46,21883,10113,0.1325,3829775.26,3823324.01,59264.86,14477,4577,2519,0.0182,73.05,39.85,4.1,92,Completed,26,8290,1239,9529,369.13,8.75,0.73,Lead Generation,Excellent
125457,2024-03-16,YouTube,Asia Pacific,Tablet,Returning,Fashion,App Promotion,Festival,18802.05,17477.68,2555174,227445,0.089,0.08,6.84,74760,31134,0.1369,10355056.78,10337579.1,59147.32,39970,10047,5614,0.0218,35.38,532.77,3.2,45,Completed,65,19308,11009,30317,305.29,11.04,7.71,Sales Growth,Excellent
133000,2024-04-04,TikTok,Africa,Desktop,Premium,Food,Lead Generation,Summer,13084.6,11616.27,1286757,89256,0.0694,0.13,9.03,34230,16331,0.183,6877504.81,6865888.54,59105.79,3688,904,294,0.0038,74.91,564.17,4.0,13,Completed,54,13204,2135,15339,394.74,8.21,0.62,Retention,Excellent
83058,2024-02-27,LinkedIn,Europe,Mobile,Senior,Automobile,Lead Generation,Festival,5535.04,4900.71,1191754,88514,0.0743,0.06,4.11,12615,5982,0.0676,2900757.32,2895856.61,59090.55,6669,1173,835,0.0073,48.5,357.73,4.3,47,Completed,46,2599,3147,5746,440.22,6.16,3.01,Lead Generation,Excellent
53528,2023-10-31,TikTok,Africa,Mobile,Enterprise,Fashion,Lead Generation,Summer,13560.62,11965.07,2491990,204561,0.0821,0.06,4.8,51120,19776,0.0967,7077667.35,7065702.28,59052.75,23900,5497,2611,0.0128,43.4,532.33,4.8,38,Completed,61,4164,13704,17868,395.78,27.73,1.71,Brand Awareness,Excellent
127396,2025-01-02,LinkedIn,North America,Smart TV,New,Education,Sales,Holiday,5881.61,5861.38,2386774,206392,0.0865,0.03,2.46,22834,6602,0.032,3465739.96,3459878.58,59028.4,22077,7409,3352,0.0138,27.5,312.34,2.6,63,Completed,42,1796,4257,6053,480.92,23.1,8.44,Brand Awareness,Excellent
111416,2023-03-12,Instagram,Europe,Tablet,Senior,Automobile,App Promotion,Winter,17560.73,15220.09,1701251,164319,0.0966,0.09,8.95,45280,20306,0.1236,8988915.62,8973695.53,58959.54,9572,1140,1143,0.007,40.97,540.3,3.5,40,Completed,47,14753,4176,18929,410.84,26.48,2.41,Lead Generation,Excellent
113480,2024-05-09,LinkedIn,Asia Pacific,Smart TV,Student,Healthcare,App Promotion,Spring,5340.22,4531.58,2632122,56298,0.0214,0.08,1.72,8210,4453,0.0791,2665383.19,2660851.61,58717.97,8296,1928,613,0.0041,40.78,293.65,3.6,43,Completed,73,82,4194,4276,492.22,25.49,6.71,Retention,Excellent
60033,2023-05-15,Instagram,Africa,Mobile,Senior,Electronics,Sales,Spring,15204.12,14912.81,2850209,248017,0.087,0.06,5.23,66161,31289,0.1262,8770087.33,8755174.52,58709.09,45869,6151,3384,0.0194,25.73,485.51,4.5,94,Completed,51,17186,11716,28902,263.51,12.62,7.08,Lead Generation,Excellent
135092,2023-08-05,Instagram,Middle East,Tablet,Senior,Electronics,Lead Generation,Autumn,11571.45,10801.28,2457185,237119,0.0965,0.05,4.4,68054,29106,0.1227,6343701.42,6332900.14,58631.02,10938,2425,1643,0.0061,33.69,64.37,2.5,95,Completed,82,11760,17193,28953,199.73,27.24,8.1,Sales Growth,Excellent
29588,2024-01-30,LinkedIn,Europe,Mobile,Returning,Fashion,Awareness,Autumn,6452.44,5156.07,516766,36128,0.0699,0.14,9.98,14261,8416,0.2329,3025699.77,3020543.7,58582.29,5766,606,626,0.0135,38.94,364.15,3.3,76,Completed,78,1857,5919,7776,351.08,28.96,2.89,Lead Generation,Excellent
66205,2025-01-18,Google Ads,South America,Tablet,Senior,Food,Retention,Festival,14549.09,13345.83,1438575,133257,0.0926,0.1,9.28,34052,15551,0.1167,7816501.83,7803156.0,58468.87,21980,6104,1578,0.0206,43.44,264.73,2.7,53,Completed,42,2665,12183,14848,435.78,18.81,1.03,Retention,Excellent
60457,2023-01-23,Twitter (X),Asia Pacific,Tablet,Returning,Electronics,App Promotion,Festival,19744.19,18785.93,2733545,258661,0.0946,0.07,6.87,60870,32072,0.124,10996473.16,10977687.23,58435.69,44458,15985,4474,0.0237,27.43,275.93,4.7,94,Completed,28,1223,28147,29370,349.05,24.04,1.52,Lead Generation,Excellent
34301,2025-08-05,Instagram,North America,Mobile,Returning,Healthcare,Lead Generation,Autumn,17983.7,14840.39,2320588,206390,0.0889,0.07,6.4,61280,32754,0.1587,8683586.98,8668746.59,58413.2,44009,12166,4621,0.0262,67.18,408.49,3.3,21,Completed,76,1940,30020,31960,250.73,2.96,9.92,Brand Awareness,Excellent
49477,2025-04-25,Twitter (X),North America,Mobile,Enterprise,Automobile,Awareness,Summer,5137.14,4769.37,2366361,154566,0.0653,0.03,2.02,15465,5267,0.0341,2790167.5,2785398.13,58401.8,44850,17171,8217,0.0297,45.77,485.53,4.1,52,Completed,84,929,4058,4987,458.71,11.86,7.53,Lead Generation,Excellent
116464,2024-01-06,TikTok,Asia Pacific,Smart TV,Enterprise,Fashion,Product Launch,Summer,20537.51,18182.24,1516063,142732,0.0941,0.13,11.99,50580,23211,0.1626,10625047.06,10606864.82,58336.4,9351,1764,666,0.0078,53.7,504.07,2.9,28,Completed,71,18631,2818,21449,409.49,16.42,0.18,Lead Generation,Excellent
98283,2025-10-27,YouTube,Asia Pacific,Mobile,Student,Education,App Promotion,Winter,15416.5,13861.62,2350671,230978,0.0983,0.06,5.9,47379,28205,0.1221,8097997.68,8084136.06,58320.28,23475,5373,4388,0.0141,60.76,462.38,4.5,85,Completed,44,9642,18493,28135,286.54,1.33,1.6,Lead Generation,Excellent
63973,2024-08-27,Google Ads,South America,Mobile,New,Travel,Seasonal Promotion,Festival,7151.93,6988.55,2831331,189545,0.0669,0.04,2.47,60472,19166,0.1011,4079751.03,4072762.48,58277.65,19862,4882,3672,0.01,72.7,345.42,3.7,94,Completed,17,13292,4559,17851,195.04,19.2,0.76,Retention,Excellent
83525,2025-07-24,LinkedIn,Middle East,Tablet,Returning,Healthcare,App Promotion,Winter,19940.13,19251.58,2317885,207417,0.0895,0.09,8.31,52088,22551,0.1087,11220495.21,11201243.63,58183.5,29802,11589,4378,0.0197,46.71,277.32,3.3,14,Completed,15,2251,20061,22312,483.32,10.83,1.54,Brand Awareness,Excellent
131920,2023-11-07,TikTok,Asia Pacific,Desktop,Returning,Travel,Seasonal Promotion,Autumn,7368.29,6248.94,975543,59160,0.0606,0.11,6.41,23137,10805,0.1826,3638362.6,3632113.66,58123.68,14123,4957,1092,0.0207,26.46,151.16,3.2,86,Completed,25,70,10209,10279,288.01,20.45,3.26,Sales Growth,Excellent
64397,2025-01-10,YouTube,Africa,Smart TV,Returning,Food,Retention,Autumn,6906.22,6125.49,2351044,123203,0.0524,0.05,2.61,23993,10116,0.0821,3564495.64,3558370.15,58091.19,43186,4633,4608,0.0223,28.73,431.41,2.7,52,Completed,26,2888,6870,9758,350.24,20.48,7.02,Brand Awareness,Excellent
39144,2023-06-11,LinkedIn,Middle East,Smart TV,Student,Electronics,Sales,Summer,9027.66,8533.4,2231704,175967,0.0788,0.05,3.82,39416,12285,0.0698,4962560.62,4954027.22,58054.55,14484,2014,1502,0.0081,49.62,373.03,4.5,58,Completed,45,4371,7783,12154,349.56,29.37,6.77,Lead Generation,Excellent
74554,2025-08-30,YouTube,Middle East,Smart TV,Premium,Electronics,Product Launch,Autumn,17877.64,13682.12,2629470,258661,0.0984,0.05,5.2,70204,23641,0.0914,7952333.98,7938651.86,58022.09,51383,14064,9436,0.0285,22.64,465.14,2.8,77,Completed,54,17353,6087,23440,277.07,19.34,8.79,Lead Generation,Excellent
109632,2025-07-19,TikTok,Africa,Tablet,Enterprise,Education,Awareness,Autumn,5863.19,4783.07,1964345,137809,0.0702,0.03,2.43,25946,10421,0.0756,2779665.11,2774882.04,58014.67,23528,3622,3447,0.0156,29.23,127.98,3.9,40,Completed,76,9581,747,10328,246.57,18.67,2.3,Sales Growth,Excellent
53053,2024-10-26,YouTube,North America,Smart TV,Student,Travel,Lead Generation,Autumn,10775.64,10594.02,2247482,185194,0.0824,0.06,4.71,56074,13928,0.0752,6156213.95,6145619.93,58010.27,24016,9010,1546,0.0154,46.99,228.32,3.1,74,Completed,68,1909,10887,12796,432.14,9.55,3.52,Sales Growth,Excellent
89870,2024-01-02,TikTok,Asia Pacific,Smart TV,Enterprise,Automobile,Product Launch,Holiday,9132.75,8086.99,2821334,163259,0.0579,0.05,2.87,31164,16919,0.1036,4696039.78,4687952.79,57969.07,32704,8121,3123,0.0156,50.78,233.78,3.1,45,Completed,59,2934,12469,15403,263.23,25.78,3.23,Retention,Excellent
72071,2025-08-27,Twitter (X),Africa,Mobile,Senior,Travel,Product Launch,Winter,11212.83,10915.43,2241559,86083,0.0384,0.13,4.87,26722,11088,0.1288,6302303.37,6291387.94,57637.56,10019,2302,591,0.0058,79.03,282.31,3.0,47,Completed,58,3669,6449,10118,481.12,27.46,6.73,Sales Growth,Excellent
78619,2023-03-03,Facebook,Middle East,Desktop,Student,Beauty,Sales,Holiday,9786.13,9730.92,1689865,131665,0.0779,0.07,5.76,27962,14284,0.1085,5614623.26,5604892.34,57598.79,29331,9191,2229,0.0241,68.61,299.62,4.7,18,Completed,81,2514,11534,14048,386.72,14.66,9.5,Retention,Excellent
70026,2025-02-23,TikTok,Middle East,Mobile,Student,Travel,Sales,Spring,7265.86,5992.83,2631223,136044,0.0517,0.04,2.28,34227,16368,0.1203,3456782.86,3450790.03,57581.98,41268,6773,5337,0.0203,58.61,519.87,2.8,13,Completed,84,9865,5712,15577,171.42,9.97,6.06,Brand Awareness,Excellent
3352,2024-10-19,LinkedIn,Asia Pacific,Mobile,Student,Automobile,Lead Generation,Autumn,34665.37,32473.89,2522567,195074,0.0773,0.17,12.87,77462,43666,0.2238,18725801.93,18693328.04,57564.18,19504,5774,3002,0.0112,65.33,496.13,2.5,63,Completed,56,28306,12641,40947,355.34,6.57,0.44,Lead Generation,Excellent
40128,2024-05-31,Twitter (X),Africa,Tablet,Returning,Education,Awareness,Autumn,13521.44,12968.16,2659300,224595,0.0845,0.06,4.88,77699,30989,0.138,7467341.57,7454373.41,57482.12,26690,6966,2674,0.0137,58.74,293.21,2.5,61,Completed,26,28628,752,29380,244.83,21.91,9.94,Retention,Excellent
292,2025-08-04,Twitter (X),Asia Pacific,Mobile,Returning,Electronics,App Promotion,Winter,18225.35,16579.9,2843764,220324,0.0775,0.08,5.83,47225,23536,0.1068,9545999.11,9529419.21,57475.73,18515,5790,1304,0.009,60.22,294.62,3.7,11,Completed,77,21529,383,21912,430.77,7.27,9.5,Lead Generation,Excellent
99915,2025-07-24,LinkedIn,Europe,Smart TV,Student,Beauty,Awareness,Spring,16782.98,16357.6,2460776,128298,0.0521,0.13,6.65,38309,18610,0.1451,9406096.47,9389738.87,57402.91,27982,9941,5042,0.0175,46.08,112.86,3.8,20,Running,38,2980,15522,18502,430.99,16.62,5.39,Sales Growth,Excellent
4415,2023-11-21,Google Ads,North America,Mobile,Returning,Travel,App Promotion,Festival,5404.91,4143.77,1125097,99268,0.0882,0.04,3.68,21635,6142,0.0619,2381081.91,2376938.14,57361.73,15875,5416,3001,0.0216,20.88,481.5,4.6,40,Completed,19,3321,2226,5547,416.89,27.86,3.98,Brand Awareness,Excellent
91772,2024-06-25,Google Ads,Africa,Desktop,Returning,Fashion,Seasonal Promotion,Autumn,10786.62,8529.19,2339314,111415,0.0476,0.08,3.65,38713,17310,0.1554,4887776.3,4879247.11,57206.45,28009,8426,2820,0.0168,78.03,537.01,4.6,88,Completed,87,12725,3064,15789,257.88,29.65,5.4,Lead Generation,Excellent
75668,2025-10-24,TikTok,Africa,Mobile,Returning,Automobile,Retention,Autumn,9387.79,7134.92,2674706,49842,0.0186,0.14,2.67,17010,9405,0.1887,4081073.43,4073938.51,57098.59,26535,7960,3596,0.0142,74.77,261.81,4.8,27,Completed,51,7899,1270,9169,432.34,15.88,0.98,Retention,Excellent
122294,2024-07-18,Twitter (X),South America,Smart TV,Senior,Automobile,App Promotion,Summer,35288.39,27045.45,2928784,289193,0.0987,0.09,9.23,80006,36758,0.1271,15461537.03,15434491.58,57068.72,57322,8069,7400,0.0249,62.3,270.6,3.2,25,Completed,37,28856,4724,33580,386.97,10.46,8.24,Sales Growth,Excellent
43082,2024-05-26,YouTube,Africa,Smart TV,Premium,Travel,App Promotion,Autumn,21337.53,17680.78,1998113,189244,0.0947,0.09,8.85,63275,34421,0.1819,10105449.22,10087768.44,57055.0,16165,3910,1426,0.0108,42.96,503.23,4.9,56,Completed,54,23146,10426,33572,262.89,25.86,6.88,Lead Generation,Excellent
7943,2024-11-09,Facebook,Africa,Smart TV,Premium,Beauty,Sales,Holiday,15251.79,13068.72,2608539,243517,0.0934,0.05,5.01,68563,17751,0.0729,7466587.97,7453519.25,57033.28,43931,6626,8353,0.0226,28.74,426.69,2.9,97,Completed,14,5359,11574,16933,347.71,29.4,6.52,Lead Generation,Excellent
30588,2024-11-26,Instagram,North America,Smart TV,Senior,Electronics,Sales,Spring,17569.15,13448.32,948180,81575,0.086,0.16,14.18,32208,18195,0.223,7647972.12,7634523.8,56769.35,10325,2587,540,0.0142,41.34,271.95,2.6,73,Completed,43,5344,12529,17873,372.89,5.67,7.01,Lead Generation,Excellent
31647,2023-02-09,Twitter (X),Asia Pacific,Mobile,Senior,Finance,Seasonal Promotion,Summer,9816.13,8401.64,2523563,188401,0.0747,0.04,3.33,21526,8690,0.0461,4777515.83,4769114.19,56764.09,11997,3990,1672,0.007,28.5,538.98,4.1,31,Completed,66,3289,5004,8293,447.48,14.2,7.68,Retention,Excellent
2701,2025-05-29,Google Ads,South America,Smart TV,Senior,Electronics,Sales,Summer,8711.83,7507.46,2938257,136050,0.0463,0.06,2.56,25385,11874,0.0873,4268977.78,4261470.32,56763.14,31747,5376,4662,0.0142,60.49,378.7,4.3,32,Completed,18,2866,8079,10945,385.69,16.42,5.83,Lead Generation,Excellent
114280,2023-05-02,LinkedIn,Europe,Smart TV,Premium,Electronics,Seasonal Promotion,Holiday,21740.62,16510.36,1060793,98871,0.0932,0.17,15.56,32778,18461,0.1867,9380756.37,9364246.01,56717.39,16330,6244,1148,0.0224,66.99,115.98,3.7,83,Running,55,15344,2128,17472,424.68,23.13,3.13,Retention,Excellent
81704,2024-11-05,Facebook,Asia Pacific,Tablet,Student,Beauty,Seasonal Promotion,Winter,11857.09,10181.13,2785058,180704,0.0649,0.06,3.66,55347,11289,0.0625,5782986.51,5772805.38,56701.03,55573,16950,10771,0.0299,51.96,161.55,4.2,78,Completed,61,6115,4151,10266,437.42,7.96,4.01,Sales Growth,Excellent
67318,2023-04-03,Google Ads,North America,Tablet,Senior,Finance,Product Launch,Autumn,12461.37,9795.82,2561740,250510,0.0978,0.04,3.82,57138,15629,0.0624,5561443.12,5551647.3,56673.64,34362,12900,5001,0.0204,27.12,190.42,2.8,19,Completed,18,9034,6180,15214,345.61,19.15,5.68,Retention,Excellent
123090,2024-10-30,TikTok,North America,Smart TV,Returning,Healthcare,Retention,Spring,9866.93,9599.13,1695689,101618,0.0599,0.09,5.66,27030,15078,0.1484,5442153.06,5432553.93,56594.23,8212,3142,526,0.007,50.34,343.55,4.3,88,Completed,10,4475,9200,13675,395.18,20.12,0.51,Lead Generation,Excellent
22449,2023-11-09,Google Ads,South America,Smart TV,Returning,Food,Retention,Winter,13066.38,11947.29,2828170,270555,0.0957,0.04,4.22,51422,19357,0.0715,6765599.14,6753651.85,56528.73,21610,4093,1719,0.0097,58.64,467.81,4.6,4,Completed,39,1627,15881,17508,332.25,25.12,0.93,Retention,Excellent
138498,2023-07-31,Facebook,Middle East,Smart TV,Enterprise,Automobile,Seasonal Promotion,Summer,16894.29,13151.1,2801437,267749,0.0956,0.05,4.69,83328,30901,0.1154,7445825.32,7432674.22,56517.51,27929,4130,3033,0.0125,50.08,475.5,3.6,51,Completed,11,10760,20132,30892,219.01,13.67,8.32,Sales Growth,Excellent
128132,2023-05-04,YouTube,Europe,Desktop,Premium,Beauty,Seasonal Promotion,Spring,7606.76,7139.2,2549713,207774,0.0815,0.03,2.8,31245,9144,0.044,4041617.76,4034478.56,56511.63,7436,1724,510,0.0038,37.41,148.54,4.3,53,Completed,75,7947,298,8245,466.5,9.74,8.78,Lead Generation,Excellent
22458,2024-11-09,Twitter (X),North America,Desktop,Senior,Fashion,Lead Generation,Spring,45737.71,36907.34,2971755,282372,0.095,0.13,12.42,105402,53845,0.1907,20838695.49,20801788.15,56362.2,32803,7162,5589,0.0153,37.71,60.03,4.1,45,Completed,16,11780,38854,50634,340.91,19.71,9.05,Brand Awareness,Excellent
19341,2024-04-17,TikTok,South America,Smart TV,Premium,Real Estate,Lead Generation,Winter,20337.1,19227.82,1650269,140012,0.0848,0.14,11.65,54412,28712,0.2051,10841741.62,10822513.8,56285.7,32585,6528,3354,0.0257,62.31,303.71,4.7,33,Completed,8,19849,7883,27732,315.38,6.44,7.95,Lead Generation,Excellent
108625,2025-11-14,Google Ads,Middle East,Tablet,Premium,Healthcare,Sales,Winter,10394.86,8244.34,2576207,226475,0.0879,0.04,3.2,48537,17092,0.0755,4643533.52,4635289.18,56223.9,43976,14578,5297,0.0248,32.24,232.44,4.6,39,Completed,84,4086,12920,17006,246.91,5.1,4.65,Sales Growth,Excellent
50244,2025-06-01,YouTube,South America,Desktop,Student,Food,Seasonal Promotion,Winter,23690.24,19188.85,2387067,158694,0.0665,0.12,8.04,59049,19849,0.1251,10804928.6,10785739.75,56208.37,11412,3108,1367,0.0067,36.06,179.22,3.3,73,Completed,63,5428,14023,19451,444.22,28.97,5.97,Retention,Excellent
144187,2023-08-09,Facebook,Asia Pacific,Desktop,Returning,Beauty,Product Launch,Festival,30669.87,29165.41,2594081,255269,0.0984,0.11,11.24,56782,31343,0.1228,16419563.83,16390398.42,56198.07,21097,6389,2527,0.0116,55.87,260.08,3.4,84,Completed,39,3083,26261,29344,436.87,0.63,4.83,Lead Generation,Excellent
13566,2025-11-08,Twitter (X),North America,Smart TV,Enterprise,Fashion,Awareness,Autumn,12777.5,9687.61,2566595,146006,0.0569,0.07,3.77,40358,15558,0.1066,5450912.07,5441224.46,56166.84,26100,4296,3190,0.0131,59.52,31.59,3.5,55,Completed,83,654,14348,15002,303.92,8.07,3.22,Retention,Excellent
12210,2024-06-02,Twitter (X),South America,Desktop,New,Beauty,Retention,Holiday,8874.21,7100.14,2137893,146347,0.0685,0.05,3.32,47468,21706,0.1483,3982484.54,3975384.4,55990.23,37556,13793,6892,0.0272,26.94,486.06,3.2,62,Completed,48,5827,14000,19827,194.06,1.67,2.71,Lead Generation,Excellent
100955,2023-11-14,Google Ads,Asia Pacific,Mobile,Enterprise,Fashion,Product Launch,Autumn,8157.71,7607.8,2090977,131559,0.0629,0.06,3.64,46556,10652,0.081,4264313.71,4256705.91,55951.86,31745,10611,4857,0.0226,70.9,521.58,4.1,65,Running,67,3876,5882,9758,426.13,8.03,0.96,Brand Awareness,Excellent
54847,2023-03-10,TikTok,South America,Tablet,Premium,Education,App Promotion,Spring,7467.88,5603.74,2376035,69324,0.0292,0.08,2.36,23834,8004,0.1155,3135407.09,3129803.35,55852.04,46371,8730,5722,0.0256,46.72,355.48,4.2,56,Completed,34,1125,6869,7994,382.31,1.13,7.21,Brand Awareness,Excellent
118192,2023-12-28,Google Ads,Asia Pacific,Tablet,Senior,Finance,Sales,Winter,9346.57,7749.67,2234899,104053,0.0466,0.07,3.47,29640,10238,0.0984,4332041.32,4324291.65,55799.69,22227,2418,1517,0.0117,78.82,103.17,4.3,48,Completed,35,6432,3026,9458,409.07,22.78,7.89,Brand Awareness,Excellent
121533,2024-07-21,LinkedIn,North America,Mobile,Returning,Real Estate,Product Launch,Holiday,18549.07,16535.09,1977072,177072,0.0896,0.09,8.36,55423,24495,0.1383,9237064.79,9220529.7,55763.41,25269,8599,2546,0.0184,45.87,181.32,3.1,93,Completed,75,702,21764,22466,381.67,20.09,7.26,Brand Awareness,Excellent
138673,2023-07-09,Facebook,Asia Pacific,Tablet,Premium,Electronics,Seasonal Promotion,Holiday,19963.67,15477.59,2511783,219161,0.0873,0.07,6.16,84271,49626,0.2264,8645521.02,8630043.43,55758.32,16028,4274,1620,0.0087,47.29,332.09,3.7,94,Completed,71,7562,39335,46897,172.9,17.67,7.2,Sales Growth,Excellent
56092,2025-04-11,Twitter (X),Europe,Tablet,New,Beauty,Retention,Winter,13862.57,12077.93,1914377,134488,0.0703,0.09,6.31,44121,22948,0.1706,6741092.37,6729014.44,55713.31,28963,10413,1772,0.0215,45.08,496.94,2.9,12,Running,76,17817,4163,21980,244.8,3.23,8.89,Lead Generation,Excellent
44444,2025-02-04,TikTok,Europe,Smart TV,Student,Real Estate,Sales,Winter,40516.11,37039.38,2701894,252678,0.0935,0.15,13.71,86974,45582,0.1804,20645989.05,20608949.67,55640.64,47735,12430,2634,0.0232,43.35,415.49,2.8,85,Completed,13,8482,33981,42463,474.34,22.13,2.97,Retention,Excellent
81987,2023-11-26,TikTok,Asia Pacific,Mobile,Premium,Travel,Lead Generation,Festival,16221.25,13572.31,1414099,76840,0.0543,0.18,9.6,22925,12483,0.1625,7561206.21,7547633.9,55610.53,8896,2926,1336,0.0093,78.1,313.12,3.3,74,Completed,83,6249,6031,12280,491.91,27.9,7.11,Lead Generation,Excellent
78232,2023-05-16,Facebook,Middle East,Smart TV,Student,Real Estate,Sales,Winter,23563.74,22403.92,2705500,217465,0.0804,0.1,8.28,60005,30222,0.139,12452334.12,12429930.2,55481.05,25072,3661,4060,0.0121,20.89,435.66,3.3,73,Running,70,9666,19358,29024,395.57,9.73,1.16,Sales Growth,Excellent
44720,2025-06-10,YouTube,Africa,Smart TV,Premium,Food,App Promotion,Holiday,16942.71,16863.03,2118395,185388,0.0875,0.09,7.96,68694,30000,0.1618,9367380.58,9350517.55,55449.81,9869,3042,1728,0.0069,53.22,317.75,3.9,100,Completed,67,1530,26052,27582,309.06,1.04,2.29,Lead Generation,Excellent
83146,2025-01-11,YouTube,Africa,Mobile,New,Education,App Promotion,Winter,10570.03,9427.91,2664953,80597,0.0302,0.12,3.54,20046,11115,0.1379,5232959.85,5223531.94,55404.98,19761,4570,1560,0.0097,52.9,249.18,3.4,70,Completed,40,5305,5409,10714,396.85,22.13,0.48,Brand Awareness,Excellent
82401,2025-03-21,Google Ads,North America,Mobile,New,Real Estate,Seasonal Promotion,Summer,8233.23,7522.82,1623316,143809,0.0886,0.05,4.63,36518,10667,0.0742,4173756.67,4166233.85,55381.28,12587,2212,1614,0.0101,74.71,485.28,3.4,42,Completed,24,959,9653,10612,363.0,0.97,9.92,Brand Awareness,Excellent
80635,2025-03-08,Instagram,North America,Desktop,Student,Fashion,App Promotion,Winter,33000.79,28477.33,2508353,190733,0.076,0.15,11.35,76114,43442,0.2278,15766934.74,15738457.41,55266.62,8473,1828,772,0.0044,65.51,595.24,3.6,27,Completed,81,3743,39503,43246,305.56,11.02,5.42,Retention,Excellent
72774,2024-11-06,Twitter (X),North America,Mobile,Premium,Fashion,Seasonal Promotion,Autumn,24680.98,20765.02,2860249,230404,0.0806,0.09,7.26,80978,36643,0.159,11476077.98,11455312.96,55166.4,44667,8673,5329,0.0205,33.11,467.01,3.9,93,Completed,81,2703,33324,36027,254.6,29.5,6.73,Brand Awareness,Excellent
119195,2024-01-31,Google Ads,North America,Smart TV,Enterprise,Fashion,App Promotion,Winter,5691.54,4675.45,2832597,174666,0.0617,0.03,1.65,31817,13346,0.0764,2582951.39,2578275.94,55144.98,12214,4141,1725,0.0064,51.45,294.01,2.9,71,Completed,89,6919,6387,13306,158.41,4.0,8.0,Retention,Excellent
96958,2025-11-10,YouTube,North America,Smart TV,Returning,Real Estate,Retention,Festival,14156.38,12369.61,1965347,132509,0.0674,0.09,6.29,51754,21966,0.1658,6832377.47,6820007.86,55135.19,8715,2113,705,0.0059,72.15,305.98,4.6,69,Completed,11,3224,17323,20547,297.8,28.23,2.19,Sales Growth,Excellent
17930,2023-06-28,Instagram,Africa,Smart TV,Premium,Education,Lead Generation,Holiday,7476.65,7437.8,1606173,106350,0.0662,0.07,4.63,42079,20665,0.1943,4103660.18,4096222.38,55073.04,23429,3600,2534,0.0184,59.64,400.86,2.8,11,Completed,45,17101,3474,20575,170.68,14.15,9.75,Retention,Excellent
74882,2024-02-17,TikTok,South America,Tablet,Enterprise,Beauty,Awareness,Festival,10677.56,9533.67,2759478,141193,0.0512,0.07,3.45,24447,10681,0.0756,5255322.85,5245789.18,55023.82,8322,2966,853,0.0044,63.74,251.05,2.8,32,Completed,63,9260,644,9904,441.42,4.42,0.05,Lead Generation,Excellent
47575,2025-01-20,Google Ads,North America,Tablet,New,Beauty,Product Launch,Spring,18783.86,14998.9,2918087,225691,0.0773,0.07,5.14,48694,15814,0.0701,8261905.43,8246906.53,54983.41,20261,3075,2970,0.009,24.52,104.16,3.0,34,Completed,14,12557,1818,14375,450.98,19.82,9.62,Brand Awareness,Excellent
82636,2025-05-14,LinkedIn,Europe,Mobile,Enterprise,Beauty,Product Launch,Winter,9353.26,7449.4,2184867,153141,0.0701,0.05,3.41,19511,11614,0.0758,4102981.4,4095532.0,54978.01,34775,11443,5764,0.0238,31.95,360.77,4.6,26,Completed,60,7584,3306,10890,346.68,14.8,0.34,Brand Awareness,Excellent
85202,2025-04-28,Facebook,North America,Tablet,Enterprise,Beauty,Awareness,Holiday,37842.27,29469.52,2931160,266668,0.091,0.11,10.05,84010,30373,0.1139,16226127.87,16196658.35,54960.71,49081,8070,9519,0.0227,73.64,381.02,3.1,88,Running,70,1961,28391,30352,495.37,0.67,9.35,Retention,Excellent
59894,2023-01-16,LinkedIn,South America,Mobile,Senior,Education,Retention,Summer,5367.69,4610.51,1509242,56975,0.0378,0.08,3.05,8802,5002,0.0878,2538009.93,2533399.42,54948.36,8861,967,531,0.0069,67.2,445.65,4.7,24,Running,28,2885,1856,4741,415.14,15.6,9.11,Lead Generation,Excellent
36453,2025-09-01,Twitter (X),South America,Smart TV,Returning,Electronics,Retention,Spring,8463.55,6797.9,2426963,120504,0.0497,0.06,2.8,40044,14156,0.1175,3739813.32,3733015.42,54914.24,31918,11381,3357,0.0192,48.29,179.82,5.0,89,Completed,41,3757,10240,13997,218.91,7.61,1.75,Brand Awareness,Excellent
141878,2023-07-18,Twitter (X),South America,Tablet,Enterprise,Food,Retention,Summer,8244.38,6243.17,2894492,159307,0.055,0.04,2.16,37821,12348,0.0775,3434467.04,3428223.87,54911.59,44212,15436,5458,0.0225,47.68,456.46,5.0,10,Completed,55,4759,7217,11976,266.18,1.18,6.84,Sales Growth,Excellent
27340,2025-11-09,TikTok,Asia Pacific,Tablet,Premium,Education,Sales,Autumn,33201.15,32362.55,2420258,232476,0.0961,0.14,13.37,89725,42779,0.184,17792685.65,17760323.1,54879.24,15615,4534,2590,0.0094,72.96,463.98,2.7,22,Completed,40,21719,18745,40464,352.95,4.61,8.16,Lead Generation,Excellent
134754,2023-12-22,Google Ads,South America,Desktop,New,Beauty,Product Launch,Autumn,8991.03,6743.73,1507937,87368,0.0579,0.08,4.47,32579,9010,0.1031,3706296.48,3699552.75,54859.15,25903,9559,4602,0.0266,25.72,51.9,3.7,31,Completed,88,967,7398,8365,407.03,18.54,1.82,Retention,Excellent
134587,2023-03-18,Facebook,Middle East,Desktop,New,Education,Awareness,Summer,24955.75,19727.92,2113440,124205,0.0588,0.16,9.33,42264,20647,0.1662,10839593.91,10819865.99,54845.45,34793,13330,3338,0.0243,20.06,52.48,4.5,99,Completed,46,5809,14035,19844,461.66,5.29,4.55,Sales Growth,Excellent
115397,2024-03-08,Facebook,Africa,Mobile,Returning,Electronics,Awareness,Winter,24436.57,21768.42,2524041,235166,0.0932,0.09,8.62,59972,31996,0.1361,11957340.61,11935572.19,54829.76,16209,1649,2098,0.0079,32.17,324.7,4.2,52,Completed,67,28747,2546,31293,323.33,27.84,4.83,Brand Awareness,Excellent
133392,2024-10-08,YouTube,Asia Pacific,Desktop,Enterprise,Education,App Promotion,Autumn,10448.51,9104.06,1749492,153301,0.0876,0.06,5.2,54899,18599,0.1213,5000289.41,4991185.35,54823.73,8909,2450,1341,0.0073,53.55,591.82,3.9,91,Completed,74,11441,6235,17676,231.49,16.54,0.24,Sales Growth,Excellent
24634,2023-06-17,Instagram,Europe,Smart TV,Premium,Finance,App Promotion,Festival,27171.3,22713.63,2456127,228689,0.0931,0.1,9.25,54729,24974,0.1092,12468015.22,12445301.59,54792.22,40019,9887,4722,0.0222,56.25,100.49,3.0,23,Completed,24,22260,838,23098,497.67,14.41,6.05,Retention,Excellent
53146,2024-02-14,YouTube,Europe,Smart TV,New,Electronics,App Promotion,Summer,34634.92,31617.11,2563849,199682,0.0779,0.16,12.33,77729,44748,0.2241,17351265.48,17319648.37,54779.35,28395,3649,3968,0.014,36.69,270.85,2.8,11,Completed,45,31337,9551,40888,333.38,1.7,8.45,Lead Generation,Excellent
124638,2025-01-21,Facebook,Africa,Smart TV,Returning,Beauty,Product Launch,Spring,12659.85,11930.74,2989150,145298,0.0486,0.08,3.99,50556,18285,0.1258,6544396.83,6532466.09,54753.23,30327,6732,3685,0.0136,28.25,439.64,3.4,51,Completed,58,16188,446,16634,350.3,16.07,3.87,Lead Generation,Excellent
77881,2024-01-15,TikTok,North America,Mobile,Returning,Food,Retention,Autumn,5159.97,4562.63,2463814,58760,0.0238,0.08,1.85,17601,5265,0.0896,2497479.91,2492917.28,54637.73,45702,6986,3192,0.0227,57.85,145.97,3.2,54,Completed,53,3510,1324,4834,488.2,9.84,9.55,Sales Growth,Excellent
91341,2024-04-29,TikTok,Europe,Mobile,Student,Travel,Lead Generation,Winter,12965.65,9984.51,1522479,124729,0.0819,0.08,6.56,19065,10905,0.0874,5456325.3,5446340.79,54547.9,23107,4913,4427,0.0213,62.56,434.9,2.9,85,Completed,24,3946,6068,10014,491.83,11.14,5.98,Lead Generation,Excellent
117945,2023-10-04,YouTube,Europe,Mobile,Premium,Travel,Seasonal Promotion,Winter,5717.58,4420.06,2671910,57039,0.0213,0.08,1.65,16741,7069,0.1239,2414363.8,2409943.74,54522.87,46213,10879,3557,0.0227,30.33,82.67,4.8,79,Completed,34,1269,5708,6977,292.88,14.65,7.73,Retention,Excellent
124352,2025-12-31,TikTok,Asia Pacific,Desktop,Premium,Automobile,Lead Generation,Summer,20266.93,18691.97,1348129,116225,0.0862,0.16,13.87,43839,24942,0.2146,10195131.58,10176439.61,54442.84,8628,3162,543,0.0091,48.8,36.74,3.8,39,Completed,33,18345,4312,22657,370.81,0.22,1.86,Sales Growth,Excellent
67683,2023-09-06,Facebook,North America,Smart TV,Returning,Automobile,Lead Generation,Summer,35644.29,29631.45,2327700,231665,0.0995,0.13,12.73,66291,39682,0.1713,16152116.0,16122484.55,54410.04,16007,4993,2435,0.0101,50.77,221.02,4.4,67,Completed,26,16841,21823,38664,331.89,3.57,0.09,Lead Generation,Excellent
64814,2023-03-30,LinkedIn,North America,Desktop,New,Travel,Product Launch,Autumn,12205.62,9845.31,2527558,65410,0.0259,0.15,3.9,24080,11528,0.1762,5362903.78,5353058.47,54371.66,13610,2444,2671,0.0074,27.28,412.36,3.7,11,Completed,35,6776,3990,10766,399.07,2.4,3.19,Brand Awareness,Excellent
40016,2023-11-18,LinkedIn,Asia Pacific,Smart TV,Returning,Electronics,Seasonal Promotion,Spring,11300.51,9146.21,1451019,118300,0.0815,0.08,6.3,47234,25986,0.2197,4974031.39,4964885.18,54283.52,11465,2840,2147,0.0113,26.91,561.63,4.3,55,Completed,86,21833,1979,23812,199.36,8.0,8.47,Brand Awareness,Excellent
127129,2024-08-02,Google Ads,South America,Tablet,Premium,Automobile,Lead Generation,Spring,14626.57,12307.56,2743731,158277,0.0577,0.08,4.49,46724,12619,0.0797,6685433.56,6673126.0,54219.73,34096,7113,2203,0.0158,31.32,418.32,4.1,53,Completed,10,4783,7568,12351,491.43,27.66,7.3,Lead Generation,Excellent
101328,2025-08-03,Google Ads,Asia Pacific,Smart TV,Enterprise,Electronics,Product Launch,Spring,18147.94,13930.24,1830296,134931,0.0737,0.1,7.61,42016,22313,0.1654,7565059.11,7551128.87,54206.74,8804,2099,1113,0.0066,25.62,438.51,4.1,61,Completed,13,4737,15356,20093,292.81,3.92,9.74,Lead Generation,Excellent
112670,2025-01-22,Twitter (X),South America,Tablet,Student,Beauty,Lead Generation,Autumn,6991.62,5628.22,1321997,106103,0.0803,0.05,4.26,15408,8933,0.0842,3047855.07,3042226.85,54053.09,19848,3805,1045,0.0187,27.53,360.12,4.1,59,Completed,86,3888,4234,8122,303.86,7.55,5.12,Retention,Excellent
126113,2023-11-12,YouTube,Europe,Tablet,Senior,Fashion,Retention,Winter,21435.87,17368.64,2987963,237715,0.0796,0.07,5.81,65349,34041,0.1432,9403558.4,9386189.76,54041.02,45310,15868,3452,0.0216,30.79,327.47,2.7,59,Completed,55,18890,12888,31778,271.18,4.02,1.02,Sales Growth,Excellent
60174,2025-08-12,TikTok,North America,Smart TV,Premium,Beauty,Lead Generation,Winter,5031.8,4942.28,2163963,153991,0.0712,0.03,2.28,26989,7663,0.0498,2673598.12,2668655.84,53996.45,22061,8180,3122,0.0154,56.12,443.86,2.8,61,Completed,28,5411,1612,7023,340.01,27.28,2.71,Lead Generation,Excellent
83202,2025-04-13,TikTok,North America,Desktop,Enterprise,Finance,Lead Generation,Winter,38292.46,31089.86,2611418,239441,0.0917,0.13,11.91,89126,45550,0.1902,16815723.93,16784634.07,53987.49,8556,1209,1540,0.0043,68.45,540.96,5.0,48,Completed,72,12254,32118,44372,349.15,12.39,2.69,Brand Awareness,Excellent
94956,2023-12-01,Google Ads,Asia Pacific,Mobile,Enterprise,Real Estate,Seasonal Promotion,Holiday,11834.56,10496.72,2620954,236228,0.0901,0.04,4.0,49032,24253,0.1027,5674905.58,5664408.86,53963.61,38349,12725,5565,0.0216,40.08,355.44,4.5,87,Completed,55,13082,9272,22354,203.67,6.1,5.27,Sales Growth,Excellent
111489,2024-05-19,Instagram,North America,Mobile,New,Education,App Promotion,Holiday,27965.85,21790.83,2886026,233444,0.0809,0.09,7.55,65455,29954,0.1283,11774393.19,11752602.36,53933.71,9548,2810,1200,0.0047,24.89,311.24,2.8,37,Completed,50,23743,4222,27965,332.44,0.72,7.43,Retention,Excellent
111558,2025-04-21,Instagram,Europe,Mobile,New,Finance,App Promotion,Winter,13963.73,11192.7,1664253,123422,0.0742,0.09,6.73,44480,11697,0.0948,6047671.71,6036479.01,53932.29,7388,1436,495,0.0056,62.89,363.65,3.1,96,Completed,60,2580,8295,10875,454.77,4.16,3.38,Brand Awareness,Excellent
67734,2024-03-17,Facebook,North America,Mobile,Student,Finance,Seasonal Promotion,Festival,10766.24,9360.38,2778966,103425,0.0372,0.09,3.37,32802,8983,0.0869,5047345.53,5037985.15,53822.44,54440,19919,10819,0.0307,53.03,252.85,3.4,97,Completed,14,7571,839,8410,493.88,9.89,1.48,Sales Growth,Excellent
80952,2023-07-28,YouTube,South America,Mobile,Senior,Automobile,Product Launch,Spring,17750.89,14314.66,2574769,224584,0.0872,0.06,5.56,48335,20196,0.0899,7709609.94,7695295.28,53758.14,40876,12858,8147,0.024,26.84,564.33,2.8,88,Completed,88,7014,13062,20076,335.27,29.39,7.96,Brand Awareness,Excellent
73691,2023-12-25,Facebook,Africa,Mobile,Enterprise,Automobile,Awareness,Festival,12225.56,10639.59,2143184,126882,0.0592,0.08,4.96,48916,11998,0.0946,5728239.61,5717600.02,53738.91,7798,1306,1136,0.0048,47.92,523.2,3.7,10,Completed,85,769,11167,11936,407.82,23.57,6.74,Brand Awareness,Excellent
130091,2025-06-09,Google Ads,Africa,Smart TV,New,Electronics,Retention,Spring,12423.44,9834.74,1643243,67578,0.0411,0.15,5.98,26650,9985,0.1478,5293136.11,5283301.37,53720.8,28368,4286,2950,0.0217,36.77,534.41,3.6,67,Completed,48,1605,8161,9766,443.54,19.22,7.17,Retention,Excellent
141323,2023-11-16,Facebook,Asia Pacific,Tablet,Returning,Beauty,Lead Generation,Summer,12395.81,9751.48,2669823,76319,0.0286,0.13,3.65,27130,8963,0.1174,5239268.22,5229516.74,53627.93,13494,1464,816,0.0059,34.25,109.69,3.6,19,Completed,10,8726,98,8824,474.85,25.3,5.75,Lead Generation,Excellent
47310,2024-11-02,LinkedIn,Europe,Tablet,Returning,Electronics,Awareness,Autumn,13900.0,13121.37,1705249,106499,0.0625,0.12,7.69,36644,20492,0.1924,7049136.66,7036015.29,53622.57,11933,2522,1903,0.0096,47.48,172.53,2.9,92,Completed,40,18183,1642,19825,328.12,20.11,4.23,Retention,Excellent
109777,2023-09-21,YouTube,Asia Pacific,Tablet,Premium,Beauty,Awareness,Winter,10297.77,8475.67,1250834,56826,0.0454,0.15,6.78,17198,8466,0.149,4553280.23,4544804.56,53621.77,5678,2235,958,0.0071,57.87,587.87,3.8,50,Running,40,2592,5449,8041,436.03,23.13,9.54,Retention,Excellent
26227,2024-09-13,TikTok,Asia Pacific,Mobile,Senior,Electronics,Retention,Summer,8030.99,6989.18,2611503,95710,0.0366,0.07,2.68,23436,9632,0.1006,3752460.2,3745471.02,53589.56,46439,17653,3705,0.026,42.47,45.46,3.2,31,Completed,62,7037,2157,9194,325.83,22.82,5.73,Brand Awareness,Excellent
116087,2025-01-16,LinkedIn,Asia Pacific,Mobile,Student,Automobile,Lead Generation,Holiday,9070.7,7230.05,2073621,181712,0.0876,0.04,3.49,56919,22815,0.1256,3874965.71,3867735.66,53495.28,39607,11421,4677,0.0269,41.45,279.47,2.5,90,Completed,45,17661,4218,21879,160.95,10.76,6.55,Brand Awareness,Excellent
71365,2025-01-28,TikTok,South America,Desktop,Enterprise,Electronics,App Promotion,Festival,25595.17,22983.15,2470426,195521,0.0791,0.12,9.3,66313,32262,0.165,12307369.0,12284385.85,53449.53,32003,12021,2942,0.019,46.36,339.79,4.3,41,Completed,65,30888,442,31330,358.67,12.43,2.96,Retention,Excellent
142680,2025-03-18,YouTube,Europe,Mobile,Enterprise,Beauty,App Promotion,Summer,23948.77,18641.51,2824043,255363,0.0904,0.07,6.6,33756,18587,0.0728,9977405.48,9958763.97,53422.52,53414,8970,4661,0.0237,21.18,385.56,4.3,1,Completed,71,15656,1892,17548,455.82,4.11,8.38,Brand Awareness,Excellent
22360,2025-12-11,YouTube,North America,Desktop,Premium,Travel,Seasonal Promotion,Holiday,10938.79,10290.98,1994139,90345,0.0453,0.11,5.16,20714,9873,0.1093,5503775.88,5493484.9,53381.55,38294,4957,4570,0.024,49.7,88.31,4.3,9,Completed,55,3975,5411,9386,465.29,9.28,9.87,Lead Generation,Excellent
64435,2024-03-05,Google Ads,Africa,Smart TV,Student,Travel,Product Launch,Holiday,10175.92,8461.15,2882447,109468,0.038,0.08,2.94,22702,7811,0.0714,4523967.92,4515506.77,53367.53,20500,5047,3894,0.0102,72.52,123.33,5.0,32,Completed,70,5016,2619,7635,482.66,8.19,5.72,Sales Growth,Excellent
20209,2023-11-28,Google Ads,Europe,Desktop,Enterprise,Beauty,Product Launch,Summer,8392.94,7250.94,1848138,166922,0.0903,0.04,3.92,27941,15732,0.0942,3875582.94,3868332.0,53349.39,22285,4421,3130,0.0161,55.0,111.17,4.3,39,Completed,25,8378,6262,14640,260.33,12.84,8.31,Brand Awareness,Excellent
137060,2024-11-09,Instagram,Europe,Desktop,Premium,Finance,Lead Generation,Summer,18911.09,18551.92,2049010,193863,0.0946,0.1,9.05,60132,23521,0.1213,9910732.65,9892180.73,53321.6,11999,2829,2076,0.0082,75.07,400.75,4.7,34,Running,65,10722,10607,21329,380.61,22.08,1.27,Retention,Excellent
7244,2023-04-27,TikTok,Asia Pacific,Smart TV,New,Education,Seasonal Promotion,Autumn,29024.65,22575.45,2164282,138502,0.064,0.16,10.43,55120,29527,0.2132,12054308.69,12031733.24,53295.65,35601,14112,5708,0.0256,57.07,34.67,4.1,64,Completed,68,19693,9529,29222,344.29,19.43,2.88,Sales Growth,Excellent
113769,2023-11-10,Google Ads,Africa,Tablet,New,Fashion,Seasonal Promotion,Autumn,15427.68,11865.66,1678197,140108,0.0835,0.08,7.07,35698,14831,0.1059,6330912.68,6319047.02,53254.91,10085,3377,813,0.0085,42.63,298.36,4.8,83,Running,68,687,13872,14559,407.8,12.66,3.15,Retention,Excellent
144924,2023-06-23,TikTok,Africa,Mobile,Student,Automobile,Retention,Holiday,16030.46,15208.51,2100749,203381,0.0968,0.07,7.24,63932,16865,0.0829,8104764.23,8089555.72,53190.98,21016,7522,1191,0.0142,74.88,355.82,4.2,67,Running,65,7886,8564,16450,432.74,27.66,1.37,Lead Generation,Excellent
9628,2025-04-22,Twitter (X),North America,Smart TV,Premium,Finance,Product Launch,Autumn,10406.14,9586.13,1946342,160027,0.0822,0.06,4.93,29928,9942,0.0621,5104180.69,5094594.56,53145.48,37117,7675,2780,0.0244,72.01,51.53,3.8,33,Completed,46,4162,5195,9357,441.33,22.39,7.81,Lead Generation,Excellent
127358,2024-08-16,LinkedIn,Europe,Mobile,Enterprise,Finance,Seasonal Promotion,Summer,7063.88,6706.15,1335785,101599,0.0761,0.07,5.02,18118,7586,0.0747,3567921.24,3561215.09,53103.72,10483,2039,652,0.0099,26.99,483.83,3.5,42,Running,67,5573,1760,7333,469.76,18.34,2.5,Brand Awareness,Excellent
75000,2024-08-16,YouTube,South America,Smart TV,Student,Automobile,Seasonal Promotion,Autumn,21880.06,17251.17,2523045,252148,0.0999,0.07,6.84,94122,24077,0.0955,9172624.52,9155373.35,53071.03,14490,2131,836,0.0069,48.89,257.19,3.2,68,Completed,51,12420,10913,23333,320.06,7.88,8.14,Brand Awareness,Excellent
116561,2024-06-05,Twitter (X),Europe,Smart TV,New,Healthcare,Seasonal Promotion,Autumn,27802.5,20947.48,2981189,221097,0.0742,0.09,7.03,57988,32671,0.1478,11134822.01,11113874.53,53055.9,58443,8157,10716,0.0259,26.59,224.76,4.8,11,Completed,80,28332,1600,29932,366.92,20.52,2.34,Retention,Excellent
149656,2023-01-19,Twitter (X),North America,Smart TV,Senior,Fashion,Retention,Spring,14113.61,11833.6,1912903,150327,0.0786,0.08,6.19,20173,11490,0.0764,6290233.85,6278400.25,53055.71,29922,11211,3860,0.0235,70.44,359.3,3.0,58,Completed,10,6878,4219,11097,452.07,10.45,2.61,Lead Generation,Excellent
44043,2025-08-27,TikTok,Africa,Desktop,Premium,Electronics,Sales,Spring,6329.03,5069.04,1424494,71557,0.0502,0.07,3.56,24454,8938,0.1249,2691240.7,2686171.66,52991.72,12934,1599,1750,0.0114,60.6,414.57,4.4,52,Completed,75,3720,4359,8079,294.94,26.51,6.34,Brand Awareness,Excellent
114144,2025-08-04,Facebook,Asia Pacific,Desktop,Senior,Travel,Product Launch,Spring,9440.52,9177.1,2259782,78221,0.0346,0.12,4.06,25051,9803,0.1253,4870109.71,4860932.61,52968.07,13399,5335,776,0.0086,60.17,505.46,4.2,74,Completed,13,6538,3134,9672,409.96,26.86,5.92,Retention,Excellent
41062,2025-12-07,LinkedIn,Middle East,Desktop,Premium,Finance,Retention,Summer,9444.71,7648.85,2803503,143263,0.0511,0.05,2.73,36634,9706,0.0677,4050777.13,4043128.28,52859.3,20032,2037,2242,0.0087,55.06,462.33,2.6,20,Completed,37,4579,5109,9688,410.62,3.7,9.46,Lead Generation,Excellent
115846,2023-06-14,Google Ads,Europe,Mobile,Premium,Healthcare,Retention,Spring,6262.09,6214.36,949357,84198,0.0887,0.07,6.55,21209,7400,0.0879,3289792.75,3283578.39,52838.56,3703,1031,701,0.0057,32.33,493.78,4.4,16,Completed,56,3063,4240,7303,421.68,9.94,7.23,Sales Growth,Excellent
25642,2025-12-21,Instagram,Middle East,Tablet,New,Travel,Retention,Autumn,10247.24,8455.82,2287193,191289,0.0836,0.04,3.7,48290,21170,0.1107,4471620.33,4463164.51,52782.16,15859,2776,2944,0.0094,74.77,250.37,5.0,87,Completed,70,7771,11744,19515,189.09,6.21,4.8,Sales Growth,Excellent
92584,2025-08-11,Facebook,Middle East,Smart TV,New,Automobile,Seasonal Promotion,Spring,36810.38,31111.84,2908769,250990,0.0863,0.12,10.7,100381,44571,0.1776,16451364.96,16420253.12,52778.15,7743,2702,1126,0.004,78.52,569.4,4.5,12,Completed,37,32998,7301,40299,360.68,28.6,9.83,Retention,Excellent
114103,2024-03-30,LinkedIn,South America,Mobile,Returning,Electronics,Retention,Spring,23613.51,22633.55,2515056,199483,0.0793,0.11,9.0,79006,40172,0.2014,11963837.22,11941203.67,52758.86,49597,18295,9790,0.0309,27.02,72.65,3.1,57,Completed,14,23812,12869,36681,300.74,15.84,7.41,Lead Generation,Excellent
2298,2025-07-28,YouTube,North America,Tablet,Student,Food,Product Launch,Winter,51039.51,39591.66,2723852,216113,0.0793,0.18,14.54,76241,36249,0.1677,20911448.7,20871857.04,52717.81,39598,8752,2614,0.0187,23.76,440.06,4.6,70,Completed,17,32848,1966,34814,478.19,16.81,8.02,Retention,Excellent
4791,2023-10-01,LinkedIn,Asia Pacific,Smart TV,New,Healthcare,Awareness,Winter,10539.56,9710.39,2540441,220316,0.0867,0.04,3.82,51078,10607,0.0481,5124210.99,5114500.6,52670.39,18495,6174,950,0.0101,71.42,169.06,3.4,57,Completed,36,7481,2338,9819,484.61,6.47,4.53,Lead Generation,Excellent
104205,2025-11-17,TikTok,Africa,Desktop,Returning,Travel,Product Launch,Spring,11717.4,10768.55,2320794,101247,0.0436,0.11,4.64,31306,18596,0.1837,5678322.68,5667554.13,52630.62,13283,4957,1365,0.0084,66.62,485.65,2.8,33,Completed,72,5069,12700,17769,258.08,13.64,8.25,Lead Generation,Excellent
140331,2024-09-23,Twitter (X),Africa,Smart TV,Senior,Beauty,Lead Generation,Winter,20446.0,17907.25,2151228,214724,0.0998,0.08,8.32,51112,29727,0.1384,9428676.21,9410768.96,52552.84,40923,15279,5967,0.0289,25.13,350.52,4.6,61,Completed,89,15843,11040,26883,286.3,29.67,5.27,Retention,Excellent
122874,2024-06-03,LinkedIn,Asia Pacific,Tablet,Student,Finance,Product Launch,Winter,13128.88,12715.69,2371172,160228,0.0676,0.08,5.36,52474,20163,0.1258,6694963.52,6682247.83,52551.2,11506,3035,1715,0.0069,41.03,470.23,2.8,72,Completed,21,4453,14080,18533,282.15,4.41,1.41,Brand Awareness,Excellent
15842,2023-09-17,Instagram,Africa,Smart TV,Premium,Travel,Seasonal Promotion,Winter,11681.89,10824.11,1933988,99945,0.0517,0.11,5.6,31790,12683,0.1269,5697505.34,5686681.23,52537.17,32687,9145,4749,0.0241,44.35,282.34,4.6,38,Running,33,5723,6333,12056,377.19,17.24,6.05,Brand Awareness,Excellent
53514,2024-06-17,Twitter (X),Africa,Desktop,Returning,Food,Seasonal Promotion,Festival,28142.05,23122.14,2117084,178321,0.0842,0.13,10.92,38141,22533,0.1264,12161056.25,12137934.11,52494.86,35047,9065,6062,0.0237,75.15,493.01,3.9,66,Completed,77,1439,19551,20990,482.8,4.34,3.86,Lead Generation,Excellent
109448,2024-05-15,Google Ads,Middle East,Smart TV,Returning,Electronics,App Promotion,Winter,10662.16,8030.57,1016310,55989,0.0551,0.14,7.9,16272,7923,0.1415,4221796.98,4213766.41,52471.57,4931,667,486,0.006,77.99,483.15,4.4,98,Completed,64,5667,1632,7299,466.28,26.35,4.66,Brand Awareness,Excellent
70341,2025-10-26,LinkedIn,Africa,Mobile,Enterprise,Beauty,Seasonal Promotion,Autumn,30621.89,27306.4,2789422,268134,0.0961,0.1,9.79,65977,29621,0.1105,14341618.57,14314312.17,52421.09,25502,5982,4876,0.013,52.01,95.99,4.6,23,Completed,17,2579,26422,29001,491.16,29.99,8.72,Retention,Excellent
35664,2023-08-06,LinkedIn,South America,Tablet,Premium,Travel,Product Launch,Autumn,29566.47,26659.03,2931967,259281,0.0884,0.1,9.09,47062,25896,0.0999,13994736.56,13968077.53,52395.3,43941,15583,4974,0.022,69.67,93.35,2.6,94,Completed,64,24229,655,24884,440.49,11.97,1.07,Retention,Excellent
145412,2023-08-11,TikTok,Africa,Desktop,Enterprise,Finance,Seasonal Promotion,Summer,5490.37,4307.46,2304971,227103,0.0985,0.02,1.87,65611,33456,0.1473,2260481.16,2256173.7,52378.29,31422,3320,3621,0.0166,39.99,507.02,4.9,99,Completed,31,17996,12312,30308,65.33,26.88,8.26,Retention,Excellent
78342,2024-04-12,Facebook,Europe,Mobile,New,Automobile,App Promotion,Holiday,9031.22,7965.83,1420994,76938,0.0541,0.1,5.61,20175,7485,0.0973,4178625.07,4170659.24,52356.87,3306,1196,568,0.0036,43.02,443.78,4.0,12,Completed,51,7106,290,7396,490.1,8.57,2.33,Retention,Excellent
92954,2025-04-23,Google Ads,Europe,Tablet,Senior,Travel,Retention,Spring,9657.15,7449.56,929615,67118,0.0722,0.11,8.01,24835,7924,0.1181,3907012.82,3899563.26,52346.22,11351,2491,2204,0.0173,46.79,311.75,3.8,1,Completed,61,2308,4964,7272,464.29,16.87,4.24,Lead Generation,Excellent
92397,2023-06-05,LinkedIn,North America,Smart TV,New,Automobile,Lead Generation,Winter,12981.12,10163.51,2829046,231882,0.082,0.04,3.59,23315,13985,0.0603,5327100.53,5316937.02,52313.98,14801,5387,1327,0.0076,22.57,374.59,4.6,97,Completed,80,11493,1141,12634,386.25,12.76,9.16,Retention,Excellent
65439,2023-12-23,Google Ads,Middle East,Mobile,Returning,Automobile,App Promotion,Autumn,17665.05,17060.3,1385368,129269,0.0933,0.13,12.31,38344,22229,0.172,8940956.83,8923896.53,52307.97,20718,3617,2120,0.0191,38.5,399.41,4.1,35,Completed,62,1573,20281,21854,366.85,27.5,4.03,Brand Awareness,Excellent
29372,2025-09-28,Instagram,North America,Mobile,Premium,Healthcare,App Promotion,Holiday,16135.0,16041.81,2864226,99205,0.0346,0.16,5.6,36312,17878,0.1802,8391737.5,8375695.69,52211.66,13983,2592,2180,0.0065,67.27,412.25,4.7,100,Completed,74,7499,9535,17034,457.6,3.3,6.1,Lead Generation,Excellent
53755,2025-10-28,Instagram,Europe,Desktop,Senior,Healthcare,Sales,Summer,10491.32,8061.35,2266856,139989,0.0618,0.06,3.56,21206,11368,0.0812,4209426.26,4201364.91,52117.39,19927,7305,2777,0.0132,73.92,437.11,3.7,63,Completed,88,1566,9710,11276,303.29,18.07,5.05,Lead Generation,Excellent
49301,2025-10-07,YouTube,Europe,Smart TV,Student,Electronics,Retention,Summer,10561.36,8590.13,2276263,71605,0.0315,0.12,3.77,25546,8837,0.1234,4482552.6,4473962.47,52082.59,27557,10491,5253,0.019,35.14,398.67,4.9,70,Completed,73,8376,440,8816,451.17,5.43,9.65,Retention,Excellent
5909,2024-01-07,Instagram,Asia Pacific,Smart TV,Premium,Real Estate,App Promotion,Holiday,12251.99,11844.71,2089362,171801,0.0822,0.07,5.67,55205,14384,0.0837,6174646.98,6162802.27,52030.0,33794,10933,5099,0.0238,21.97,489.96,4.7,69,Completed,75,10484,3013,13497,391.82,16.97,5.16,Lead Generation,Excellent
137203,2024-02-20,Instagram,Middle East,Desktop,Enterprise,Travel,Product Launch,Summer,10147.98,9325.2,1514133,67665,0.0447,0.14,6.16,24578,8921,0.1318,4856919.09,4847593.89,51983.81,28374,8515,5154,0.0278,65.73,520.6,4.8,45,Running,82,4636,4008,8644,495.76,12.36,6.78,Brand Awareness,Excellent
5193,2023-10-20,Twitter (X),Europe,Mobile,Senior,Education,Lead Generation,Winter,7356.03,6382.89,1340165,82246,0.0614,0.08,4.76,24883,7996,0.0972,3322880.27,3316497.38,51959.18,17789,6880,2233,0.0201,78.54,272.51,3.4,30,Completed,20,488,7131,7619,424.94,2.31,0.32,Lead Generation,Excellent
11455,2025-01-08,Twitter (X),Africa,Mobile,New,Travel,Retention,Festival,8100.98,7720.04,2581137,236152,0.0915,0.03,2.99,33557,19900,0.0843,4018021.39,4010301.35,51946.64,31206,7426,5885,0.0172,65.28,422.63,3.9,84,Completed,44,1338,17810,19148,168.41,10.87,5.25,Retention,Excellent
113201,2024-05-20,Instagram,South America,Mobile,New,Beauty,Sales,Autumn,8527.45,6594.33,2271284,95572,0.0421,0.07,2.9,28678,11054,0.1157,3430470.97,3423876.64,51921.52,25680,7967,4802,0.0169,77.61,469.94,4.7,69,Completed,21,1738,9225,10963,264.75,4.77,1.45,Retention,Excellent
143951,2025-06-29,LinkedIn,North America,Smart TV,Student,Education,Retention,Autumn,17427.0,15203.33,2647427,223058,0.0843,0.07,5.74,82934,17093,0.0766,7905538.65,7890335.32,51898.73,45080,11692,2393,0.0223,54.66,479.3,4.9,76,Completed,66,9575,7428,17003,406.71,29.93,2.6,Lead Generation,Excellent
135740,2025-07-28,Google Ads,Asia Pacific,Mobile,Premium,Electronics,Awareness,Autumn,14119.66,13670.39,2127968,130420,0.0613,0.1,6.42,24623,14078,0.1079,7103665.98,7089995.59,51863.89,32450,10453,4787,0.0224,73.97,62.2,3.3,91,Completed,14,12878,404,13282,472.82,7.19,1.87,Lead Generation,Excellent
83134,2024-08-23,Instagram,Europe,Desktop,Senior,Healthcare,Sales,Autumn,13661.54,11480.27,1298102,110120,0.0848,0.1,8.84,29731,12690,0.1152,5963869.85,5952389.58,51848.86,10967,3292,1426,0.0121,78.41,426.05,2.8,78,Running,15,1969,9719,11688,392.8,25.3,5.57,Brand Awareness,Excellent
40936,2023-07-23,Google Ads,North America,Mobile,Student,Travel,Retention,Winter,9672.57,7854.66,2423562,162406,0.067,0.05,3.24,41034,22209,0.1367,4079697.27,4071842.61,51839.83,15947,4483,2173,0.0093,79.69,220.5,4.7,8,Completed,75,7090,14967,22057,172.52,15.19,0.22,Retention,Excellent
58964,2024-08-22,LinkedIn,Asia Pacific,Smart TV,Enterprise,Education,Sales,Winter,27736.43,23772.38,2661420,213565,0.0802,0.11,8.93,55777,25039,0.1172,12343676.45,12319904.07,51824.45,49841,10490,5442,0.0247,64.53,252.47,4.4,100,Completed,59,23324,197,23521,431.71,0.64,2.04,Brand Awareness,Excellent
85224,2023-05-09,Twitter (X),Europe,Mobile,Student,Travel,Seasonal Promotion,Festival,6214.76,5836.38,1062241,61887,0.0583,0.09,5.49,24114,12029,0.1944,3024178.81,3018342.43,51716.0,19223,6365,3450,0.0273,30.29,329.84,4.0,61,Completed,68,9815,1209,11024,226.04,13.68,2.39,Sales Growth,Excellent
37318,2024-12-29,YouTube,Africa,Tablet,Enterprise,Automobile,Seasonal Promotion,Winter,36499.04,27575.93,2520209,177997,0.0706,0.15,10.94,69095,32660,0.1835,14283018.25,14255442.32,51695.24,28597,6493,2160,0.0148,29.74,200.29,3.9,61,Completed,47,13690,16127,29817,410.6,0.9,8.58,Retention,Excellent
109541,2024-05-17,TikTok,Europe,Smart TV,Premium,Healthcare,Product Launch,Festival,22138.48,20393.91,2876762,274917,0.0956,0.07,7.09,83676,25975,0.0945,10554109.66,10533715.75,51651.28,43611,8001,8459,0.0209,50.29,539.36,2.8,66,Completed,17,13209,11988,25197,399.15,8.71,9.08,Brand Awareness,Excellent
118089,2023-01-31,Google Ads,Middle East,Mobile,Senior,Education,Product Launch,Spring,14900.61,13979.2,1999417,196612,0.0983,0.07,6.99,66109,18424,0.0937,7229690.67,7215711.47,51617.49,11553,3677,929,0.0081,39.6,335.0,2.8,37,Completed,40,10669,6877,17546,367.91,24.81,6.0,Lead Generation,Excellent
97901,2024-01-14,TikTok,Europe,Desktop,Returning,Education,Awareness,Holiday,5195.5,3918.51,2427026,99147,0.0409,0.04,1.61,17039,8262,0.0833,2025355.71,2021437.2,51586.88,5416,1380,799,0.0031,30.5,414.45,4.8,51,Completed,23,3641,4430,8071,217.3,0.01,1.2,Lead Generation,Excellent
66286,2025-05-21,Google Ads,Middle East,Smart TV,Senior,Electronics,App Promotion,Summer,22605.1,22420.91,2988631,178807,0.0598,0.13,7.5,55284,32213,0.1802,11580412.84,11557991.93,51550.06,47758,13337,4316,0.0219,59.3,232.22,3.7,95,Completed,14,7780,22654,30434,351.2,19.87,1.41,Brand Awareness,Excellent
99934,2023-10-23,Twitter (X),North America,Mobile,Returning,Food,Awareness,Spring,15581.55,12423.44,2575023,221529,0.086,0.06,4.82,44821,11539,0.0521,6413076.76,6400653.32,51520.78,50986,16188,7183,0.0289,40.02,559.54,3.6,27,Completed,55,10427,829,11256,442.52,4.62,6.78,Retention,Excellent
91789,2025-04-20,Google Ads,North America,Tablet,New,Travel,Retention,Holiday,9417.67,7879.73,1258452,69984,0.0556,0.11,6.26,18371,9208,0.1316,4060703.06,4052823.33,51433.53,10607,3942,2048,0.0132,34.83,275.82,3.5,88,Completed,62,4192,4498,8690,391.82,6.17,3.8,Brand Awareness,Excellent
144890,2023-12-08,TikTok,North America,Smart TV,Student,Electronics,Sales,Winter,9636.51,7274.59,2713253,140905,0.0519,0.05,2.68,41078,11032,0.0783,3748623.77,3741349.18,51430.38,44489,6294,8757,0.0219,63.62,344.37,2.9,52,Completed,57,1363,8593,9956,326.73,21.85,0.63,Sales Growth,Excellent
118440,2025-12-24,TikTok,Middle East,Mobile,Student,Food,Retention,Holiday,17786.3,13627.0,2592377,182512,0.0704,0.07,5.26,68066,18728,0.1026,7014593.32,7000966.32,51375.7,41000,5837,3300,0.0193,57.93,218.41,3.0,16,Completed,23,6734,11033,17767,350.93,15.12,8.89,Sales Growth,Excellent
46822,2024-10-16,YouTube,Africa,Desktop,Premium,Education,Seasonal Promotion,Holiday,7754.79,7529.32,2476257,73849,0.0298,0.1,3.04,26781,12456,0.1687,3874001.23,3866471.91,51352.21,14303,3106,1653,0.0077,37.9,477.76,4.4,64,Completed,77,10961,1432,12393,258.33,6.91,2.46,Retention,Excellent
86388,2023-03-13,Facebook,Europe,Tablet,Premium,Automobile,Retention,Holiday,9566.71,8827.31,1477589,106821,0.0723,0.08,5.97,40142,9893,0.0926,4538374.36,4529547.05,51312.88,12503,3267,1954,0.012,25.41,383.9,2.8,70,Completed,74,6370,2996,9366,408.46,16.58,7.02,Sales Growth,Excellent
133614,2024-06-12,LinkedIn,Africa,Smart TV,Premium,Education,Awareness,Autumn,5180.76,5076.8,1515248,72316,0.0477,0.07,3.35,25336,13658,0.1889,2609953.99,2604877.19,51309.43,12264,4582,1564,0.0121,51.31,533.36,3.1,25,Running,44,1947,10914,12861,168.09,20.19,0.52,Retention,Excellent
13255,2023-06-29,TikTok,Asia Pacific,Mobile,New,Education,Product Launch,Winter,21356.47,16853.0,1293834,101310,0.0783,0.17,13.03,30050,17871,0.1764,8662774.59,8645921.59,51301.97,14217,5550,2568,0.0173,20.24,103.39,3.8,90,Completed,70,6729,9955,16684,479.08,11.2,7.94,Lead Generation,Excellent
119541,2023-10-12,Twitter (X),Africa,Smart TV,Premium,Fashion,Product Launch,Winter,14386.8,11582.76,2529536,138870,0.0549,0.08,4.58,50107,11666,0.084,5950996.77,5939414.01,51278.05,15150,2689,1595,0.0077,36.14,571.3,4.9,22,Running,43,4310,6200,10510,497.07,17.81,8.94,Sales Growth,Excellent
141055,2025-11-24,Facebook,North America,Desktop,Premium,Healthcare,Retention,Festival,21718.22,20693.34,2555729,253183,0.0991,0.08,8.1,84988,35342,0.1396,10625559.02,10604865.68,51247.72,21470,3808,1713,0.0106,20.66,163.67,3.8,75,Completed,64,18049,15485,33534,243.78,8.03,2.99,Retention,Excellent
43523,2023-10-25,Google Ads,Asia Pacific,Tablet,New,Finance,Sales,Spring,8278.86,7232.25,2663110,254261,0.0955,0.03,2.72,78213,29465,0.1159,3711864.75,3704632.5,51223.79,40706,10630,2574,0.0202,51.02,463.92,2.5,71,Completed,33,11435,17871,29306,111.76,6.75,3.19,Retention,Excellent
40924,2023-11-24,TikTok,South America,Tablet,Senior,Education,Retention,Festival,8835.89,6726.5,2779505,152763,0.055,0.04,2.42,30803,14179,0.0928,3447244.35,3440517.85,51148.71,49816,15304,4023,0.0249,73.69,166.81,3.8,52,Completed,66,10123,3469,13592,200.88,5.24,2.18,Retention,Excellent
97037,2023-08-13,Twitter (X),Middle East,Desktop,Enterprise,Finance,Sales,Spring,38956.95,38322.29,1990034,187115,0.094,0.2,19.26,70845,36048,0.1927,19631748.76,19593426.47,51128.02,7657,2023,871,0.0053,54.24,517.7,3.1,23,Completed,63,31805,2133,33938,488.51,8.05,2.68,Lead Generation,Excellent
6847,2024-07-12,TikTok,Middle East,Mobile,Returning,Education,Seasonal Promotion,Winter,13994.74,11450.02,2742418,198817,0.0725,0.06,4.18,25201,12258,0.0617,5859844.86,5848394.84,51077.59,39283,6783,4398,0.0184,44.03,334.2,4.5,45,Completed,90,5383,5908,11291,464.62,16.89,8.46,Retention,Excellent
84019,2025-08-26,TikTok,Europe,Smart TV,Premium,Healthcare,Sales,Festival,16159.87,15309.19,2996631,232003,0.0774,0.07,5.11,70452,20277,0.0874,7831794.05,7816484.86,51057.47,15300,3401,2435,0.0071,32.51,212.77,3.5,12,Completed,82,16439,3136,19575,354.04,13.74,9.13,Retention,Excellent
105351,2025-01-16,YouTube,Asia Pacific,Mobile,Returning,Education,Retention,Holiday,12068.42,9125.37,2719747,233476,0.0858,0.04,3.36,48885,11761,0.0504,4668125.24,4658999.87,51055.46,10361,2033,1886,0.0053,24.99,36.88,4.0,97,Completed,44,7276,4344,11620,346.62,4.68,2.33,Brand Awareness,Excellent
90980,2025-02-20,Instagram,Africa,Smart TV,Senior,Finance,Awareness,Summer,9600.28,8721.84,2070835,198155,0.0957,0.04,4.21,41617,10242,0.0517,4460241.29,4451519.45,51038.77,7271,773,517,0.0041,23.21,43.54,4.3,35,Completed,61,4740,4815,9555,404.23,17.44,6.92,Sales Growth,Excellent
63950,2023-09-21,Google Ads,North America,Tablet,Premium,Automobile,Awareness,Holiday,9310.14,7286.54,1470870,117071,0.0796,0.06,4.95,16134,6948,0.0593,3723609.28,3716322.74,51002.57,21101,3196,3115,0.0186,65.39,547.64,4.0,46,Completed,55,1549,5324,6873,476.89,15.06,1.19,Sales Growth,Excellent
42726,2023-09-24,Google Ads,Asia Pacific,Mobile,Premium,Food,Sales,Holiday,12903.54,12104.47,2789822,152840,0.0548,0.08,4.34,57828,16683,0.1092,6180302.38,6168197.91,50958.02,13933,3431,1431,0.0067,55.9,86.0,2.8,93,Completed,21,11547,4027,15574,321.71,8.67,5.68,Sales Growth,Excellent
96377,2024-05-09,Instagram,Middle East,Mobile,Student,Food,Seasonal Promotion,Summer,27369.09,22250.37,2619436,215422,0.0822,0.1,8.49,67643,22129,0.1027,11357950.6,11335700.23,50946.12,29736,6053,2297,0.0145,37.33,440.92,4.8,15,Completed,47,20209,1781,21990,482.64,25.97,9.44,Retention,Excellent
123492,2024-11-09,Google Ads,Europe,Tablet,New,Real Estate,Product Launch,Winter,38904.31,29703.9,2530422,252042,0.0996,0.12,11.74,74256,28921,0.1147,15149248.4,15119544.5,50900.87,38805,14089,6007,0.0233,22.36,39.13,2.8,24,Completed,25,2630,23743,26373,453.11,12.78,8.46,Lead Generation,Excellent
63716,2024-12-31,Instagram,Europe,Smart TV,Premium,Travel,Seasonal Promotion,Holiday,21436.99,18709.65,1566981,153464,0.0979,0.12,11.94,40271,21111,0.1376,9539104.79,9520395.14,50884.95,3298,867,337,0.0029,36.77,594.92,3.7,61,Completed,26,1110,18781,19891,457.33,28.47,7.97,Sales Growth,Excellent
125113,2025-07-16,Google Ads,North America,Smart TV,Student,Finance,Lead Generation,Winter,17377.4,13123.51,2002641,189419,0.0946,0.07,6.55,57473,19405,0.1024,6686445.89,6673322.38,50850.13,19977,3114,2442,0.0127,49.71,572.04,3.6,22,Completed,58,4062,13910,17972,287.91,27.48,3.12,Lead Generation,Excellent
52770,2024-03-04,YouTube,Asia Pacific,Tablet,Enterprise,Travel,Sales,Festival,9764.13,9199.08,1226054,118345,0.0965,0.08,7.5,17606,7688,0.065,4682155.47,4672956.39,50798.08,21704,8603,4151,0.0281,31.22,57.41,3.2,90,Completed,25,260,7406,7666,481.08,9.64,4.81,Retention,Excellent
146751,2025-05-11,Twitter (X),Middle East,Smart TV,Enterprise,Food,Sales,Summer,5618.88,4991.9,2542231,76452,0.0301,0.07,1.96,24096,13370,0.1749,2540712.74,2535720.84,50796.71,47175,16512,7722,0.0281,37.5,489.66,4.5,60,Completed,10,1546,10847,12393,190.65,23.32,3.36,Brand Awareness,Excellent
89659,2023-06-07,Twitter (X),South America,Smart TV,Student,Food,Sales,Summer,5561.17,5218.25,2704783,140690,0.052,0.04,1.93,15068,8439,0.06,2653425.77,2648207.52,50748.96,36684,9223,5429,0.019,40.61,593.08,3.9,18,Completed,27,7457,615,8072,284.31,12.01,5.94,Lead Generation,Excellent
142113,2025-08-13,Instagram,Europe,Tablet,Senior,Finance,Lead Generation,Spring,25676.95,19401.75,2177421,200330,0.092,0.1,8.91,58884,28831,0.1439,9863225.17,9843823.42,50736.78,35323,5278,3411,0.0202,31.21,68.22,3.1,50,Completed,90,8974,19710,28684,339.09,7.66,4.63,Brand Awareness,Excellent
27939,2024-07-27,Twitter (X),Middle East,Desktop,New,Healthcare,Product Launch,Holiday,43547.07,33432.79,2997511,267337,0.0892,0.13,11.15,74306,34013,0.1272,16979412.59,16945979.8,50686.71,15019,4120,868,0.0067,36.15,576.7,4.6,48,Completed,34,27541,4857,32398,412.37,12.37,8.28,Sales Growth,Excellent
113508,2025-06-16,Google Ads,North America,Tablet,Premium,Healthcare,Sales,Summer,9175.79,7561.4,695108,53994,0.0777,0.14,10.88,14935,8850,0.1639,3839844.23,3832282.83,50682.19,5567,2150,476,0.0118,75.62,300.71,4.0,99,Completed,32,7012,1052,8064,444.61,16.01,1.44,Lead Generation,Excellent
166,2025-12-31,Twitter (X),South America,Tablet,Premium,Finance,Product Launch,Summer,9116.97,8939.39,2010964,74335,0.037,0.12,4.45,24512,12726,0.1712,4537904.07,4528964.68,50663.02,10847,3955,1253,0.008,34.99,437.51,4.1,49,Completed,35,4308,8404,12712,306.56,2.38,6.25,Retention,Excellent
117113,2023-05-17,TikTok,Asia Pacific,Mobile,Senior,Automobile,Lead Generation,Autumn,5038.3,4314.2,1861036,168938,0.0908,0.03,2.32,20034,4537,0.0269,2182421.46,2178107.26,50486.93,34162,5802,6786,0.0251,70.71,549.6,4.9,73,Completed,9,2395,1771,4166,408.14,7.49,3.79,Sales Growth,Excellent
15690,2023-04-28,TikTok,Asia Pacific,Mobile,Enterprise,Real Estate,Retention,Winter,5167.45,5091.75,2535273,110363,0.0435,0.05,2.01,27520,8102,0.0734,2575495.36,2570403.61,50481.73,45985,17739,6375,0.0276,27.77,101.62,4.9,81,Completed,39,4937,2718,7655,301.8,1.04,6.89,Lead Generation,Excellent
123447,2023-06-24,YouTube,Middle East,Smart TV,Enterprise,Finance,Awareness,Autumn,7621.24,6901.25,1168193,96579,0.0827,0.07,5.91,18787,9224,0.0955,3490173.78,3483272.53,50473.07,21020,7078,3363,0.0269,77.56,338.91,4.2,2,Running,49,6069,2741,8810,392.5,10.9,0.59,Brand Awareness,Excellent
118082,2024-12-02,LinkedIn,Asia Pacific,Tablet,Premium,Real Estate,Seasonal Promotion,Summer,26801.38,21227.04,2940059,259480,0.0883,0.08,7.22,73102,39729,0.1531,10722674.34,10701447.3,50414.22,7164,1413,554,0.0031,77.45,399.56,4.7,12,Running,59,6510,29628,36138,235.11,7.58,6.85,Retention,Excellent
76143,2023-12-29,Instagram,Asia Pacific,Mobile,Student,Automobile,Retention,Summer,10033.07,7819.71,1393172,89120,0.064,0.09,5.61,34981,13690,0.1536,3949421.56,3941601.85,50405.99,9647,2491,1811,0.01,61.88,554.57,3.4,36,Completed,7,8126,4277,12403,247.09,8.52,3.22,Brand Awareness,Excellent
94450,2025-06-18,YouTube,Middle East,Mobile,New,Real Estate,Retention,Festival,25958.99,21488.13,1988013,164920,0.083,0.13,10.81,49563,20177,0.1223,10842561.29,10821073.16,50358.38,36232,14234,2379,0.0266,47.54,220.9,3.0,69,Completed,28,5844,13876,19720,492.66,21.22,8.94,Retention,Excellent
96262,2024-06-04,Twitter (X),South America,Smart TV,Senior,Food,Seasonal Promotion,Winter,25447.47,24778.56,2515437,183177,0.0728,0.14,9.85,62658,26892,0.1468,12500915.07,12476136.51,50350.53,36663,4553,5727,0.0187,53.42,248.55,3.2,53,Completed,17,681,25495,26176,452.71,5.29,2.03,Retention,Excellent
68637,2024-03-25,Facebook,South America,Tablet,New,Automobile,Seasonal Promotion,Holiday,9472.92,7272.57,2350804,85189,0.0362,0.09,3.09,23440,7592,0.0891,3666153.57,3658881.0,50310.7,9048,2807,1549,0.0057,25.11,322.35,3.5,32,Completed,23,6491,953,7444,433.44,2.28,0.14,Lead Generation,Excellent
112524,2024-01-26,YouTube,South America,Desktop,New,Food,Seasonal Promotion,Summer,36164.62,28678.26,2902645,208863,0.072,0.14,9.88,77455,26721,0.1279,14445126.21,14416447.95,50269.6,48205,17102,3476,0.0237,69.14,418.3,3.0,80,Running,33,11422,13188,24610,473.45,29.55,3.09,Brand Awareness,Excellent
26471,2023-04-08,YouTube,South America,Smart TV,Student,Beauty,Product Launch,Holiday,33644.18,26302.77,2922492,139178,0.0476,0.19,9.0,52169,28373,0.2039,13245017.14,13218714.37,50255.98,19690,4559,2136,0.009,21.84,129.81,2.8,46,Completed,39,341,27688,28029,449.94,2.31,7.39,Retention,Excellent
123761,2025-11-26,Twitter (X),Africa,Smart TV,Student,Education,Seasonal Promotion,Festival,9453.97,8573.99,1598157,157471,0.0985,0.05,5.36,23761,10132,0.0643,4316080.71,4307506.72,50239.23,14171,5589,1565,0.0133,69.26,596.73,4.0,18,Completed,24,2924,6248,9172,461.08,4.75,6.55,Sales Growth,Excellent
10845,2025-08-07,Facebook,Africa,Tablet,Enterprise,Food,Retention,Holiday,11914.79,9658.07,2425530,169978,0.0701,0.06,3.98,45546,24897,0.1465,4861015.22,4851357.15,50231.12,40011,6156,5792,0.0214,42.93,276.69,4.9,33,Completed,46,1395,23173,24568,195.01,16.61,4.98,Lead Generation,Excellent
85167,2025-12-31,Instagram,South America,Desktop,Premium,Fashion,Product Launch,Festival,22335.76,20677.23,1568515,141866,0.0904,0.15,13.18,55208,30322,0.2137,10405571.6,10384894.37,50223.82,12704,1397,1499,0.0099,38.78,77.78,4.8,54,Completed,83,19374,8427,27801,355.84,8.19,1.13,Sales Growth,Excellent
79246,2024-02-13,Google Ads,Asia Pacific,Mobile,New,Food,Retention,Festival,11384.9,11349.47,2208207,149175,0.0676,0.08,5.14,26991,9916,0.0665,5706876.63,5695527.16,50183.2,24127,2457,3893,0.0138,47.84,596.07,3.0,33,Completed,67,4942,4589,9531,489.85,4.23,9.39,Retention,Excellent
34594,2025-02-22,TikTok,Africa,Smart TV,Senior,Real Estate,Retention,Holiday,7610.83,6424.31,1561785,98919,0.0633,0.06,4.11,25058,6850,0.0692,3223946.37,3217522.06,50083.54,4078,1603,726,0.0041,74.94,252.84,3.6,69,Completed,70,2614,4135,6749,395.33,21.57,3.17,Sales Growth,Excellent
126785,2025-05-20,Twitter (X),Europe,Desktop,Student,Healthcare,App Promotion,Winter,16984.15,15931.05,2211494,161544,0.073,0.1,7.2,29523,13985,0.0866,7982295.84,7966364.79,50005.27,8118,3034,601,0.0053,46.07,441.09,4.4,64,Completed,67,9028,4235,13263,478.25,18.19,9.66,Lead Generation,Excellent
48907,2024-04-23,Google Ads,Africa,Mobile,Premium,Fashion,Awareness,Spring,35248.58,26804.11,2527438,251060,0.0993,0.11,10.61,93520,42687,0.17,13428946.06,13402141.95,50000.32,8951,3347,822,0.0052,38.62,432.48,3.1,8,Completed,76,28303,13369,41672,303.11,3.95,1.64,Brand Awareness,Excellent
24850,2025-03-25,Instagram,Asia Pacific,Tablet,Senior,Electronics,Product Launch,Winter,7150.49,5678.54,2357133,135018,0.0573,0.04,2.41,24674,5766,0.0427,2841443.78,2835765.24,49938.28,29499,4695,3162,0.0158,33.21,569.57,5.0,23,Completed,58,3243,2371,5614,433.67,26.84,0.84,Lead Generation,Excellent
34785,2025-06-15,LinkedIn,Middle East,Desktop,Returning,Education,Sales,Festival,11868.44,11027.6,1696185,109241,0.0644,0.1,6.5,25650,15333,0.1404,5512751.41,5501723.81,49890.49,17867,6030,2854,0.0158,63.55,254.31,4.1,91,Completed,50,9420,5291,14711,309.04,9.97,5.15,Brand Awareness,Excellent
55313,2024-08-03,Facebook,Africa,Tablet,Returning,Fashion,App Promotion,Winter,16084.43,13744.37,1903425,91449,0.048,0.15,7.22,27753,14568,0.1593,6864591.17,6850846.8,49844.75,7093,1238,783,0.0048,20.76,109.64,2.6,19,Completed,53,12837,583,13420,445.28,27.45,1.65,Brand Awareness,Excellent
144358,2025-07-25,Instagram,Europe,Tablet,Enterprise,Real Estate,Seasonal Promotion,Spring,11350.75,10516.04,2863953,223225,0.0779,0.05,3.67,45330,16357,0.0733,5249846.65,5239330.61,49822.28,32628,8081,1764,0.0148,43.15,194.86,4.5,60,Completed,61,13521,2317,15838,314.61,14.89,6.97,Brand Awareness,Excellent
15290,2025-12-28,YouTube,Europe,Mobile,Premium,Real Estate,App Promotion,Festival,41075.62,37102.29,2795500,277172,0.0991,0.13,13.27,84859,33799,0.1219,18514740.97,18477638.68,49801.88,43817,8065,7653,0.0213,72.75,390.29,3.7,33,Completed,59,20353,10981,31334,480.33,29.01,9.45,Sales Growth,Excellent
44660,2023-09-13,TikTok,South America,Tablet,Student,Electronics,Awareness,Autumn,5189.93,4293.22,2786801,204344,0.0733,0.02,1.54,38197,8170,0.04,2140633.79,2136340.57,49760.8,26954,5769,1782,0.0124,23.84,459.4,2.8,19,Completed,53,4799,3042,7841,216.89,19.82,6.36,Sales Growth,Excellent
38510,2024-03-03,Twitter (X),North America,Tablet,Student,Healthcare,App Promotion,Holiday,17600.06,14179.63,2186355,192528,0.0881,0.07,6.49,54273,24476,0.1271,7069651.88,7055472.25,49757.8,10052,3291,645,0.0064,25.51,408.13,4.1,12,Completed,44,17895,4917,22812,263.64,29.62,6.33,Sales Growth,Excellent
136035,2024-09-14,Instagram,Middle East,Mobile,Returning,Real Estate,Seasonal Promotion,Festival,12022.21,9734.66,1254527,99727,0.0795,0.1,7.76,23595,10715,0.1074,4850967.19,4841232.53,49731.91,20172,4086,3432,0.0221,61.23,152.65,3.2,75,Completed,7,1577,8822,10399,465.19,5.65,6.19,Lead Generation,Excellent
81123,2025-06-01,Google Ads,Asia Pacific,Desktop,Student,Travel,Product Launch,Spring,23264.0,22434.86,2885307,205040,0.0711,0.11,7.78,78578,45772,0.2232,11149198.09,11126763.23,49595.87,7133,1907,823,0.0034,26.26,377.37,2.5,71,Completed,88,41550,3572,45122,245.98,7.26,4.42,Lead Generation,Excellent
111883,2024-07-07,Twitter (X),Asia Pacific,Tablet,Enterprise,Travel,App Promotion,Holiday,24142.17,19516.66,2950106,231600,0.0785,0.08,6.62,59443,34392,0.1485,9691384.51,9671867.85,49556.98,36545,13968,3027,0.0181,47.64,440.64,3.6,33,Completed,31,16658,16352,33010,281.18,15.32,5.93,Lead Generation,Excellent
49609,2025-12-26,Google Ads,Europe,Mobile,Senior,Automobile,Lead Generation,Autumn,13460.25,10309.47,1728480,123502,0.0715,0.08,5.96,33002,14862,0.1203,5119113.05,5108803.58,49554.47,16065,3236,2813,0.0128,46.43,533.38,3.8,69,Completed,11,12660,1315,13975,311.35,1.26,1.55,Brand Awareness,Excellent
6771,2025-11-10,Facebook,Europe,Mobile,New,Fashion,Awareness,Festival,10497.28,8002.67,2725004,202078,0.0742,0.04,2.94,78265,16907,0.0837,3968685.68,3960683.01,49492.02,39116,9741,3369,0.0192,32.18,253.65,4.6,50,Completed,43,593,16118,16711,216.01,29.43,7.33,Sales Growth,Excellent
147581,2024-04-28,YouTube,North America,Mobile,Student,Automobile,Retention,Holiday,13424.41,10882.36,2136354,113252,0.053,0.1,5.09,29326,14071,0.1242,5393085.62,5382203.26,49458.05,15483,5384,1852,0.0106,46.44,317.01,4.6,22,Completed,19,2430,10685,13115,322.86,5.59,1.78,Retention,Excellent
64989,2023-07-16,Facebook,Middle East,Desktop,Senior,Finance,Awareness,Summer,13697.64,11881.23,2292576,215500,0.094,0.06,5.18,29066,11273,0.0523,5886376.09,5874494.86,49443.49,32243,7405,1699,0.018,76.11,489.78,3.3,100,Completed,79,4923,6155,11078,430.88,16.51,9.82,Sales Growth,Excellent
19261,2023-09-23,Facebook,North America,Mobile,Premium,Electronics,Lead Generation,Winter,6356.63,5288.52,2573486,165830,0.0644,0.03,2.06,33473,19345,0.1167,2620009.04,2614720.52,49441.44,23675,3185,4202,0.0121,73.79,377.25,2.7,95,Completed,56,13148,5804,18952,122.26,21.04,9.42,Retention,Excellent
960,2025-11-08,YouTube,Asia Pacific,Desktop,Senior,Real Estate,Retention,Spring,13254.78,11032.19,1085213,94538,0.0871,0.12,10.17,24231,12577,0.133,5462603.66,5451571.47,49415.13,20741,5617,1995,0.0261,55.35,459.49,3.1,73,Completed,13,5925,6149,12074,387.34,7.0,4.4,Brand Awareness,Excellent
40964,2023-12-31,Instagram,Europe,Tablet,New,Travel,Sales,Festival,28524.4,24642.65,1973648,123322,0.0625,0.2,12.49,48444,23396,0.1897,12187851.47,12163208.82,49358.36,35171,8354,3782,0.024,51.16,233.15,4.5,42,Completed,62,10526,11137,21663,432.88,16.74,8.4,Brand Awareness,Excellent
49167,2023-05-17,Twitter (X),South America,Tablet,Premium,Automobile,Seasonal Promotion,Winter,22283.38,21178.88,2416090,208830,0.0864,0.1,8.77,63555,22470,0.1076,10470347.58,10449168.7,49337.68,14100,1778,2062,0.0074,40.51,53.25,4.0,69,Completed,11,11168,9257,20425,457.2,0.14,8.32,Brand Awareness,Excellent
110389,2024-02-25,Facebook,Asia Pacific,Desktop,Senior,Healthcare,Retention,Holiday,16895.57,13373.33,2967264,134197,0.0452,0.1,4.51,35628,13256,0.0988,6607625.82,6594252.49,49308.98,29412,5019,3098,0.0126,52.2,256.44,3.4,53,Completed,52,2901,9808,12709,473.3,14.02,6.56,Retention,Excellent
109713,2025-05-21,TikTok,Africa,Tablet,Enterprise,Healthcare,Product Launch,Spring,12438.58,10830.52,1862599,167491,0.0899,0.06,5.81,36522,13349,0.0797,5346998.11,5336167.59,49269.73,21133,3567,2141,0.0144,38.47,208.27,2.7,31,Completed,15,7667,5447,13114,359.07,5.42,1.84,Sales Growth,Excellent
103803,2023-09-12,YouTube,North America,Mobile,New,Finance,Product Launch,Spring,31807.99,26518.48,1648205,163637,0.0993,0.16,16.09,61496,32094,0.1961,13091007.16,13064488.68,49265.6,19637,7022,2426,0.0176,71.58,205.49,3.3,7,Completed,83,26391,4975,31366,374.45,21.98,4.0,Lead Generation,Excellent
23978,2024-09-09,Instagram,Africa,Tablet,Student,Education,Retention,Spring,9327.77,7907.43,1937810,161492,0.0833,0.05,4.08,22389,10104,0.0626,3901345.88,3893438.45,49237.72,9843,3821,1700,0.0079,24.25,149.75,4.2,84,Completed,42,6800,2319,9119,330.94,20.51,8.75,Lead Generation,Excellent
133724,2023-08-05,Facebook,North America,Smart TV,Senior,Electronics,Sales,Spring,12424.75,10015.67,2654286,131349,0.0495,0.08,3.77,32375,15829,0.1205,4941362.51,4931346.84,49236.32,48928,11705,5567,0.0249,24.21,81.86,4.0,28,Completed,55,5369,10389,15758,251.39,15.29,3.27,Sales Growth,Excellent
35628,2024-12-03,Google Ads,Middle East,Tablet,New,Finance,Lead Generation,Summer,14110.9,11069.36,2393584,225576,0.0942,0.05,4.62,25703,11035,0.0489,5460941.31,5449871.95,49233.85,41270,15824,3657,0.0254,67.77,278.16,2.8,37,Completed,62,664,9966,10630,441.92,18.86,4.64,Retention,Excellent
115346,2023-11-08,Google Ads,South America,Smart TV,Student,Electronics,Product Launch,Spring,34363.56,28700.46,2142453,176004,0.0822,0.16,13.4,65265,28954,0.1645,14157968.36,14129267.9,49230.11,27883,6164,5540,0.0185,39.42,114.44,3.4,14,Completed,57,1487,26087,27574,446.59,7.39,4.71,Lead Generation,Excellent
93322,2024-03-05,TikTok,Europe,Smart TV,Premium,Healthcare,App Promotion,Autumn,6734.94,6083.83,637363,54465,0.0855,0.11,9.55,17380,8722,0.1601,3000366.13,2994282.3,49217.06,5364,1326,815,0.0118,67.31,385.11,4.2,35,Completed,61,1863,6450,8313,292.3,25.93,3.14,Lead Generation,Excellent
149172,2024-07-08,LinkedIn,Middle East,Desktop,Returning,Healthcare,Sales,Festival,5721.87,4788.2,2723062,114239,0.042,0.04,1.76,16952,5107,0.0447,2361366.09,2356577.89,49216.36,5463,2149,634,0.003,34.37,154.93,4.5,75,Completed,52,2839,1981,4820,437.92,20.47,2.13,Lead Generation,Excellent
15378,2024-04-30,Facebook,Asia Pacific,Tablet,Enterprise,Education,Sales,Holiday,12848.57,12315.04,1516277,112570,0.0742,0.11,8.12,37948,19883,0.1766,6070176.37,6057861.33,49190.76,24111,2424,1426,0.0184,62.24,145.09,3.1,21,Completed,18,4052,15103,19155,269.1,12.14,5.38,Retention,Excellent
55408,2023-04-10,YouTube,Middle East,Tablet,Student,Automobile,Lead Generation,Holiday,15773.14,13566.63,2253694,163894,0.0727,0.08,6.02,34828,18233,0.1112,6674059.21,6660492.58,49094.67,27655,3697,3659,0.0155,35.28,233.27,4.4,33,Completed,47,16120,561,16681,343.95,26.81,2.45,Lead Generation,Excellent
50564,2023-04-03,YouTube,Africa,Smart TV,Enterprise,Education,Seasonal Promotion,Festival,9347.14,8983.57,1548344,115755,0.0748,0.08,5.8,32808,16749,0.1447,4414780.55,4405796.98,49042.83,10548,4065,2048,0.0108,34.78,113.21,4.4,21,Completed,86,4262,11664,15926,248.75,21.72,3.49,Sales Growth,Excellent
20856,2023-11-14,Twitter (X),Middle East,Tablet,Enterprise,Beauty,Lead Generation,Festival,16195.9,12363.08,2027658,201437,0.0993,0.06,6.1,53502,11714,0.0582,6058805.21,6046442.13,48907.25,10881,2327,940,0.007,72.28,543.67,3.3,84,Completed,47,7627,3869,11496,473.54,3.16,4.46,Retention,Excellent
81514,2024-02-17,LinkedIn,North America,Smart TV,Premium,Travel,Awareness,Autumn,12255.01,10471.01,1354145,112253,0.0829,0.09,7.73,40081,14025,0.1249,5130734.05,5120263.04,48899.42,17697,5153,2784,0.0189,77.81,543.61,3.8,66,Completed,45,6259,7633,13892,342.9,22.31,5.82,Retention,Excellent
85786,2023-06-16,TikTok,Europe,Mobile,Returning,Electronics,Sales,Summer,57566.51,46631.3,2956237,287654,0.0973,0.16,15.77,97741,38671,0.1344,22839435.96,22792804.66,48878.77,22791,8768,2722,0.0116,69.19,172.42,4.3,12,Completed,59,21590,16355,37945,497.69,13.75,7.38,Lead Generation,Excellent
131896,2024-03-29,Instagram,Middle East,Tablet,Senior,Healthcare,Product Launch,Holiday,18596.55,14896.83,2644958,134492,0.0508,0.11,5.63,42158,19197,0.1427,7291200.88,7276304.05,48844.65,44234,16151,7512,0.0257,20.08,588.6,4.4,43,Completed,25,8163,10169,18332,313.19,17.41,4.19,Brand Awareness,Excellent
86458,2025-10-24,YouTube,Middle East,Desktop,Student,Food,App Promotion,Spring,12698.88,9628.48,1920333,190909,0.0994,0.05,5.01,32398,12299,0.0644,4707841.41,4698212.93,48794.96,38377,7329,7228,0.0276,78.66,159.67,3.6,83,Completed,75,4846,7062,11908,325.82,13.6,8.59,Lead Generation,Excellent
147272,2023-08-18,LinkedIn,Middle East,Smart TV,Senior,Healthcare,Seasonal Promotion,Spring,10683.92,10482.79,2227175,157292,0.0706,0.07,4.71,42834,18055,0.1148,5124691.64,5114208.85,48786.71,26327,7547,4993,0.0175,45.58,320.33,2.9,33,Completed,17,9313,8650,17963,268.66,8.84,9.98,Sales Growth,Excellent
15831,2025-04-06,YouTube,Africa,Mobile,Returning,Travel,Seasonal Promotion,Summer,17097.23,16157.2,1235971,117442,0.095,0.14,13.07,33026,18335,0.1561,7897374.27,7881217.07,48778.36,14826,3817,2222,0.0169,39.03,539.0,4.5,62,Completed,30,15679,1381,17060,402.15,15.66,1.34,Retention,Excellent
36015,2025-11-24,Google Ads,Europe,Desktop,Premium,Education,Retention,Autumn,16243.0,12251.37,2511271,81514,0.0325,0.15,4.88,29484,10723,0.1315,5977306.67,5965055.3,48688.88,23079,6170,2277,0.0126,45.81,117.46,4.8,95,Completed,54,6569,4131,10700,430.96,3.14,0.84,Sales Growth,Excellent
81283,2024-04-06,Twitter (X),Middle East,Tablet,Enterprise,Healthcare,Lead Generation,Autumn,23937.01,23878.46,2860664,239965,0.0839,0.1,8.35,64376,36680,0.1529,11641984.15,11618105.69,48655.17,14142,2790,1801,0.0065,27.6,436.85,3.3,53,Completed,54,35410,285,35695,326.1,24.78,5.16,Brand Awareness,Excellent
122493,2025-06-26,TikTok,Asia Pacific,Mobile,Enterprise,Finance,Product Launch,Autumn,21277.36,19175.07,2995783,295123,0.0985,0.06,6.4,60271,22545,0.0764,9339024.21,9319849.14,48603.99,18248,5795,3373,0.0092,41.07,186.27,2.6,49,Completed,72,6505,14571,21076,441.43,0.96,3.64,Sales Growth,Excellent
62053,2024-01-06,Facebook,South America,Smart TV,New,Fashion,Lead Generation,Festival,34040.51,28239.66,2705735,212515,0.0785,0.13,10.44,80341,29808,0.1403,13749442.0,13721202.34,48588.41,46559,7039,4761,0.0216,65.55,96.71,3.4,34,Completed,90,3792,24480,28272,377.82,18.19,8.32,Retention,Excellent
22203,2025-08-29,Instagram,South America,Mobile,New,Fashion,Retention,Summer,11376.68,9314.86,1485753,102443,0.069,0.09,6.27,31328,9691,0.0946,4534629.96,4525315.1,48581.68,3399,1092,266,0.0032,48.51,282.98,4.9,56,Completed,39,1893,6961,8854,414.53,21.78,0.1,Brand Awareness,Excellent
133408,2025-11-07,TikTok,Asia Pacific,Mobile,Senior,Education,Product Launch,Spring,13031.19,13030.12,1922928,171604,0.0892,0.08,6.78,53321,15838,0.0923,6342797.19,6329767.07,48577.96,29042,4365,4255,0.0196,74.38,88.91,3.0,8,Completed,19,6483,8089,14572,383.22,25.56,0.35,Lead Generation,Excellent
42268,2025-08-19,Twitter (X),Europe,Smart TV,Student,Travel,Awareness,Spring,13525.07,13260.98,1502043,89168,0.0594,0.15,8.83,32162,11900,0.1335,6449363.95,6436102.97,48534.14,8308,1862,531,0.0071,58.88,274.62,3.5,15,Completed,32,6897,4454,11351,440.61,18.31,6.7,Retention,Excellent
90909,2023-06-14,Google Ads,South America,Smart TV,Student,Food,Seasonal Promotion,Festival,16598.85,14740.23,2264327,171910,0.0759,0.09,6.51,41783,17593,0.1023,7156134.17,7141393.94,48448.32,34898,12390,3146,0.0223,71.27,378.45,4.6,44,Completed,48,9121,6898,16019,381.82,20.91,8.37,Retention,Excellent
12133,2023-09-13,TikTok,South America,Desktop,Student,Real Estate,Sales,Holiday,12093.53,11662.39,2681480,165047,0.0616,0.07,4.35,51710,21298,0.129,5660044.83,5648382.44,48432.46,48984,17465,9437,0.0283,31.69,501.98,4.2,61,Completed,68,5384,14575,19959,231.9,9.25,7.13,Lead Generation,Excellent
71901,2025-03-19,Google Ads,North America,Desktop,New,Beauty,Product Launch,Holiday,13752.54,13159.81,2659900,170929,0.0643,0.08,4.95,66725,14335,0.0839,6386118.27,6372958.46,48427.44,12099,4474,2286,0.0071,50.11,105.64,4.5,44,Completed,36,5938,7042,12980,388.93,19.55,1.67,Brand Awareness,Excellent
115082,2025-10-30,Facebook,Africa,Tablet,Enterprise,Fashion,Product Launch,Spring,7596.32,5979.27,2145047,183105,0.0854,0.03,2.79,27428,14529,0.0793,2901273.3,2895294.03,48422.2,40269,14024,7785,0.0289,34.59,242.4,4.8,58,Completed,31,4813,8330,13143,185.82,14.02,5.58,Sales Growth,Excellent
83494,2025-11-17,Facebook,Africa,Tablet,Returning,Healthcare,Awareness,Holiday,9894.24,8913.97,1086405,42747,0.0393,0.21,8.21,15169,8418,0.1969,4325072.31,4316158.34,48420.16,18539,3838,1976,0.0224,71.51,278.96,3.5,12,Completed,61,1409,6938,8347,423.44,1.15,2.52,Retention,Excellent
19074,2024-10-12,LinkedIn,South America,Mobile,Enterprise,Beauty,Awareness,Holiday,31023.91,30353.57,2496904,192922,0.0773,0.16,12.16,71829,25787,0.1337,14708696.78,14678343.21,48357.88,23365,4344,1413,0.0117,73.48,456.03,3.8,82,Completed,62,8563,17034,25597,442.51,10.94,2.12,Sales Growth,Excellent
15206,2023-01-23,LinkedIn,North America,Mobile,Returning,Automobile,Sales,Spring,21464.47,16570.4,2412110,161011,0.0668,0.1,6.87,61339,25643,0.1593,8028660.06,8012089.66,48351.82,22782,3388,3514,0.0123,49.44,462.07,3.3,6,Completed,67,1493,21700,23193,337.59,17.17,1.99,Brand Awareness,Excellent
32512,2023-06-17,Google Ads,Africa,Smart TV,Senior,Travel,Lead Generation,Summer,8557.2,7987.41,1794796,133439,0.0743,0.06,4.45,19432,7800,0.0585,3869175.28,3861187.87,48340.92,17869,2605,2226,0.0126,57.72,64.41,4.1,9,Running,19,1394,5635,7029,489.19,7.28,9.72,Sales Growth,Excellent
4977,2024-11-02,Twitter (X),North America,Mobile,Returning,Food,Seasonal Promotion,Autumn,7741.24,7217.1,1034625,97511,0.0942,0.07,6.98,17784,6987,0.0717,3495946.83,3488729.73,48339.77,8853,2786,977,0.0122,48.32,234.81,2.8,84,Completed,42,6354,354,6708,493.31,17.2,5.63,Lead Generation,Excellent
133607,2024-01-16,TikTok,South America,Smart TV,Senior,Electronics,Product Launch,Spring,25455.54,19953.25,2306982,188387,0.0817,0.11,8.65,74549,20370,0.1081,9654725.36,9634772.11,48286.73,22661,3448,3649,0.0129,61.05,508.08,5.0,38,Completed,22,11205,8008,19213,431.78,28.18,9.36,Retention,Excellent
124169,2023-03-26,Twitter (X),North America,Mobile,Enterprise,Education,App Promotion,Spring,15719.63,12164.37,2544036,127016,0.0499,0.1,4.78,24956,14571,0.1147,5881821.66,5869657.29,48252.87,30377,5506,3397,0.0154,68.41,266.56,4.0,97,Completed,81,12934,584,13518,388.76,22.2,2.59,Lead Generation,Excellent
25958,2023-03-27,LinkedIn,Europe,Mobile,Student,Beauty,Sales,Winter,19629.81,17433.66,1906418,94781,0.0497,0.18,9.14,30215,16916,0.1785,8424412.72,8406979.06,48222.69,12980,2989,811,0.0088,66.43,184.09,2.6,30,Completed,89,13653,2294,15947,454.58,9.19,2.51,Retention,Excellent
7973,2025-09-09,Twitter (X),Asia Pacific,Tablet,Returning,Real Estate,Seasonal Promotion,Autumn,9231.59,8409.38,1152327,104977,0.0911,0.08,7.3,18790,8891,0.0847,4063326.03,4054916.65,48218.97,10612,2207,1786,0.0127,32.15,219.34,5.0,88,Completed,28,5194,3235,8429,436.81,9.84,5.2,Brand Awareness,Excellent
76189,2025-10-14,Twitter (X),North America,Tablet,Student,Food,Sales,Spring,5633.63,4275.12,690058,66477,0.0963,0.06,6.2,15141,8788,0.1322,2060320.68,2056045.56,48093.28,8513,1086,661,0.0149,37.02,485.38,3.3,53,Completed,88,7068,1307,8375,234.08,21.46,9.12,Lead Generation,Excellent
1223,2024-07-21,Instagram,Asia Pacific,Mobile,Enterprise,Healthcare,Product Launch,Summer,15723.75,14764.98,1311726,71494,0.0545,0.21,11.26,27952,16627,0.2326,7102362.6,7087597.62,48002.76,18869,3964,2335,0.0192,61.57,538.73,3.2,3,Completed,46,9043,6980,16023,395.5,12.83,4.83,Sales Growth,Excellent
75300,2025-07-10,Facebook,South America,Tablet,Enterprise,Fashion,Retention,Winter,13469.15,12409.0,2959470,287399,0.0971,0.04,4.19,40363,10113,0.0352,5963347.26,5950938.26,47956.63,9162,2733,1022,0.0044,75.81,381.18,4.0,91,Completed,16,5187,4698,9885,465.68,15.57,3.22,Sales Growth,Excellent
79755,2023-09-07,LinkedIn,Asia Pacific,Smart TV,Premium,Travel,Product Launch,Festival,27862.14,26625.1,2605645,111096,0.0426,0.24,10.22,41600,24421,0.2198,12779969.46,12753344.36,47899.71,31484,9775,4640,0.0176,38.46,203.96,4.0,7,Completed,57,3685,20060,23745,482.25,25.94,9.15,Lead Generation,Excellent
78256,2023-11-11,Instagram,Europe,Desktop,Premium,Electronics,Product Launch,Autumn,21863.77,18447.08,2599675,161835,0.0623,0.11,7.1,54473,18376,0.1135,8845922.33,8827475.25,47852.97,29907,11914,4721,0.0179,63.37,272.69,4.2,35,Completed,85,3097,14081,17178,433.07,4.67,8.56,Sales Growth,Excellent
28791,2023-04-29,Twitter (X),Africa,Desktop,Premium,Healthcare,Sales,Autumn,21005.03,15799.58,2130265,132599,0.0622,0.12,7.42,38852,19640,0.1481,7572360.44,7556560.86,47827.61,10103,3410,1261,0.0069,42.73,293.18,4.3,1,Completed,56,17022,1395,18417,382.15,0.09,3.89,Brand Awareness,Excellent
32549,2024-07-20,Google Ads,Europe,Mobile,Enterprise,Fashion,Seasonal Promotion,Winter,23569.87,17896.47,2191467,154033,0.0703,0.12,8.17,26069,15525,0.1008,8574201.86,8556305.39,47810.02,18850,6550,1924,0.0125,43.66,502.14,2.9,19,Completed,26,5955,8982,14937,486.94,2.95,2.72,Sales Growth,Excellent
43631,2023-02-04,Twitter (X),Middle East,Tablet,Student,Education,Sales,Summer,11080.83,9390.85,962867,91774,0.0953,0.1,9.75,29987,12989,0.1415,4498381.37,4488990.52,47801.75,18180,3449,2285,0.0248,57.08,121.46,3.4,58,Completed,40,10769,1191,11960,371.46,4.04,0.47,Brand Awareness,Excellent
143969,2025-05-28,TikTok,Africa,Mobile,Senior,Healthcare,Product Launch,Summer,14162.99,10916.48,1957482,185290,0.0947,0.06,5.58,64341,24394,0.1317,5227518.11,5216601.63,47786.48,28673,3772,1465,0.0173,64.65,394.68,2.6,66,Completed,73,15472,7756,23228,218.64,18.84,8.56,Sales Growth,Excellent
74788,2024-04-07,YouTube,North America,Tablet,Enterprise,Education,Retention,Autumn,17505.47,13554.5,1884771,125342,0.0665,0.11,7.19,43512,25688,0.2049,6478633.86,6465079.36,47696.92,6867,922,731,0.0045,37.8,573.3,3.8,40,Completed,73,5837,17944,23781,265.27,24.49,1.73,Brand Awareness,Excellent
98111,2024-10-22,Google Ads,Middle East,Mobile,New,Fashion,Retention,Holiday,24947.83,19278.55,1632518,152240,0.0933,0.13,11.81,35183,18267,0.12,9203462.06,9184183.51,47639.39,28881,5084,3153,0.0227,54.6,72.55,4.4,13,Completed,83,15413,1227,16640,463.06,14.51,1.5,Brand Awareness,Excellent
23394,2023-08-20,LinkedIn,Europe,Desktop,Premium,Finance,Lead Generation,Festival,28237.18,22491.91,1481874,104674,0.0706,0.21,15.18,33773,19974,0.1908,10719509.01,10697017.1,47559.4,27421,6219,2930,0.0247,43.96,352.61,3.2,52,Completed,53,12185,7377,19562,424.5,5.4,2.25,Retention,Excellent
33993,2025-11-08,TikTok,Asia Pacific,Mobile,Premium,Beauty,Awareness,Festival,21955.93,17437.96,1700266,129915,0.0764,0.13,10.26,35533,17915,0.1379,8305968.63,8288530.67,47531.54,31259,5607,3286,0.0236,30.37,107.54,3.4,51,Running,34,5665,11646,17311,400.64,26.89,2.03,Lead Generation,Excellent
130253,2023-07-28,YouTube,Africa,Tablet,Returning,Electronics,Seasonal Promotion,Festival,7479.23,6139.96,2789543,52122,0.0187,0.12,2.2,18128,7110,0.1364,2923926.95,2917786.99,47521.27,54300,13267,8784,0.0274,41.75,391.62,2.8,22,Completed,48,4900,2043,6943,419.53,16.7,7.2,Lead Generation,Excellent
70193,2025-02-09,Instagram,Europe,Desktop,Student,Real Estate,Awareness,Spring,32734.87,25469.3,2408903,168155,0.0698,0.15,10.57,40843,24392,0.1451,12113391.29,12087921.99,47460.75,33661,12493,5134,0.0213,46.02,356.13,3.6,45,Completed,69,19561,4548,24109,462.22,8.61,7.89,Retention,Excellent
147686,2024-03-19,LinkedIn,Europe,Mobile,Senior,Electronics,Seasonal Promotion,Festival,23689.63,20230.1,2302839,176700,0.0767,0.11,8.78,45863,17165,0.0971,9621278.9,9601048.8,47459.23,41986,4607,3515,0.0218,31.79,102.14,4.9,26,Completed,78,14557,1380,15937,472.04,14.73,8.44,Lead Generation,Excellent
17500,2025-01-02,Instagram,Europe,Desktop,Student,Finance,Seasonal Promotion,Holiday,20885.69,20818.66,1601383,112998,0.0706,0.18,13.0,37307,18709,0.1656,9891962.97,9871144.31,47414.89,19519,6743,3192,0.0184,77.9,462.29,3.3,55,Running,84,15369,2085,17454,438.51,6.6,4.36,Retention,Excellent
123398,2025-07-12,Google Ads,South America,Smart TV,New,Real Estate,Product Launch,Holiday,8747.46,7069.73,2149886,47497,0.0221,0.15,3.29,12726,7036,0.1481,3358747.05,3351677.32,47408.84,4685,698,877,0.0029,50.54,489.72,4.1,89,Completed,41,3954,2897,6851,471.21,29.56,0.01,Sales Growth,Excellent
34510,2024-04-24,Twitter (X),Middle East,Mobile,Returning,Finance,Seasonal Promotion,Holiday,30546.91,28747.43,2837410,245273,0.0864,0.12,10.13,95361,28804,0.1174,13649694.45,13620947.02,47381.44,14639,1658,2834,0.0067,31.58,328.63,4.4,78,Completed,38,9685,17868,27553,406.02,4.96,0.54,Lead Generation,Excellent
20730,2023-09-28,Facebook,Europe,Smart TV,Student,Fashion,Sales,Holiday,15187.4,14882.59,2540614,238793,0.094,0.06,5.86,93122,29187,0.1222,7062846.93,7047964.34,47357.11,50510,10765,7682,0.0271,62.67,211.23,4.7,70,Completed,22,15925,12541,28466,205.62,16.3,9.86,Lead Generation,Excellent
28673,2025-12-25,Facebook,South America,Smart TV,Enterprise,Beauty,Lead Generation,Autumn,10422.98,8922.04,1082038,105830,0.0978,0.08,8.25,21359,10618,0.1003,4232391.52,4223469.48,47337.49,18809,6569,3659,0.0268,43.93,356.4,4.1,62,Completed,11,6001,3875,9876,332.38,1.6,2.98,Brand Awareness,Excellent
63867,2025-07-02,Twitter (X),North America,Desktop,Premium,Food,Lead Generation,Festival,7863.38,7775.87,1363836,98714,0.0724,0.08,5.7,16915,9136,0.0926,3686681.4,3678905.53,47311.82,12819,4149,1013,0.0132,60.56,362.51,3.5,39,Completed,59,2441,6613,9054,390.0,29.41,8.98,Retention,Excellent
27516,2025-06-25,Google Ads,South America,Mobile,Enterprise,Finance,Awareness,Summer,24684.55,22416.37,2606767,234195,0.0898,0.1,8.6,55223,24146,0.1031,10621717.58,10599301.21,47283.75,49811,19212,3120,0.0277,76.66,481.16,4.0,55,Completed,54,10605,13463,24068,434.63,15.77,0.55,Sales Growth,Excellent
54506,2025-01-19,Twitter (X),Middle East,Mobile,Enterprise,Real Estate,Seasonal Promotion,Holiday,58474.31,53818.8,2758972,275703,0.0999,0.2,19.51,104150,57596,0.2089,25482132.95,25428314.15,47248.01,31484,11069,1935,0.0161,79.33,325.69,2.8,45,Running,79,42163,10454,52617,470.21,2.06,5.04,Sales Growth,Excellent
44605,2023-01-18,Instagram,South America,Tablet,Enterprise,Travel,Retention,Autumn,18962.0,14868.93,1413433,102720,0.0727,0.14,10.52,22877,11697,0.1139,7036875.33,7022006.4,47226.04,18350,3270,1351,0.0163,74.49,194.94,3.7,56,Completed,46,727,10912,11639,470.97,2.77,2.99,Lead Generation,Excellent
109438,2023-04-26,Google Ads,North America,Mobile,Senior,Electronics,Product Launch,Festival,6287.76,4968.54,765118,45824,0.0599,0.11,6.49,8415,4981,0.1087,2347033.7,2342065.16,47137.89,14761,2941,2924,0.027,61.8,369.24,3.9,16,Completed,83,3037,1642,4679,387.13,7.89,9.54,Retention,Excellent
35005,2025-12-28,YouTube,Middle East,Smart TV,Returning,Education,Sales,Spring,18545.13,16639.9,2129550,190242,0.0893,0.09,7.81,63806,19282,0.1014,7852192.42,7835552.52,47088.94,25352,6247,4678,0.017,69.33,389.72,3.6,83,Completed,47,7145,10240,17385,359.5,2.44,6.2,Sales Growth,Excellent
25392,2024-11-28,TikTok,North America,Desktop,Enterprise,Automobile,Retention,Summer,37510.83,35389.07,2929987,276810,0.0945,0.13,12.08,69281,38389,0.1387,16697341.82,16661952.75,47082.2,39301,8425,4190,0.0177,53.08,110.46,2.6,80,Completed,41,3738,33307,37045,387.97,7.3,1.99,Lead Generation,Excellent
103961,2024-11-22,Twitter (X),Asia Pacific,Desktop,New,Beauty,Product Launch,Festival,11538.37,9986.42,2510278,78559,0.0313,0.13,3.98,15718,9227,0.1175,4703996.87,4694010.45,47003.94,27640,4858,4709,0.0148,40.31,511.26,4.5,61,Completed,77,8039,908,8947,423.82,20.64,0.42,Retention,Excellent
135469,2025-04-22,LinkedIn,Africa,Tablet,Premium,Fashion,Lead Generation,Holiday,11624.39,10437.84,2812337,266615,0.0948,0.04,3.71,72259,23025,0.0864,4916468.66,4906030.82,47002.36,41289,4694,7237,0.0189,59.19,317.04,3.2,17,Completed,7,16666,5071,21737,189.96,14.24,6.29,Brand Awareness,Excellent
80898,2023-07-11,LinkedIn,Africa,Smart TV,Student,Education,Lead Generation,Festival,13116.91,11816.76,2109988,173185,0.0821,0.07,5.6,57667,13378,0.0772,5561304.81,5549488.05,46962.86,11715,3036,1863,0.0079,34.02,595.81,4.4,91,Completed,87,11915,1428,13343,338.35,21.55,4.22,Brand Awareness,Excellent
103918,2025-09-29,YouTube,North America,Mobile,Student,Education,Seasonal Promotion,Summer,24601.25,24601.06,2850445,126595,0.0444,0.19,8.63,45642,26951,0.2129,11574541.71,11549940.65,46948.96,44060,5158,8732,0.0203,25.16,582.83,3.2,42,Completed,55,1741,23050,24791,372.34,29.06,6.89,Brand Awareness,Excellent
123086,2025-04-16,Facebook,North America,Smart TV,Student,Electronics,Sales,Festival,9304.89,8728.93,2524979,228706,0.0906,0.04,3.46,34046,10439,0.0456,4095883.85,4087154.92,46823.09,13697,1886,2524,0.0072,69.96,69.93,3.2,56,Completed,21,5405,4693,10098,404.0,27.21,0.51,Brand Awareness,Excellent
90745,2024-12-03,Google Ads,North America,Smart TV,Returning,Travel,Lead Generation,Summer,8153.87,6342.12,2487798,59269,0.0238,0.11,2.55,23562,6168,0.1041,2969502.02,2963159.9,46721.91,29239,4443,2524,0.0146,20.15,172.84,4.6,98,Completed,23,3014,3109,6123,475.27,10.28,7.24,Retention,Excellent
61600,2023-11-20,Facebook,Africa,Smart TV,Premium,Automobile,Lead Generation,Winter,8077.57,6925.28,2832833,211629,0.0747,0.03,2.44,67188,29587,0.1398,3235566.08,3228640.8,46621.09,18330,3096,3509,0.0088,56.14,74.53,4.9,56,Completed,84,1636,26734,28370,105.04,15.95,8.33,Brand Awareness,Excellent
119529,2024-09-30,LinkedIn,Asia Pacific,Tablet,New,Fashion,Product Launch,Winter,11990.46,9084.22,2038940,141699,0.0695,0.06,4.46,33397,11358,0.0802,4238395.61,4229311.39,46556.68,19268,6231,3382,0.0142,69.36,151.15,3.2,36,Completed,22,9184,1134,10318,395.01,0.02,8.42,Lead Generation,Excellent
60672,2024-08-31,Twitter (X),Africa,Tablet,New,Fashion,Awareness,Summer,12225.0,10167.6,1094328,86355,0.0789,0.12,9.29,29185,14467,0.1675,4743826.01,4733658.41,46556.3,18728,4478,2560,0.0235,50.9,465.46,4.9,12,Completed,52,8357,5786,14143,314.31,24.4,8.94,Retention,Excellent
105399,2023-10-24,Facebook,Middle East,Smart TV,Student,Food,Seasonal Promotion,Summer,7540.84,6088.44,2573650,135302,0.0526,0.04,2.37,14677,7304,0.054,2832386.27,2826297.83,46420.72,43895,17313,8387,0.027,75.56,576.48,3.1,72,Completed,33,3122,3708,6830,366.48,4.05,1.46,Retention,Excellent
4504,2025-10-01,Instagram,North America,Mobile,Returning,Automobile,Lead Generation,Autumn,27096.19,25774.47,2355622,222490,0.0945,0.12,10.94,63981,22295,0.1002,11989785.02,11964010.55,46418.07,28109,4439,3659,0.0154,26.06,407.54,2.8,59,Completed,57,6110,14870,20980,470.67,6.08,6.72,Brand Awareness,Excellent
1983,2025-08-03,LinkedIn,North America,Smart TV,Senior,Beauty,Lead Generation,Summer,35074.03,27815.78,2629437,234057,0.089,0.12,10.58,67592,35793,0.1529,12935606.5,12907790.72,46404.56,33967,4737,6090,0.017,49.03,428.43,3.9,20,Completed,23,15433,18728,34161,337.58,21.02,7.2,Sales Growth,Excellent
145596,2024-03-02,YouTube,Europe,Tablet,Student,Healthcare,App Promotion,Summer,18547.95,16524.64,2367461,100181,0.0423,0.16,6.98,26544,14750,0.1472,7679135.88,7662611.24,46370.82,35257,11160,2679,0.0207,47.27,161.04,3.9,10,Completed,10,8362,5817,14179,473.67,6.74,4.32,Brand Awareness,Excellent
44708,2024-08-09,LinkedIn,North America,Mobile,Student,Food,Awareness,Spring,21976.06,16602.92,2740922,141245,0.0515,0.12,6.06,45404,15039,0.1065,7710748.88,7694145.96,46342.13,28337,4827,4421,0.0137,43.6,385.03,3.0,4,Completed,54,10053,4644,14697,414.46,0.01,2.75,Retention,Excellent
129194,2023-09-05,Google Ads,Middle East,Desktop,Returning,Food,Awareness,Summer,50175.01,38138.39,2236921,208177,0.0931,0.18,17.05,72243,31312,0.1504,17708682.83,17670544.44,46332.7,10635,3114,1567,0.0068,31.81,395.33,4.4,52,Completed,17,27197,2219,29416,469.18,22.8,9.86,Brand Awareness,Excellent
33369,2023-05-18,TikTok,South America,Desktop,Enterprise,Electronics,Sales,Autumn,10834.34,10111.5,960390,64845,0.0675,0.16,10.53,14876,8127,0.1253,4693764.5,4683653.0,46320.06,18885,3802,1100,0.0248,51.56,493.44,3.7,56,Completed,81,5564,2547,8111,460.87,6.1,6.54,Sales Growth,Excellent
42163,2023-03-13,TikTok,Asia Pacific,Smart TV,Returning,Fashion,Awareness,Holiday,19192.62,18012.48,2901211,213261,0.0735,0.08,6.21,41037,22459,0.1053,8352438.78,8334426.3,46270.29,14430,2020,1554,0.0062,40.34,116.0,3.9,68,Completed,64,7647,14762,22409,317.38,22.99,3.77,Sales Growth,Excellent
147458,2025-05-09,TikTok,Africa,Smart TV,Student,Real Estate,Retention,Winter,5934.94,4773.16,2011980,118932,0.0591,0.04,2.37,25695,11391,0.0958,2213192.41,2208419.25,46267.45,27796,6151,1763,0.0177,78.64,46.05,4.2,70,Completed,37,1628,8914,10542,209.78,1.77,5.42,Sales Growth,Excellent
130994,2024-10-13,Google Ads,Middle East,Mobile,Enterprise,Fashion,App Promotion,Autumn,56196.53,45112.32,2644103,199499,0.0755,0.23,17.06,71369,37577,0.1884,20905809.07,20860696.75,46241.68,39566,9501,5485,0.0206,28.05,193.86,2.7,90,Running,77,10918,26494,37412,431.89,16.54,9.15,Brand Awareness,Excellent
1592,2023-03-08,Twitter (X),Asia Pacific,Mobile,New,Travel,Product Launch,Spring,6061.64,4779.47,1975499,81896,0.0415,0.06,2.42,14623,4955,0.0605,2214004.7,2209225.23,46223.23,32573,10976,2065,0.0231,45.46,331.53,3.4,14,Running,67,1155,3403,4558,409.97,24.61,6.35,Retention,Excellent
140337,2025-04-04,LinkedIn,North America,Mobile,Enterprise,Education,App Promotion,Festival,6793.53,5172.62,2436289,121590,0.0499,0.04,2.12,29527,14653,0.1205,2395477.46,2390304.84,46210.72,35889,7848,5540,0.0202,75.63,524.67,4.9,83,Completed,78,3923,10041,13964,152.66,11.19,0.19,Lead Generation,Excellent
35801,2024-10-26,YouTube,North America,Desktop,Premium,Real Estate,Sales,Summer,46608.95,44567.56,2897206,282299,0.0974,0.16,15.38,109206,46464,0.1646,20633139.85,20588572.29,46196.32,14809,4682,2661,0.0076,56.91,574.87,2.9,66,Completed,63,37882,6166,44048,406.64,25.35,6.72,Sales Growth,Excellent
130391,2023-02-27,Instagram,Africa,Tablet,Senior,Real Estate,Lead Generation,Summer,45982.73,35814.93,2691658,259035,0.0962,0.14,13.31,67379,35207,0.1359,16555295.89,16519480.96,46124.57,52611,17766,4904,0.028,70.76,531.05,3.1,74,Completed,19,25146,9230,34376,468.03,22.36,6.11,Retention,Excellent
12662,2023-10-05,Facebook,Middle East,Mobile,Returning,Travel,Retention,Spring,5562.86,4457.43,2566789,229913,0.0896,0.02,1.74,51434,16992,0.0739,2060287.76,2055830.33,46121.43,42711,10105,3027,0.0218,62.33,134.31,2.9,26,Completed,85,3449,13060,16509,106.44,1.25,5.0,Sales Growth,Excellent
120347,2025-08-01,Google Ads,Asia Pacific,Smart TV,Enterprise,Real Estate,Seasonal Promotion,Summer,14736.91,11300.6,1151128,87294,0.0758,0.13,9.82,30862,13988,0.1602,5222397.78,5211097.18,46113.46,15842,4179,1390,0.0186,78.28,266.36,5.0,78,Completed,80,11801,1187,12988,337.98,5.39,8.12,Lead Generation,Excellent
78572,2023-02-16,Facebook,North America,Tablet,Returning,Real Estate,Product Launch,Holiday,38675.26,30404.91,2749898,264533,0.0962,0.11,11.06,86220,48252,0.1824,14028416.27,13998011.36,46038.65,24032,7362,3291,0.0126,54.07,457.09,3.9,80,Completed,89,36649,10644,47293,283.78,4.31,1.02,Retention,Excellent
73157,2024-09-22,Facebook,South America,Mobile,Senior,Finance,Awareness,Holiday,16971.22,16895.83,1826965,131591,0.072,0.13,9.25,39857,23785,0.1807,7791269.2,7774373.37,46013.56,13059,4354,749,0.0099,51.56,138.15,3.4,29,Completed,75,14098,7741,21839,327.45,3.13,7.26,Lead Generation,Excellent
29806,2023-07-13,YouTube,Europe,Desktop,Premium,Electronics,Sales,Autumn,19687.77,18679.61,2582073,219918,0.0852,0.08,7.23,70062,39730,0.1807,8610369.18,8591689.57,45995.02,40502,10848,7365,0.0227,52.07,166.63,3.5,79,Running,40,35293,2242,37535,221.27,14.64,7.68,Retention,Excellent
41340,2025-01-13,Twitter (X),North America,Tablet,New,Travel,Seasonal Promotion,Summer,17782.77,15545.41,2671025,251191,0.094,0.06,5.82,33659,14906,0.0593,7159364.15,7143818.74,45954.52,48502,7671,8305,0.0241,73.31,323.82,4.3,10,Running,40,4984,8527,13511,417.28,27.02,3.34,Sales Growth,Excellent
57013,2024-11-04,Instagram,South America,Smart TV,Returning,Finance,Seasonal Promotion,Festival,69773.15,53311.59,2910901,280640,0.0964,0.19,18.31,109101,45654,0.1627,24531338.16,24478026.57,45915.02,34622,3953,4184,0.0147,37.04,112.18,3.8,54,Running,86,16123,28840,44963,467.65,13.07,9.33,Retention,Excellent
48590,2024-04-04,Twitter (X),Europe,Smart TV,Premium,Real Estate,Retention,Festival,18531.89,14047.14,2555696,240908,0.0943,0.06,5.5,60574,17898,0.0743,6459265.3,6445218.16,45882.78,17923,6476,2214,0.0104,74.54,495.72,5.0,76,Completed,50,7541,8719,16260,377.44,22.37,0.05,Brand Awareness,Excellent
115038,2024-05-16,LinkedIn,Europe,Tablet,Premium,Education,Product Launch,Spring,29177.3,22158.13,2424571,116991,0.0483,0.19,9.14,31344,17647,0.1508,10175384.04,10153225.91,45821.67,35413,13975,3425,0.0218,63.15,179.06,3.0,96,Completed,76,12998,3914,16912,466.77,21.28,4.21,Sales Growth,Excellent
10625,2024-05-21,Twitter (X),Africa,Smart TV,Student,Real Estate,Sales,Holiday,29631.96,24216.08,2735409,251917,0.0921,0.1,8.85,96213,56157,0.2229,11119329.43,11095113.35,45817.13,52015,5855,5698,0.0232,43.85,450.54,4.4,87,Completed,41,51808,3135,54943,195.14,12.08,6.17,Retention,Excellent
63081,2023-06-05,Facebook,South America,Tablet,Enterprise,Finance,App Promotion,Holiday,9318.84,8785.53,1692664,128845,0.0761,0.07,5.19,21473,10006,0.0777,4025440.14,4016654.61,45718.98,23603,5420,3276,0.0191,51.0,551.4,4.2,89,Completed,38,9336,99,9435,419.41,10.23,1.39,Lead Generation,Excellent
118033,2023-05-30,TikTok,Europe,Mobile,Returning,Fashion,App Promotion,Festival,16261.81,14051.21,2194632,146191,0.0666,0.1,6.4,56907,15799,0.1081,6435899.36,6421848.15,45703.17,24545,2680,1362,0.013,67.84,351.47,4.0,77,Completed,39,11464,3849,15313,331.36,16.66,5.24,Retention,Excellent
32973,2025-09-07,Facebook,Middle East,Smart TV,Enterprise,Real Estate,Product Launch,Spring,17019.5,14250.65,2412046,121706,0.0505,0.12,5.91,30211,14620,0.1201,6523488.48,6509237.83,45676.78,38520,4688,3670,0.0194,45.62,390.9,4.5,96,Completed,52,8133,6067,14200,403.87,8.97,5.74,Sales Growth,Excellent
15514,2023-01-03,TikTok,Asia Pacific,Mobile,Enterprise,Healthcare,Retention,Winter,21028.69,16058.59,1857906,117037,0.063,0.14,8.64,34360,17717,0.1514,7332112.74,7316054.15,45558.51,5971,710,1012,0.0041,64.72,454.31,2.5,97,Completed,65,4398,13307,17705,336.67,5.83,4.32,Retention,Excellent
1795,2023-04-13,YouTube,North America,Smart TV,Student,Healthcare,Awareness,Autumn,8526.08,8274.28,2325983,161441,0.0694,0.05,3.56,23669,13270,0.0822,3775692.77,3767418.49,45531.68,26890,7137,3734,0.0162,62.66,361.58,4.1,62,Completed,17,9279,3198,12477,254.37,2.85,5.92,Sales Growth,Excellent
45890,2023-03-08,TikTok,Middle East,Smart TV,Returning,Healthcare,Awareness,Summer,12217.7,10888.22,2942961,112914,0.0384,0.1,3.7,38061,10077,0.0892,4968323.19,4957434.97,45530.26,32159,3794,3131,0.0133,22.77,248.99,3.8,39,Completed,74,2230,7409,9639,401.99,6.86,2.43,Lead Generation,Excellent
78505,2023-11-20,Google Ads,North America,Tablet,New,Beauty,Retention,Festival,16386.65,14756.8,1264441,125695,0.0994,0.12,11.67,32935,13048,0.1038,6727145.06,6712388.26,45486.75,4781,1628,805,0.0057,59.1,187.37,5.0,51,Completed,26,9379,3360,12739,472.63,7.64,1.5,Sales Growth,Excellent
136097,2024-03-11,Instagram,South America,Mobile,Premium,Real Estate,Awareness,Festival,14831.56,14075.92,2537637,187725,0.074,0.07,5.55,58078,26598,0.1417,6412641.54,6398565.62,45457.53,32871,12485,4680,0.0197,20.67,376.47,4.1,19,Completed,33,6758,17566,24324,243.54,26.8,5.01,Brand Awareness,Excellent
139483,2025-10-29,YouTube,Middle East,Tablet,Returning,Automobile,Seasonal Promotion,Autumn,23420.97,19972.01,2089075,204194,0.0977,0.1,9.56,41221,23281,0.114,9094027.36,9074055.35,45433.86,12148,1273,863,0.0068,57.46,589.09,3.2,57,Completed,53,2227,19844,22071,346.33,17.42,2.93,Retention,Excellent
78581,2023-06-17,Facebook,Middle East,Desktop,Premium,Automobile,Awareness,Spring,18443.55,17523.94,1476999,123675,0.0837,0.14,11.86,47736,28209,0.2281,7971075.78,7953551.84,45386.78,20083,2800,2707,0.0173,41.41,573.78,4.4,60,Running,90,8513,16961,25474,260.51,8.03,7.13,Retention,Excellent
9156,2025-02-23,Facebook,Europe,Mobile,Senior,Travel,Awareness,Spring,15073.91,13988.34,1640294,91965,0.0561,0.15,8.53,22050,12811,0.1393,6361344.82,6347356.48,45376.05,12015,1957,1801,0.0096,26.89,173.25,3.4,44,Completed,29,10769,1101,11870,444.83,9.36,0.74,Sales Growth,Excellent
29924,2024-07-18,YouTube,Africa,Desktop,Enterprise,Education,Lead Generation,Winter,11336.97,9007.84,2714815,93419,0.0344,0.1,3.32,19499,9318,0.0997,4094057.33,4085049.49,45349.93,23464,6845,2120,0.0119,23.75,304.3,4.9,58,Completed,90,3255,5226,8481,385.07,1.17,7.3,Sales Growth,Excellent
131513,2025-04-07,LinkedIn,South America,Desktop,Returning,Beauty,Lead Generation,Festival,27404.38,25761.33,2279754,207505,0.091,0.12,11.3,82968,34792,0.1677,11695497.11,11669735.78,45299.43,23030,2901,2636,0.0125,42.05,248.53,3.2,16,Completed,31,9006,25318,34324,286.16,9.73,5.68,Sales Growth,Excellent
31982,2024-05-01,Instagram,Asia Pacific,Tablet,Senior,Education,App Promotion,Summer,63269.99,51971.68,2988251,282264,0.0945,0.18,17.39,94069,52663,0.1866,23583164.26,23531192.58,45276.95,50160,19324,5182,0.025,37.12,363.46,3.7,46,Completed,75,15017,35036,50053,383.18,13.78,7.78,Lead Generation,Excellent
68655,2025-04-12,Google Ads,Africa,Desktop,Returning,Fashion,Retention,Winter,11434.04,9957.23,2153330,202729,0.0941,0.05,4.62,62744,15720,0.0775,4517549.96,4507592.73,45269.55,8905,1514,869,0.0052,20.23,109.64,3.2,47,Completed,15,12810,1556,14366,283.96,6.49,3.98,Brand Awareness,Excellent
44804,2024-07-24,LinkedIn,North America,Tablet,New,Electronics,Awareness,Autumn,7355.6,7133.71,1359014,106781,0.0786,0.07,5.25,23848,6665,0.0624,3235313.22,3228179.51,45252.46,26267,3033,4399,0.0248,47.45,349.2,2.8,99,Completed,10,3815,2204,6019,428.64,0.12,9.45,Sales Growth,Excellent
85293,2024-08-29,Google Ads,North America,Desktop,Enterprise,Real Estate,Product Launch,Holiday,22555.19,21708.45,2682744,89528,0.0334,0.24,8.09,34386,19772,0.2208,9836594.13,9814885.68,45212.28,45471,8197,6001,0.0222,66.86,435.99,3.6,49,Completed,9,1001,17850,18851,428.28,8.96,6.41,Sales Growth,Excellent
90227,2024-02-25,Facebook,Middle East,Smart TV,Returning,Finance,Awareness,Festival,47375.59,38531.29,2444562,196293,0.0803,0.2,15.76,74074,31864,0.1623,17432933.06,17394401.77,45143.57,20362,4990,1610,0.011,57.55,517.81,3.3,19,Completed,22,9367,22405,31772,497.16,3.02,4.85,Retention,Excellent
438,2023-08-07,Google Ads,Middle East,Mobile,Senior,Fashion,Sales,Holiday,41841.32,33059.01,2021935,191546,0.0947,0.17,16.35,53227,30915,0.1614,14952147.31,14919088.3,45128.66,38973,12157,3409,0.027,79.22,364.09,2.6,8,Completed,88,11229,16986,28215,474.42,8.28,3.69,Retention,Excellent
149166,2023-05-31,YouTube,Middle East,Tablet,Senior,Fashion,Seasonal Promotion,Festival,29398.46,29252.4,2717944,265949,0.0978,0.11,10.76,87278,35478,0.1334,13222136.2,13192883.8,45100.18,16015,3697,1622,0.0078,25.58,491.47,3.4,59,Completed,29,5225,30178,35403,373.43,11.38,3.14,Retention,Excellent
113667,2025-11-20,TikTok,South America,Smart TV,Returning,Electronics,Sales,Autumn,15799.04,15680.66,2763265,109928,0.0398,0.14,5.67,30954,13457,0.1224,7071998.82,7056318.16,45000.13,33560,7678,6265,0.0172,61.55,543.09,3.2,33,Completed,23,10840,1892,12732,473.28,25.55,8.76,Retention,Excellent
1026,2024-08-14,LinkedIn,Middle East,Desktop,New,Travel,Retention,Spring,15552.57,12756.6,1228835,117418,0.0956,0.11,10.38,25832,11360,0.0967,5751451.89,5738695.29,44986.09,16528,5700,2291,0.02,50.53,324.56,3.7,84,Running,38,6640,3945,10585,440.87,24.24,0.25,Retention,Excellent
24259,2023-12-28,Instagram,Middle East,Tablet,Enterprise,Beauty,Product Launch,Autumn,42411.6,31918.32,2567680,241436,0.094,0.13,12.43,74121,41600,0.1723,14385252.86,14353334.54,44968.95,31306,8697,5151,0.0176,70.83,244.47,4.5,63,Running,35,2755,35773,38528,312.74,16.78,5.18,Sales Growth,Excellent
106000,2024-05-01,Twitter (X),South America,Tablet,Senior,Finance,Awareness,Autumn,19767.9,18058.26,2965793,136389,0.046,0.13,6.09,44170,14955,0.1096,8134830.9,8116772.64,44947.7,49129,19371,5004,0.0248,33.38,168.5,2.8,9,Completed,33,13384,320,13704,498.69,24.26,0.02,Lead Generation,Excellent
45936,2025-04-28,TikTok,North America,Tablet,New,Electronics,Product Launch,Holiday,26231.54,22138.26,2758126,187292,0.0679,0.12,8.03,69058,22741,0.1214,9966846.59,9944708.33,44920.91,38239,5054,4921,0.0175,44.02,98.62,4.4,75,Completed,41,14418,7973,22391,413.62,20.2,5.99,Brand Awareness,Excellent
145411,2024-10-08,YouTube,Asia Pacific,Tablet,Enterprise,Travel,Sales,Summer,35348.07,33463.4,2913698,283128,0.0972,0.12,11.48,88470,43605,0.154,15055119.87,15021656.47,44889.81,23892,4191,3774,0.0109,46.5,341.82,3.6,96,Completed,79,36295,4998,41293,304.78,0.05,3.58,Sales Growth,Excellent
138085,2023-03-07,TikTok,South America,Smart TV,Student,Electronics,Awareness,Spring,12922.41,11555.96,2436498,189965,0.078,0.06,4.74,38283,12806,0.0674,5195103.46,5183547.5,44856.05,28477,3754,1653,0.0139,20.21,548.56,4.6,8,Completed,10,10030,1549,11579,350.72,1.94,5.77,Lead Generation,Excellent
88241,2025-06-09,YouTube,Europe,Smart TV,Premium,Food,Lead Generation,Spring,26322.07,24413.7,2371844,194702,0.0821,0.13,10.29,51531,29718,0.1526,10960590.18,10936176.48,44795.24,19856,3479,3391,0.0113,23.22,91.15,2.8,59,Completed,55,13348,16198,29546,341.5,28.84,2.75,Lead Generation,Excellent
132053,2024-07-01,Google Ads,Asia Pacific,Desktop,Enterprise,Food,App Promotion,Winter,14435.79,13286.86,1730468,154292,0.0892,0.09,7.68,53089,30415,0.1971,5965064.78,5951777.92,44794.47,22892,5263,4245,0.0187,45.43,564.64,3.1,4,Completed,24,4723,22751,27474,212.5,6.24,0.9,Lead Generation,Excellent
97505,2025-09-08,LinkedIn,Middle East,Desktop,Senior,Travel,Sales,Spring,35649.07,28590.35,2761535,255251,0.0924,0.11,10.35,88452,29449,0.1154,12816353.06,12787762.71,44727.55,38798,12893,5872,0.0208,33.17,329.02,3.5,37,Completed,14,12596,16558,29154,369.2,3.36,4.25,Sales Growth,Excellent
89364,2024-11-05,Instagram,Europe,Smart TV,Student,Fashion,Retention,Holiday,11233.76,8434.37,2631721,199710,0.0759,0.04,3.2,43578,11025,0.0552,3780488.09,3772053.72,44722.41,45199,5673,4552,0.0211,69.04,545.36,4.2,51,Completed,90,4696,5374,10070,298.38,15.68,4.89,Retention,Excellent
44467,2025-02-19,Instagram,Middle East,Smart TV,Enterprise,Fashion,Awareness,Autumn,26014.6,19644.41,2788801,224024,0.0803,0.09,7.04,72154,21707,0.0969,8804935.45,8785291.04,44721.58,8546,3389,1246,0.0047,34.96,356.31,4.6,66,Completed,60,10441,10935,21376,363.27,3.18,0.08,Lead Generation,Excellent
78550,2023-04-22,Google Ads,Africa,Desktop,Premium,Finance,Product Launch,Autumn,41200.95,34835.23,1781642,175125,0.0983,0.2,19.55,64125,26129,0.1492,15606236.24,15571401.01,44700.15,28870,5545,2233,0.0206,46.16,555.93,3.5,59,Completed,84,25082,692,25774,494.65,19.5,6.32,Retention,Excellent
33876,2023-07-19,Instagram,North America,Mobile,Premium,Fashion,Lead Generation,Summer,7815.51,7131.08,2636047,123853,0.047,0.06,2.71,31703,13622,0.11,3194539.21,3187408.13,44697.41,33708,4143,3565,0.0157,76.7,537.14,3.3,64,Completed,40,6093,6830,12923,229.39,28.72,8.0,Brand Awareness,Excellent
132322,2025-09-07,TikTok,North America,Tablet,Premium,Food,App Promotion,Autumn,25317.2,20580.9,1259590,123762,0.0983,0.17,16.34,37294,19624,0.1586,9219606.9,9199026.0,44696.91,24336,3920,4390,0.0259,34.53,424.48,4.5,34,Running,14,12746,5912,18658,417.58,0.37,6.38,Sales Growth,Excellent
58635,2023-12-28,Google Ads,Europe,Smart TV,Returning,Travel,Retention,Summer,23128.29,20463.8,1332900,132241,0.0992,0.15,15.35,47640,17702,0.1339,9163523.71,9143059.91,44679.19,11620,2354,942,0.0112,32.75,66.82,4.6,27,Completed,61,4945,12303,17248,465.01,0.25,0.08,Retention,Excellent
11508,2025-08-25,YouTube,North America,Smart TV,Returning,Electronics,Seasonal Promotion,Autumn,9925.25,9412.23,2811263,125360,0.0446,0.08,3.35,24864,14615,0.1166,4213081.16,4203668.93,44661.77,10366,2606,1654,0.0052,76.11,276.71,3.0,76,Completed,51,11585,1707,13292,277.24,22.59,3.64,Sales Growth,Excellent
45482,2024-10-26,TikTok,South America,Tablet,Enterprise,Food,App Promotion,Winter,10512.81,9272.12,2139757,145802,0.0681,0.06,4.33,28676,14619,0.1003,4147627.38,4138355.26,44632.24,7612,831,901,0.0044,58.59,411.94,2.8,39,Completed,19,5041,8516,13557,236.3,0.09,4.89,Retention,Excellent
70360,2025-03-02,Instagram,Asia Pacific,Tablet,Senior,Beauty,Retention,Autumn,6002.23,5644.52,2367427,108752,0.0459,0.05,2.38,11081,6379,0.0587,2521245.27,2515600.75,44567.13,40485,4395,7593,0.0222,31.04,55.52,4.9,67,Completed,70,2855,3150,6005,411.73,19.02,5.05,Retention,Excellent
71670,2024-09-15,Twitter (X),Africa,Tablet,Enterprise,Automobile,Awareness,Autumn,40262.08,30283.63,2901254,116262,0.0401,0.26,10.44,44953,24324,0.2092,13511515.95,13481232.32,44516.57,43211,15916,5622,0.0223,65.86,253.03,4.7,92,Completed,40,16170,8063,24233,431.52,14.23,8.77,Retention,Excellent
80811,2025-10-24,Google Ads,Europe,Mobile,Returning,Education,Product Launch,Holiday,26861.41,25787.73,1925290,147651,0.0767,0.17,13.39,57362,25959,0.1758,11498918.96,11473131.23,44490.66,32841,12641,4215,0.0258,25.92,168.49,4.2,31,Completed,55,14409,11330,25739,393.0,25.49,3.79,Sales Growth,Excellent
98181,2023-12-10,Facebook,Africa,Desktop,Premium,Healthcare,Seasonal Promotion,Summer,23811.99,18409.17,2662446,134348,0.0505,0.14,6.91,50890,16161,0.1203,8190445.72,8172036.55,44391.12,25085,5149,3872,0.0128,50.06,598.41,4.7,23,Completed,14,6786,8792,15578,470.65,21.89,8.02,Retention,Excellent
125667,2025-10-03,LinkedIn,North America,Desktop,Returning,Automobile,Product Launch,Spring,16678.32,16315.16,2593063,197827,0.0763,0.08,6.29,65402,38488,0.1946,7258553.99,7242238.83,44389.63,5814,1293,761,0.003,28.57,498.73,4.2,42,Completed,32,31745,6354,38099,174.91,26.76,0.85,Sales Growth,Excellent
124328,2024-05-06,Instagram,Europe,Smart TV,New,Beauty,Product Launch,Winter,7424.03,6948.69,2837684,278270,0.0981,0.02,2.45,46727,19679,0.0707,3085185.41,3078236.72,44299.53,29473,3567,4438,0.0132,74.82,503.58,4.7,56,Completed,45,14501,3567,18068,156.14,12.09,3.26,Retention,Excellent
119363,2025-01-11,TikTok,Asia Pacific,Mobile,Returning,Automobile,Retention,Summer,14951.05,14148.19,1435928,138390,0.0964,0.1,9.85,28667,15211,0.1099,6281614.68,6267466.49,44298.72,15345,2262,1996,0.0137,71.15,328.6,4.8,64,Completed,44,6883,7334,14217,348.44,18.26,8.89,Lead Generation,Excellent
37878,2024-07-05,Instagram,Asia Pacific,Desktop,Senior,Real Estate,Awareness,Spring,17637.3,14876.07,2385776,228818,0.0959,0.07,6.24,58365,24144,0.1055,6604761.31,6589885.24,44298.56,34261,6601,2803,0.0183,45.04,171.87,4.3,82,Completed,60,10160,13434,23594,218.44,18.06,8.79,Retention,Excellent
29596,2024-08-01,Google Ads,North America,Desktop,Senior,Fashion,Awareness,Spring,11512.57,10695.49,1441943,135048,0.0937,0.08,7.42,25264,14495,0.1073,4747088.03,4736392.54,44284.02,15824,5806,1644,0.0161,57.77,386.79,3.4,60,Completed,59,13064,9,13073,298.73,8.99,5.28,Brand Awareness,Excellent
145670,2023-11-30,Twitter (X),Europe,Desktop,Senior,Travel,Sales,Festival,11288.07,11170.38,2597998,133788,0.0515,0.08,4.3,35872,11434,0.0855,4955997.21,4944826.83,44267.31,26411,7855,2702,0.0142,42.97,139.7,3.6,20,Completed,27,2565,8028,10593,385.29,17.76,7.39,Retention,Excellent
32333,2023-10-28,TikTok,Middle East,Desktop,New,Travel,Awareness,Autumn,32028.45,30796.23,2897762,218159,0.0753,0.14,10.63,74005,38994,0.1787,13628453.03,13597656.8,44153.64,36728,4068,4025,0.0155,73.86,173.8,4.7,19,Completed,82,28691,8263,36954,300.14,4.49,9.42,Retention,Excellent
69869,2025-09-09,LinkedIn,Europe,Smart TV,New,Food,Sales,Festival,17797.02,16464.24,1270511,106585,0.0839,0.15,12.96,37273,21860,0.2051,7276860.17,7260395.93,44097.97,17625,4570,3387,0.0201,50.17,126.45,4.1,43,Completed,62,18666,2846,21512,273.2,9.53,5.37,Lead Generation,Excellent
17587,2025-07-14,YouTube,Asia Pacific,Mobile,Returning,Automobile,Product Launch,Winter,15612.22,12213.19,1232633,119685,0.0971,0.1,9.91,45173,17466,0.1459,5385947.97,5373734.78,43999.44,10878,2677,2151,0.0127,36.96,445.74,4.6,46,Running,60,8811,7051,15862,274.67,18.93,0.46,Retention,Excellent
141885,2023-09-05,Instagram,Europe,Tablet,New,Fashion,Awareness,Holiday,6261.87,4798.76,2788550,29112,0.0104,0.16,1.72,8052,4612,0.1584,2115385.69,2110586.93,43981.92,39291,9685,7288,0.0202,53.97,509.27,3.5,14,Completed,89,2504,2081,4585,407.85,23.45,7.22,Sales Growth,Excellent
99099,2025-05-31,Facebook,North America,Tablet,Student,Finance,App Promotion,Holiday,18320.39,14867.48,2007810,184652,0.092,0.08,7.4,31559,18250,0.0988,6553799.55,6538932.07,43981.44,26765,3946,2407,0.0165,21.07,345.13,3.4,29,Completed,81,3581,12892,16473,396.09,2.07,4.96,Lead Generation,Excellent
77534,2025-06-02,Twitter (X),Europe,Desktop,Premium,Finance,Seasonal Promotion,Spring,20180.4,15357.98,2592210,253198,0.0977,0.06,5.92,29717,14600,0.0577,6767189.96,6751831.98,43963.02,5318,1854,913,0.0031,37.44,163.26,4.4,57,Completed,41,11396,2325,13721,440.79,8.39,5.12,Sales Growth,Excellent
71951,2023-08-19,TikTok,Middle East,Mobile,Senior,Electronics,Retention,Spring,15141.06,13321.51,1607931,156451,0.0973,0.09,8.28,26948,12483,0.0798,5866026.44,5852704.93,43934.25,17453,6667,2475,0.0165,47.73,535.25,5.0,2,Completed,54,1989,9346,11335,490.34,16.97,1.06,Retention,Excellent
2608,2024-08-14,Facebook,North America,Desktop,Premium,Travel,Lead Generation,Spring,8185.73,6754.71,1891312,112322,0.0594,0.06,3.57,40481,9230,0.0822,2974336.39,2967581.68,43933.52,35340,5911,6510,0.0253,72.64,264.96,4.7,30,Completed,40,655,8034,8689,300.24,11.13,8.07,Sales Growth,Excellent
128002,2025-09-15,Google Ads,South America,Tablet,New,Education,Sales,Winter,21974.34,20244.82,2294262,175984,0.0767,0.12,8.82,43061,18766,0.1066,8911817.81,8891572.99,43920.24,24227,8753,1626,0.0151,25.65,337.13,4.2,60,Running,14,10689,6498,17187,447.0,22.25,0.75,Retention,Excellent
24693,2023-07-23,Google Ads,Europe,Smart TV,Enterprise,Finance,Seasonal Promotion,Winter,27754.99,20865.64,1022017,71764,0.0702,0.29,20.42,27645,16366,0.2281,9183888.4,9163022.76,43914.41,11646,2022,1579,0.0149,44.25,245.55,3.4,59,Completed,80,11661,3134,14795,499.16,2.64,8.46,Retention,Excellent
128647,2025-10-24,Facebook,Europe,Mobile,Returning,Finance,App Promotion,Holiday,17407.07,13409.49,2797315,81087,0.029,0.17,4.79,26802,11620,0.1433,5897568.35,5884158.86,43880.56,14429,4653,2854,0.0078,74.4,209.52,2.8,25,Completed,80,10214,544,10758,447.0,15.47,8.02,Brand Awareness,Excellent
21545,2025-03-13,YouTube,Africa,Tablet,Senior,Finance,Awareness,Winter,6608.35,5465.57,1528130,98562,0.0645,0.06,3.58,32946,12003,0.1218,2401686.98,2396221.41,43842.11,29726,4980,5164,0.0261,21.39,76.89,5.0,89,Completed,41,8303,2575,10878,210.85,23.45,6.65,Retention,Excellent
137406,2024-06-12,Instagram,Africa,Tablet,Student,Education,App Promotion,Spring,7106.75,5685.64,1641516,87887,0.0535,0.06,3.46,10906,6061,0.069,2498167.87,2492482.23,43838.2,22555,3227,3425,0.0178,65.35,133.29,4.9,29,Completed,82,1594,4254,5848,364.31,4.58,5.97,Lead Generation,Excellent
4346,2024-05-23,YouTube,South America,Desktop,Returning,Beauty,Lead Generation,Summer,34322.98,27014.23,2605719,242060,0.0929,0.11,10.37,91038,28159,0.1163,11856906.19,11829891.96,43791.34,42852,13295,4104,0.0231,27.03,285.08,3.5,5,Running,65,935,25501,26436,352.36,10.27,7.84,Retention,Excellent
120918,2025-02-01,LinkedIn,South America,Mobile,New,Fashion,App Promotion,Holiday,11666.32,11230.12,1421047,134752,0.0948,0.08,7.9,42602,21993,0.1632,4923017.92,4911787.8,43737.63,4083,1266,527,0.0041,66.84,218.01,3.3,20,Completed,81,9539,10565,20104,226.89,10.54,1.67,Lead Generation,Excellent
116821,2025-08-13,LinkedIn,North America,Tablet,Student,Automobile,Lead Generation,Summer,16344.96,12865.76,2489399,154015,0.0619,0.08,5.17,31168,13844,0.0899,5629813.73,5616947.97,43658.11,45937,15502,4931,0.0267,76.89,389.18,3.2,90,Completed,56,6822,6461,13283,352.37,15.23,8.16,Lead Generation,Excellent
64714,2024-03-18,Google Ads,Europe,Tablet,New,Food,Seasonal Promotion,Festival,38106.45,29421.67,2888744,226600,0.0784,0.13,10.18,84426,43443,0.1917,12871932.16,12842510.49,43649.84,33924,5546,5871,0.0157,22.67,469.69,2.5,33,Completed,50,35991,5843,41834,240.21,19.46,6.28,Sales Growth,Excellent
55583,2024-11-05,TikTok,Africa,Mobile,Enterprise,Healthcare,Sales,Spring,7851.47,7207.29,584365,55825,0.0955,0.13,12.33,15101,8412,0.1507,3153150.08,3145942.79,43649.45,8984,3039,1328,0.0228,26.03,243.09,3.8,72,Completed,24,6891,1477,8368,324.99,24.46,4.74,Retention,Excellent
39218,2025-09-18,YouTube,South America,Desktop,Enterprise,Real Estate,Sales,Autumn,24457.4,19689.09,2844312,170652,0.06,0.12,6.92,54565,19937,0.1168,8613434.56,8593745.47,43647.25,22688,5474,2600,0.0108,28.28,287.47,4.0,5,Completed,62,1549,16962,18511,464.59,1.95,9.13,Retention,Excellent
79932,2023-07-01,Twitter (X),Africa,Desktop,Student,Fashion,Product Launch,Summer,36053.46,27327.69,2437685,218167,0.0895,0.13,11.21,84016,24869,0.114,11952449.12,11925121.43,43637.5,40301,6289,7192,0.0221,50.09,316.49,3.8,44,Completed,40,4504,20132,24636,418.5,2.26,0.91,Retention,Excellent
83839,2025-01-30,Instagram,Africa,Mobile,Enterprise,Automobile,Product Launch,Holiday,9873.42,7803.85,1599347,55041,0.0344,0.14,4.88,14844,7185,0.1305,3407401.52,3399597.67,43563.08,8243,1017,1488,0.0067,23.86,149.86,3.9,70,Running,28,3540,3399,6939,416.38,13.92,7.94,Lead Generation,Excellent
33213,2025-06-15,Google Ads,Europe,Tablet,New,Food,Lead Generation,Holiday,28210.7,21182.34,1720561,130358,0.0758,0.16,12.31,46472,22341,0.1714,9238945.74,9217763.4,43516.27,20340,5144,2574,0.0163,72.67,494.43,4.4,98,Running,62,7438,14539,21977,341.51,5.8,5.35,Retention,Excellent
109049,2024-07-07,Google Ads,Europe,Tablet,Student,Food,Awareness,Summer,5004.06,4739.53,1618989,60716,0.0375,0.08,2.93,23022,6900,0.1136,2066537.38,2061797.85,43502.16,4171,738,363,0.0033,25.36,288.07,4.7,31,Completed,80,5743,597,6340,277.96,10.51,4.8,Lead Generation,Excellent
92319,2025-07-26,Twitter (X),Europe,Mobile,Premium,Travel,App Promotion,Summer,19263.62,17287.44,2550113,198036,0.0777,0.09,6.78,39271,18529,0.0936,7535849.88,7518562.44,43491.47,48113,10500,5549,0.0252,63.6,591.42,3.7,75,Completed,89,13688,3793,17481,417.36,29.57,6.06,Lead Generation,Excellent
96518,2025-10-20,Google Ads,Europe,Mobile,Premium,Fashion,Awareness,Winter,6748.87,5211.56,1042608,62027,0.0595,0.08,5.0,21834,5146,0.083,2271186.18,2265974.62,43479.78,10909,3652,777,0.0147,52.05,90.34,4.3,60,Completed,81,1806,3015,4821,438.18,13.96,5.0,Retention,Excellent
59005,2023-12-17,Facebook,North America,Smart TV,Premium,Education,Lead Generation,Spring,32154.95,25948.74,2849702,123390,0.0433,0.21,9.11,46935,22276,0.1805,11306247.45,11280298.71,43471.47,32073,9748,6408,0.0169,21.65,242.32,3.6,94,Completed,84,14761,6193,20954,425.75,20.24,0.88,Retention,Excellent
73865,2024-08-02,LinkedIn,South America,Tablet,Enterprise,Real Estate,App Promotion,Winter,27686.34,23327.26,2809389,266327,0.0948,0.09,8.3,96015,28943,0.1087,10160065.54,10136738.28,43454.47,21314,3352,2511,0.0097,33.95,421.85,4.0,71,Completed,41,2895,25618,28513,307.7,3.23,3.26,Brand Awareness,Excellent
104588,2023-07-09,Twitter (X),Asia Pacific,Desktop,Returning,Food,Sales,Festival,25765.15,20242.79,2170906,165806,0.0764,0.12,9.32,60113,23537,0.142,8798910.56,8778667.77,43366.89,20911,7001,1615,0.0136,75.84,83.05,3.8,63,Completed,18,5337,17550,22887,360.02,25.52,2.43,Brand Awareness,Excellent
20568,2024-09-25,Instagram,Middle East,Smart TV,Senior,Travel,Retention,Holiday,6424.51,5761.88,1670687,114292,0.0684,0.05,3.45,24675,7307,0.0639,2504502.8,2498740.92,43366.76,10082,2351,1317,0.0082,79.6,125.51,4.6,41,Completed,62,948,5885,6833,337.79,16.2,0.97,Retention,Excellent
3810,2024-11-24,YouTube,Africa,Desktop,Returning,Food,Sales,Winter,16266.19,15313.32,2316517,184871,0.0798,0.08,6.61,46620,20597,0.1114,6652940.36,6637627.04,43345.45,43987,11272,8176,0.0274,60.06,431.69,4.1,83,Completed,20,14246,5387,19633,305.25,14.37,1.33,Sales Growth,Excellent
39363,2024-05-02,Google Ads,Africa,Smart TV,Senior,Real Estate,Awareness,Spring,5543.39,4635.65,2466748,134833,0.0547,0.03,1.88,20814,10005,0.0742,2013741.65,2009106.0,43340.33,39495,8811,4746,0.0215,47.5,427.67,3.8,94,Completed,57,2523,6774,9297,172.2,7.49,4.09,Brand Awareness,Excellent
20822,2025-05-08,Google Ads,South America,Smart TV,Returning,Travel,Retention,Winter,14911.09,14566.78,2796130,73771,0.0264,0.2,5.21,27605,15647,0.2121,6325614.09,6311047.31,43324.93,16397,5159,2359,0.0086,77.36,116.22,3.2,32,Completed,64,6083,8476,14559,419.17,8.98,7.86,Brand Awareness,Excellent
6387,2023-03-27,Facebook,Europe,Tablet,Premium,Education,Sales,Autumn,35399.92,34337.72,2711209,201079,0.0742,0.17,12.67,62385,34018,0.1692,14911089.09,14876751.37,43324.81,43533,7703,3249,0.0201,35.12,46.61,3.9,61,Completed,69,11879,19685,31564,377.58,4.49,3.24,Lead Generation,Excellent
99182,2024-01-10,Facebook,Asia Pacific,Mobile,Returning,Travel,Retention,Festival,39968.44,32324.84,2803754,206000,0.0735,0.16,11.53,54596,29479,0.1431,14035887.11,14003562.27,43321.37,11931,2393,841,0.0054,54.17,281.71,3.5,96,Completed,41,23057,4989,28046,451.04,14.63,2.04,Retention,Excellent
74409,2025-05-14,YouTube,Middle East,Desktop,Premium,Education,Awareness,Spring,5927.44,5480.12,2069959,47694,0.023,0.11,2.65,10309,5622,0.1179,2378599.6,2373119.48,43304.15,8484,2152,1473,0.0058,68.31,204.96,3.4,97,Completed,84,4430,1101,5531,420.95,10.42,0.15,Lead Generation,Excellent
133319,2025-07-29,YouTube,Europe,Smart TV,Student,Electronics,Lead Generation,Holiday,20274.72,20045.22,2014288,170611,0.0847,0.12,9.95,59900,30611,0.1794,8700310.61,8680265.39,43303.42,15200,3277,2459,0.0104,70.77,70.12,3.3,29,Completed,34,2316,27737,30053,259.81,25.56,3.34,Lead Generation,Excellent
73761,2025-07-19,LinkedIn,Middle East,Mobile,Premium,Automobile,Sales,Spring,20413.97,15975.49,2326651,204851,0.088,0.08,6.87,60514,25548,0.1247,6929503.45,6913527.96,43275.84,42284,10963,2970,0.0242,45.0,421.32,3.3,32,Completed,80,15462,9467,24929,270.35,6.85,4.87,Lead Generation,Excellent
120245,2023-08-19,Twitter (X),Asia Pacific,Desktop,Student,Education,Retention,Summer,36908.3,36175.29,2988672,249347,0.0834,0.15,12.1,86969,28680,0.115,15689281.25,15653105.96,43270.16,25651,5244,4542,0.0119,46.62,458.18,3.5,62,Running,61,26573,1309,27882,443.68,3.63,4.31,Lead Generation,Excellent
41831,2023-09-30,Facebook,Europe,Smart TV,Enterprise,Beauty,Product Launch,Winter,21792.76,17795.69,2995002,257505,0.086,0.07,5.94,67526,25685,0.0997,7714974.89,7697179.2,43253.05,39810,8571,6994,0.0185,30.98,534.6,3.2,38,Completed,70,12794,11078,23872,274.94,18.78,6.49,Retention,Excellent
16110,2025-06-29,YouTube,Africa,Tablet,Returning,Fashion,App Promotion,Holiday,12041.6,11306.74,2030840,120256,0.0592,0.09,5.57,34593,18446,0.1534,4900766.53,4889459.79,43243.76,12109,1980,647,0.0073,56.55,123.53,4.5,23,Completed,50,156,17313,17469,261.53,26.37,8.58,Brand Awareness,Excellent
93669,2025-01-01,Instagram,Europe,Smart TV,Senior,Education,Seasonal Promotion,Holiday,10984.27,8955.11,2094506,129925,0.062,0.07,4.28,31955,14010,0.1078,3880766.55,3871811.44,43235.78,14946,3357,1723,0.0096,28.24,89.02,4.9,89,Completed,37,6509,6358,12867,237.83,10.49,1.58,Lead Generation,Excellent
83042,2025-01-30,LinkedIn,South America,Tablet,Student,Fashion,Lead Generation,Holiday,12838.78,12778.25,1286812,126960,0.0987,0.1,9.93,43298,21888,0.1724,5536174.75,5523396.5,43224.98,19983,7615,1110,0.0223,68.87,500.84,4.0,24,Completed,28,14616,6728,21344,218.22,23.29,0.51,Brand Awareness,Excellent
54862,2023-04-18,TikTok,South America,Mobile,Student,Travel,Sales,Winter,25349.71,20172.65,1773408,153009,0.0863,0.13,11.38,38780,19701,0.1288,8733357.56,8713184.91,43193.06,25418,10021,1414,0.0208,60.36,110.54,3.2,90,Running,55,15225,3465,18690,431.92,13.2,6.76,Lead Generation,Excellent
14593,2025-10-26,Twitter (X),South America,Mobile,Enterprise,Automobile,Awareness,Autumn,12472.42,9503.16,2880476,211136,0.0733,0.05,3.3,57493,13361,0.0633,4112700.72,4103197.56,43177.19,14675,1944,2851,0.0068,39.4,399.21,2.5,52,Running,23,7437,5565,13002,282.72,22.09,9.28,Brand Awareness,Excellent
98629,2023-01-05,TikTok,Middle East,Smart TV,Premium,Food,Seasonal Promotion,Summer,20958.59,17932.1,2296142,219771,0.0957,0.08,7.81,29081,16740,0.0762,7752551.07,7734618.97,43132.81,5023,1494,805,0.0032,56.26,481.3,4.6,95,Completed,48,12054,4100,16154,459.11,20.89,5.89,Lead Generation,Excellent
78019,2025-09-03,TikTok,Middle East,Smart TV,Student,Electronics,Lead Generation,Spring,36780.61,28717.41,2824200,214479,0.0759,0.13,10.17,73343,34936,0.1629,12405321.32,12376603.91,43097.91,29515,4332,5312,0.0139,69.4,460.09,3.4,48,Completed,55,5177,26568,31745,362.61,17.94,1.74,Brand Awareness,Excellent
87983,2023-03-22,TikTok,Africa,Smart TV,Enterprise,Real Estate,Sales,Spring,51612.75,45292.58,2051692,161930,0.0789,0.28,22.08,63230,33339,0.2059,19544192.59,19498900.01,43050.98,14177,3505,1712,0.0095,73.9,340.9,4.6,71,Running,86,1894,31227,33121,477.19,22.47,7.45,Brand Awareness,Excellent
127661,2023-09-21,TikTok,Asia Pacific,Smart TV,Returning,Real Estate,Seasonal Promotion,Holiday,32660.0,26287.98,2646751,263075,0.0994,0.1,9.93,98964,43670,0.166,11342619.23,11316331.25,43047.55,32272,3412,2587,0.0145,43.77,63.44,3.0,100,Running,12,10966,31887,42853,209.56,26.78,4.08,Lead Generation,Excellent
32254,2024-04-25,Facebook,Asia Pacific,Tablet,Returning,Food,Sales,Winter,16432.36,16211.32,1841353,108894,0.0591,0.15,8.8,42310,18861,0.1732,6989500.15,6973288.83,43014.94,8276,2016,1620,0.0065,24.91,57.15,4.9,89,Completed,89,6212,12489,18701,314.94,13.69,2.22,Sales Growth,Excellent
51311,2023-06-24,Twitter (X),North America,Tablet,Student,Food,Awareness,Holiday,14641.32,12283.77,2446477,243876,0.0997,0.05,5.02,33889,13739,0.0563,5289578.63,5277294.86,42961.52,42329,15803,2324,0.0247,56.0,238.1,4.8,52,Completed,28,13162,266,13428,319.02,5.81,1.18,Brand Awareness,Excellent
122110,2024-12-27,YouTube,Asia Pacific,Tablet,Senior,Beauty,Lead Generation,Festival,12947.92,10720.64,1655074,111007,0.0671,0.1,6.48,38639,12375,0.1115,4614238.71,4603518.07,42940.7,8975,2119,1532,0.0076,20.88,88.46,3.3,39,Running,78,2580,8899,11479,383.37,14.94,4.54,Brand Awareness,Excellent
120696,2024-12-11,Facebook,North America,Desktop,Premium,Healthcare,Awareness,Summer,7361.68,6009.67,713296,33784,0.0474,0.18,8.43,13051,5064,0.1499,2585982.35,2579972.68,42930.36,5961,1474,638,0.0113,42.08,337.91,4.9,36,Completed,41,1202,3469,4671,490.81,20.07,6.52,Lead Generation,Excellent
39375,2024-06-24,Google Ads,Africa,Mobile,Returning,Healthcare,Sales,Autumn,7502.0,6424.52,2049837,53814,0.0263,0.12,3.13,10858,5569,0.1035,2762989.33,2756564.81,42906.94,32183,6384,6251,0.0219,64.94,85.79,3.4,1,Completed,15,2002,3380,5382,482.45,2.99,9.2,Brand Awareness,Excellent
44372,2025-05-05,YouTube,South America,Smart TV,Premium,Automobile,Awareness,Holiday,5183.21,4833.94,2105041,153733,0.073,0.03,2.3,15822,5039,0.0328,2074734.97,2069901.03,42820.16,5753,871,327,0.0033,28.08,544.85,3.4,43,Completed,82,1828,2937,4765,355.87,9.49,6.06,Brand Awareness,Excellent
56887,2024-06-10,LinkedIn,Asia Pacific,Tablet,Enterprise,Electronics,Awareness,Festival,45472.44,37203.46,2808874,235730,0.0839,0.16,13.24,73356,35809,0.1519,15959457.31,15922253.85,42797.78,54451,11385,2957,0.0245,55.61,175.41,3.5,28,Completed,32,27671,5836,33507,440.39,17.56,1.72,Retention,Excellent
65413,2025-07-29,LinkedIn,Middle East,Tablet,Student,Finance,Lead Generation,Winter,11569.99,9906.71,2849915,148423,0.0521,0.07,3.48,57436,33986,0.229,4248691.06,4238784.35,42787.0,11057,2989,1443,0.0054,67.5,79.42,3.8,35,Completed,74,11913,18840,30753,109.3,1.4,2.38,Sales Growth,Excellent
148388,2023-10-31,Instagram,Asia Pacific,Tablet,Senior,Beauty,Sales,Summer,9542.54,8168.33,1490902,119249,0.08,0.07,5.48,43036,15911,0.1334,3501321.11,3493152.78,42764.59,14486,2955,1722,0.0129,64.8,467.93,3.3,70,Running,89,3759,10610,14369,190.24,22.84,1.69,Brand Awareness,Excellent
79007,2023-06-20,Twitter (X),Middle East,Smart TV,Senior,Finance,Retention,Autumn,48090.74,38314.33,2864224,215685,0.0753,0.18,13.38,68491,32704,0.1516,16401102.6,16362788.27,42706.71,55446,11508,10722,0.0271,24.4,520.09,4.3,10,Completed,86,14650,17132,31782,467.7,14.56,8.63,Lead Generation,Excellent
87854,2025-11-17,LinkedIn,Europe,Desktop,Returning,Electronics,App Promotion,Spring,51904.22,45295.48,2959345,220811,0.0746,0.21,15.31,81373,35134,0.1591,19370683.35,19325387.87,42665.16,45287,16923,4023,0.0224,34.85,243.82,2.9,13,Completed,83,20104,12868,32972,491.06,7.95,9.67,Brand Awareness,Excellent
92276,2024-12-16,Google Ads,North America,Tablet,Enterprise,Fashion,Retention,Autumn,11585.49,10746.55,2136719,117479,0.055,0.09,5.03,21309,11173,0.0951,4595471.18,4584724.63,42662.29,15109,4386,1991,0.0101,46.5,67.14,3.7,47,Completed,74,520,10519,11039,396.56,7.52,8.94,Retention,Excellent
145863,2024-05-18,LinkedIn,Middle East,Smart TV,New,Finance,Seasonal Promotion,Spring,15950.75,13894.69,2320088,150845,0.065,0.09,5.99,50493,21345,0.1415,5938546.44,5924651.75,42639.68,35022,12450,2322,0.0215,21.26,109.7,4.0,78,Completed,62,13544,7586,21130,280.23,1.8,4.76,Lead Generation,Excellent
107228,2023-04-02,Instagram,Europe,Desktop,Senior,Healthcare,Product Launch,Holiday,22031.71,21318.49,2320392,168035,0.0724,0.13,9.19,64548,36437,0.2168,9107301.81,9085983.32,42620.2,37176,10970,5124,0.023,74.44,311.64,2.5,70,Running,66,29579,6740,36319,247.58,23.5,1.87,Retention,Excellent
45717,2025-03-04,TikTok,Africa,Desktop,Student,Fashion,Lead Generation,Winter,14175.51,12750.05,1778229,113730,0.064,0.11,7.17,30285,12089,0.1063,5446488.97,5433738.92,42617.39,18384,6220,1838,0.0149,77.9,294.05,4.7,65,Completed,9,9146,2722,11868,356.78,9.27,9.8,Sales Growth,Excellent
76425,2023-07-15,LinkedIn,South America,Smart TV,Premium,Finance,Seasonal Promotion,Spring,36705.73,27554.76,2340007,193610,0.0827,0.14,11.78,48080,22364,0.1155,11763409.13,11735854.37,42591.02,16425,3465,2167,0.0094,30.58,267.87,3.9,79,Completed,14,14236,6467,20703,453.68,19.01,7.17,Brand Awareness,Excellent
83403,2025-07-10,Instagram,Middle East,Mobile,Senior,Electronics,Sales,Holiday,33590.32,28231.76,2852833,169090,0.0593,0.17,9.9,62068,35540,0.2102,12046948.24,12018716.48,42571.62,32164,4320,3744,0.0141,20.05,312.31,4.3,89,Completed,28,18257,17113,35370,265.46,12.94,0.53,Brand Awareness,Excellent
54310,2023-01-14,Google Ads,Asia Pacific,Mobile,New,Finance,Product Launch,Festival,7581.52,6355.87,2858185,165344,0.0578,0.04,2.22,27382,6086,0.0368,2710426.97,2704071.1,42544.47,8707,1502,1217,0.004,23.44,121.21,4.8,96,Completed,47,5651,291,5942,404.71,20.26,3.32,Retention,Excellent
24367,2025-08-12,TikTok,Asia Pacific,Mobile,New,Real Estate,Lead Generation,Summer,22234.9,17704.42,2282490,84511,0.037,0.21,7.76,25945,13663,0.1617,7549040.07,7531335.65,42539.3,39315,11478,3633,0.0238,46.88,189.96,4.9,31,Running,35,7642,5705,13347,492.14,19.08,5.47,Brand Awareness,Excellent
80221,2024-03-25,Google Ads,North America,Mobile,New,Beauty,Lead Generation,Autumn,36175.61,33338.81,1943843,160762,0.0827,0.21,17.15,58917,32900,0.2047,14214098.65,14180759.84,42535.29,22442,5945,4138,0.0167,54.01,452.37,3.2,58,Completed,74,11445,20980,32425,428.09,2.87,5.37,Sales Growth,Excellent
115678,2025-05-10,YouTube,North America,Smart TV,Senior,Food,App Promotion,Spring,18848.45,17253.48,2148403,203846,0.0949,0.08,8.03,76438,38465,0.1887,7352417.67,7335164.19,42514.11,6052,672,403,0.0033,72.8,108.11,3.5,43,Completed,17,25618,12680,38298,170.6,27.97,3.4,Retention,Excellent
137637,2024-12-09,Google Ads,Asia Pacific,Tablet,Enterprise,Education,Product Launch,Autumn,54098.74,48954.71,2820682,281426,0.0998,0.17,17.36,83178,41040,0.1458,20847353.93,20798399.22,42484.98,24489,5971,1785,0.0114,34.97,301.98,4.8,98,Completed,57,13860,25865,39725,471.19,8.59,7.09,Sales Growth,Excellent
92769,2024-07-29,Twitter (X),Middle East,Desktop,Enterprise,Food,Seasonal Promotion,Spring,27978.85,22711.01,2741520,154667,0.0564,0.15,8.28,50333,20825,0.1346,9664328.05,9641617.04,42453.49,38172,5517,5394,0.0179,34.21,95.04,2.5,13,Completed,74,7109,13081,20190,401.12,24.2,5.12,Sales Growth,Excellent
88533,2023-03-07,Twitter (X),Middle East,Desktop,Returning,Fashion,Sales,Spring,31005.02,30238.11,2449524,217436,0.0888,0.14,12.34,49594,22975,0.1057,12864522.67,12834284.56,42444.07,38898,14642,4772,0.0238,30.35,412.65,4.0,1,Running,28,20760,1135,21895,466.05,0.77,5.24,Lead Generation,Excellent
80224,2023-05-17,LinkedIn,Middle East,Tablet,New,Healthcare,Retention,Winter,11575.63,10756.16,2093828,123259,0.0589,0.09,5.14,48400,13336,0.1082,4575270.12,4564513.96,42436.28,17260,3420,1835,0.0108,33.85,524.47,2.5,17,Running,46,12203,287,12490,323.3,11.37,3.62,Brand Awareness,Excellent
59357,2024-10-08,Facebook,Middle East,Desktop,Returning,Automobile,Sales,Autumn,8871.38,8763.92,2501393,181880,0.0727,0.05,3.5,29101,8771,0.0482,3727733.13,3718969.21,42435.0,42704,12462,6114,0.0245,39.4,82.94,3.2,58,Completed,67,5076,2950,8026,423.4,4.44,8.39,Lead Generation,Excellent
84967,2023-11-07,LinkedIn,South America,Mobile,Enterprise,Travel,Lead Generation,Festival,12263.27,11009.37,1815172,166798,0.0919,0.07,6.07,51411,13077,0.0784,4681057.58,4670048.21,42418.85,17476,4854,2513,0.0137,43.58,359.77,2.5,69,Completed,16,7369,4497,11866,381.68,9.59,1.33,Brand Awareness,Excellent
7783,2025-04-01,Instagram,South America,Tablet,New,Beauty,Product Launch,Winter,5223.37,4453.04,1160346,74557,0.0643,0.06,3.84,16152,5702,0.0765,1892817.56,1888364.52,42406.19,5218,995,792,0.006,60.87,409.6,3.7,12,Completed,20,1726,3469,5195,293.32,6.51,1.24,Brand Awareness,Excellent
118601,2025-10-14,LinkedIn,Asia Pacific,Mobile,Senior,Finance,Lead Generation,Summer,26764.76,22569.34,2896754,248985,0.086,0.09,7.79,37180,18932,0.076,9587982.13,9565412.79,42382.33,52996,18436,8332,0.0275,20.44,525.87,3.3,79,Completed,47,10492,7018,17510,468.41,2.07,5.71,Retention,Excellent
38057,2025-02-08,Facebook,Middle East,Mobile,New,Automobile,Product Launch,Summer,18010.54,13751.82,1723516,88439,0.0513,0.16,7.98,31688,14940,0.1689,5838658.55,5824906.73,42357.35,6784,1029,1178,0.0052,42.13,563.47,5.0,76,Completed,79,1801,12036,13837,390.35,24.05,6.91,Retention,Excellent
98664,2023-01-18,Twitter (X),Middle East,Mobile,Premium,Food,Lead Generation,Autumn,17172.09,14022.91,2711143,171140,0.0631,0.08,5.17,32536,16517,0.0965,5951330.14,5937307.23,42340.05,53704,13884,6590,0.0274,24.3,172.49,4.0,7,Completed,52,6398,10017,16415,314.94,0.55,7.68,Lead Generation,Excellent
129706,2024-07-17,YouTube,Europe,Desktop,Premium,Finance,Awareness,Holiday,20776.12,19841.25,2011009,180904,0.09,0.11,9.87,56591,17913,0.099,8420554.59,8400713.34,42339.64,8161,1275,1084,0.0052,44.1,415.86,4.6,15,Completed,38,15312,2161,17473,433.17,10.84,4.99,Brand Awareness,Excellent
3600,2023-07-21,Instagram,Europe,Mobile,New,Finance,Product Launch,Winter,10418.64,8469.71,2695442,97210,0.0361,0.09,3.14,25417,8525,0.0877,3594364.74,3585895.03,42337.87,48790,9293,5479,0.0236,61.95,299.14,2.8,65,Completed,78,812,6927,7739,450.07,6.94,9.75,Lead Generation,Excellent
59042,2023-11-02,YouTube,Asia Pacific,Smart TV,Enterprise,Food,App Promotion,Holiday,26789.46,25767.8,2775584,268182,0.0966,0.1,9.28,92510,39904,0.1488,10924526.12,10898758.32,42296.04,32946,12252,6464,0.0186,30.68,300.7,2.9,9,Completed,41,3344,36201,39545,250.61,16.65,4.21,Lead Generation,Excellent
141917,2025-08-14,TikTok,Africa,Tablet,Returning,Electronics,Awareness,Festival,35567.53,31290.61,2568830,244532,0.0952,0.13,12.18,68510,36782,0.1504,13259074.75,13227784.14,42273.97,34534,7941,4664,0.0184,25.53,364.71,3.5,31,Completed,69,18398,16200,34598,326.1,25.48,2.79,Lead Generation,Excellent
18023,2024-12-28,LinkedIn,Asia Pacific,Tablet,Premium,Finance,Sales,Autumn,25641.66,20345.79,953989,91619,0.096,0.22,21.33,34150,17620,0.1923,8620294.14,8599948.35,42268.93,14014,4116,1519,0.0206,46.61,364.37,4.1,96,Completed,32,744,15845,16589,478.66,22.1,0.01,Brand Awareness,Excellent
134570,2025-01-28,YouTube,Middle East,Desktop,New,Real Estate,Sales,Winter,22401.78,18957.69,1514045,146423,0.0967,0.13,12.52,27727,16223,0.1108,8032117.42,8013159.73,42268.65,25840,2652,1427,0.0198,33.74,550.84,2.8,32,Completed,10,1927,12897,14824,419.92,26.38,5.78,Brand Awareness,Excellent
45674,2023-01-05,Instagram,Europe,Smart TV,Enterprise,Healthcare,Retention,Festival,5336.78,4356.39,801892,43161,0.0538,0.1,5.43,13554,6795,0.1574,1845660.16,1841303.77,42266.73,6491,2527,1016,0.0125,36.29,497.6,4.4,94,Completed,70,5324,920,6244,294.89,28.96,1.53,Brand Awareness,Excellent
67505,2023-10-04,YouTube,Middle East,Mobile,New,Healthcare,Seasonal Promotion,Holiday,23834.16,21811.17,2230778,206998,0.0928,0.11,9.78,81072,26415,0.1276,9227470.37,9205659.2,42206.17,24865,5598,4265,0.0156,37.32,270.03,2.9,35,Completed,75,8953,17129,26082,315.13,16.9,4.52,Retention,Excellent
30577,2023-06-19,LinkedIn,Africa,Smart TV,Senior,Beauty,App Promotion,Spring,6995.4,6207.26,1780577,42293,0.0238,0.15,3.49,8158,4884,0.1155,2622370.73,2616163.47,42146.83,16971,5345,1246,0.0132,77.31,90.97,3.1,52,Completed,21,1163,3580,4743,437.31,6.96,2.91,Retention,Excellent
112406,2024-03-19,TikTok,Europe,Tablet,Enterprise,Fashion,Retention,Summer,9485.04,8778.74,1679691,46710,0.0278,0.19,5.23,16147,7271,0.1557,3708619.47,3699840.73,42145.46,6102,1254,455,0.0047,41.74,140.34,4.9,66,Completed,15,5698,1078,6776,478.66,0.99,6.83,Lead Generation,Excellent
18887,2025-09-27,TikTok,South America,Desktop,New,Travel,Awareness,Summer,9229.77,8774.2,1650671,126191,0.0764,0.07,5.32,38951,14095,0.1117,3702627.94,3693853.74,42099.04,21593,2324,3294,0.0165,22.98,144.94,4.3,58,Completed,18,2739,10966,13705,219.47,24.47,8.2,Retention,Excellent
99860,2025-05-06,YouTube,North America,Desktop,Senior,Finance,Seasonal Promotion,Winter,8954.17,7745.29,969627,84676,0.0873,0.09,7.99,26976,7995,0.0944,3267131.28,3259385.99,42082.17,4099,1281,482,0.006,59.17,261.97,4.7,90,Completed,64,5605,2249,7854,381.24,17.01,7.72,Brand Awareness,Excellent
124324,2023-06-09,Twitter (X),Middle East,Smart TV,Student,Beauty,Sales,Autumn,7094.56,5953.21,1153952,84573,0.0733,0.07,5.16,32658,15865,0.1876,2509479.72,2503526.51,42053.39,16114,2012,2783,0.0181,32.9,407.67,4.9,41,Completed,64,14346,62,14408,147.55,2.72,9.86,Brand Awareness,Excellent
26294,2024-12-24,Twitter (X),North America,Mobile,Senior,Automobile,Retention,Winter,9850.7,7892.75,2855118,112508,0.0394,0.07,2.76,27312,10583,0.0941,3324302.25,3316409.5,42018.43,20344,6052,1526,0.0098,30.56,583.6,3.2,1,Completed,86,3191,7175,10366,276.06,13.84,5.74,Retention,Excellent
129393,2025-04-17,YouTube,Middle East,Smart TV,Student,Healthcare,Retention,Autumn,9873.86,8352.24,828597,71244,0.086,0.12,10.08,25667,15054,0.2113,3516879.33,3508527.09,42007.02,6657,1236,408,0.01,40.23,156.11,2.9,4,Completed,24,6539,8161,14700,184.68,27.06,9.5,Retention,Excellent
96214,2024-06-04,Facebook,Europe,Smart TV,Premium,Travel,App Promotion,Summer,13258.19,11250.05,1867200,99215,0.0531,0.11,6.03,30347,9320,0.0939,4735876.47,4724626.42,41996.49,28603,5123,5201,0.0208,35.33,521.51,4.5,8,Completed,29,3668,5140,8808,457.27,14.43,5.12,Retention,Excellent
18150,2023-04-12,YouTube,North America,Desktop,Enterprise,Education,App Promotion,Holiday,13882.65,11026.03,2627342,108712,0.0414,0.1,4.2,42581,21986,0.2022,4637471.06,4626445.03,41959.3,50716,12393,7091,0.0267,67.13,501.31,4.3,66,Completed,84,5279,15781,21060,178.16,25.32,1.13,Brand Awareness,Excellent
24813,2024-12-23,Twitter (X),South America,Tablet,Enterprise,Beauty,Lead Generation,Autumn,37890.67,36730.32,2360129,216096,0.0916,0.17,15.56,61037,29441,0.1362,15430462.41,15393732.09,41910.15,8291,3178,528,0.0051,45.56,298.42,3.6,38,Completed,86,17464,11064,28528,493.89,18.46,4.16,Sales Growth,Excellent
17174,2024-01-08,TikTok,Middle East,Desktop,Senior,Fashion,Awareness,Holiday,11403.22,8938.61,1459329,81878,0.0561,0.11,6.13,17822,7483,0.0914,3746802.91,3737864.3,41817.06,14394,5546,1196,0.0145,34.13,189.28,4.7,38,Running,90,2085,4852,6937,480.24,16.75,3.77,Retention,Excellent
6950,2023-11-22,Facebook,North America,Tablet,Enterprise,Electronics,Seasonal Promotion,Festival,17435.53,16373.81,1444745,140382,0.0972,0.12,11.33,27137,14550,0.1036,6855025.37,6838651.56,41765.79,7391,1061,766,0.0064,24.46,567.98,2.8,2,Completed,84,10572,3682,14254,453.32,4.78,3.04,Brand Awareness,Excellent
7004,2025-01-07,Twitter (X),Europe,Mobile,Senior,Real Estate,Product Launch,Winter,15145.06,14277.92,2328548,103543,0.0445,0.14,6.13,38016,16488,0.1592,5976906.5,5962628.58,41761.18,30941,9307,6106,0.0199,30.99,336.66,3.9,69,Running,16,10765,4176,14941,390.28,9.3,5.07,Sales Growth,Excellent
145481,2023-07-23,TikTok,South America,Desktop,Returning,Electronics,Seasonal Promotion,Spring,22738.12,17392.74,2350550,120157,0.0511,0.14,7.4,29820,13275,0.1105,7273804.49,7256411.75,41720.92,13708,2556,1095,0.0074,70.9,156.3,2.8,26,Completed,15,5687,7273,12960,450.59,25.13,2.3,Retention,Excellent
106719,2025-08-26,LinkedIn,South America,Tablet,Student,Automobile,Retention,Autumn,8901.87,7115.81,2070446,100624,0.0486,0.07,3.44,12369,5938,0.059,2972875.87,2965760.06,41678.46,7930,1026,1067,0.0048,73.36,121.51,4.2,71,Completed,64,213,5375,5588,439.38,6.49,4.14,Brand Awareness,Excellent
101337,2025-06-07,Instagram,South America,Desktop,Premium,Finance,Sales,Autumn,18846.9,14168.45,2142546,211876,0.0989,0.07,6.61,28816,11370,0.0537,5914973.63,5900805.18,41647.5,24426,2790,3890,0.0145,33.93,473.89,2.8,3,Completed,50,7876,3409,11285,480.01,28.14,3.91,Brand Awareness,Excellent
59723,2023-03-28,Twitter (X),North America,Smart TV,Returning,Finance,Retention,Festival,49249.18,40385.52,2902810,230494,0.0794,0.18,13.91,67830,31984,0.1388,16856238.0,16815852.48,41638.32,33711,8374,5647,0.0164,47.63,359.49,3.2,59,Completed,12,3843,25804,29647,472.47,25.72,3.35,Brand Awareness,Excellent
69636,2025-09-04,Facebook,South America,Mobile,New,Automobile,App Promotion,Summer,8454.83,7440.68,2683339,74629,0.0278,0.1,2.77,11792,6720,0.09,3104109.27,3096668.59,41618.09,48040,19163,8745,0.0283,61.99,281.6,4.1,44,Completed,35,3305,3033,6338,477.93,11.54,5.8,Brand Awareness,Excellent
72835,2025-07-27,LinkedIn,South America,Desktop,Premium,Automobile,Lead Generation,Summer,7079.13,6853.24,2373352,68946,0.0291,0.1,2.89,19920,7973,0.1156,2858699.02,2851845.78,41613.1,7854,1006,1514,0.0044,68.18,247.64,4.3,27,Completed,60,3331,4474,7805,322.68,17.99,8.4,Lead Generation,Excellent
9193,2023-05-12,Facebook,North America,Mobile,Senior,Food,Lead Generation,Summer,24311.26,19186.27,1735653,118785,0.0684,0.16,11.05,39722,15239,0.1283,7996633.81,7977447.54,41578.94,16174,2754,2032,0.0121,43.23,521.22,3.9,76,Completed,22,8967,5281,14248,432.25,25.76,5.9,Retention,Excellent
30833,2023-12-27,YouTube,North America,Mobile,Senior,Education,Retention,Winter,20382.9,15417.43,2148403,165067,0.0768,0.09,7.18,61242,34020,0.2061,6424009.35,6408591.92,41567.19,25049,9423,2130,0.017,45.47,167.73,3.0,16,Completed,15,11447,21664,33111,153.66,2.0,1.86,Sales Growth,Excellent
60444,2025-05-15,YouTube,Asia Pacific,Mobile,Senior,Travel,Seasonal Promotion,Festival,6143.35,5566.77,2800119,79139,0.0283,0.07,1.99,24280,12582,0.159,2318402.37,2312835.6,41547.17,16254,5763,3167,0.009,44.48,45.38,4.7,59,Running,59,8610,3638,12248,158.01,7.73,4.96,Retention,Excellent
139442,2024-06-27,YouTube,South America,Smart TV,Premium,Healthcare,Seasonal Promotion,Summer,13113.69,10605.58,1803556,125794,0.0697,0.08,5.88,27341,9057,0.072,4398496.71,4387891.13,41373.42,4089,1439,489,0.0033,66.33,298.01,4.8,85,Completed,17,7213,1450,8663,441.3,14.78,8.34,Lead Generation,Excellent
97110,2024-03-10,Google Ads,North America,Mobile,Student,Healthcare,App Promotion,Holiday,8255.86,6429.83,2557184,255048,0.0997,0.03,2.51,29549,16567,0.065,2666578.16,2660148.33,41371.99,35766,6638,3109,0.0178,22.97,239.53,3.0,39,Completed,83,13894,2142,16036,151.55,22.9,1.34,Brand Awareness,Excellent
44392,2025-09-19,Instagram,Middle East,Tablet,Student,Finance,App Promotion,Autumn,44048.89,35941.99,2600916,246201,0.0947,0.15,13.82,74686,31416,0.1276,14901337.73,14865395.74,41359.41,29112,5982,3814,0.015,21.09,137.98,3.1,91,Running,25,16983,13349,30332,471.97,2.12,4.64,Sales Growth,Excellent
102883,2023-09-23,Google Ads,Europe,Tablet,Enterprise,Education,Lead Generation,Spring,17773.08,16805.01,1965054,95773,0.0487,0.18,8.55,31604,17590,0.1837,6960006.18,6943201.17,41316.26,16402,3790,1661,0.0111,46.13,173.26,4.9,99,Completed,72,8364,7767,16131,342.73,6.13,4.56,Retention,Excellent
111857,2024-01-26,Instagram,Asia Pacific,Tablet,Premium,Electronics,Awareness,Autumn,18771.69,15472.69,2448262,192253,0.0785,0.08,6.32,66681,14521,0.0755,6405186.82,6389714.13,41296.72,33425,4199,5964,0.0178,74.82,198.58,4.6,36,Running,20,9301,4889,14190,411.06,21.96,1.07,Retention,Excellent
93633,2023-02-15,LinkedIn,Middle East,Mobile,Premium,Food,Seasonal Promotion,Autumn,5772.08,4895.37,1337323,31794,0.0238,0.15,3.66,10679,3455,0.1087,2026512.56,2021617.19,41296.51,22401,4020,3330,0.0222,57.95,393.4,5.0,30,Completed,30,83,3182,3265,484.37,18.37,9.41,Retention,Excellent
108662,2024-04-04,Facebook,Africa,Smart TV,New,Fashion,Awareness,Festival,20732.16,16930.06,2012647,86506,0.043,0.2,8.41,27645,14821,0.1713,7002931.21,6986001.15,41263.89,25969,9715,4660,0.02,56.11,359.61,3.7,15,Completed,7,3010,10412,13422,405.92,21.82,7.48,Retention,Excellent
51750,2024-12-13,Twitter (X),Europe,Tablet,Senior,Automobile,Lead Generation,Summer,21911.19,17005.34,2331423,214139,0.0918,0.08,7.29,63106,26985,0.126,7033106.2,7016100.86,41258.22,26621,5991,5247,0.0162,47.65,123.28,3.6,47,Running,72,21768,5119,26887,206.81,15.48,3.32,Retention,Excellent
93349,2025-06-15,LinkedIn,Africa,Tablet,Returning,Electronics,Awareness,Summer,29751.46,22861.2,1549258,151607,0.0979,0.15,14.76,49017,21584,0.1424,9451908.71,9429047.51,41244.76,19590,7198,3206,0.0194,62.39,99.19,3.3,35,Completed,43,6050,14681,20731,431.95,4.89,2.41,Sales Growth,Excellent
90672,2024-03-05,LinkedIn,Africa,Tablet,New,Finance,App Promotion,Spring,5936.1,5203.04,1512539,92097,0.0609,0.06,3.44,20334,10613,0.1152,2150599.11,2145396.07,41233.51,4269,681,457,0.0036,34.63,576.36,4.4,11,Completed,13,5937,3926,9863,195.45,15.17,6.35,Brand Awareness,Excellent
68914,2024-12-15,TikTok,Europe,Tablet,Premium,Food,App Promotion,Holiday,10257.67,8393.64,2674836,99905,0.0374,0.08,3.14,23568,8024,0.0803,3469342.17,3460948.53,41232.99,25086,5612,4698,0.0132,50.14,494.09,4.1,64,Completed,10,879,6929,7808,441.92,8.38,2.13,Brand Awareness,Excellent
94082,2024-05-04,Instagram,North America,Smart TV,Enterprise,Automobile,Lead Generation,Summer,37660.41,32112.15,2712311,193516,0.0713,0.17,11.84,69611,33820,0.1748,13256151.16,13224039.01,41180.8,41984,5248,3468,0.0187,55.37,480.15,2.8,29,Running,11,12546,19499,32045,398.34,10.28,9.22,Lead Generation,Excellent
141264,2025-05-09,Twitter (X),Middle East,Mobile,Returning,Finance,App Promotion,Autumn,24678.94,22860.82,1721079,109282,0.0635,0.21,13.28,42714,19480,0.1783,9433226.61,9410365.79,41163.73,3667,512,421,0.0027,21.89,49.4,3.8,88,Completed,28,15880,2995,18875,461.48,16.91,5.18,Brand Awareness,Excellent
140104,2023-04-28,YouTube,Asia Pacific,Desktop,Student,Healthcare,Product Launch,Festival,7002.46,6428.66,2272763,64400,0.0283,0.1,2.83,14780,6205,0.0964,2651436.79,2645008.13,41144.0,33807,8055,5209,0.0207,70.99,96.71,5.0,51,Completed,57,6062,53,6115,385.4,15.68,8.9,Brand Awareness,Excellent
140187,2023-04-16,TikTok,Middle East,Tablet,Premium,Travel,Seasonal Promotion,Winter,7346.23,7291.56,1054974,87879,0.0833,0.08,6.91,22913,9644,0.1097,3001932.75,2994641.19,41069.97,9192,1844,1323,0.0117,72.27,517.0,3.2,56,Completed,14,3700,5668,9368,313.31,26.93,9.99,Lead Generation,Excellent
44240,2024-06-09,Facebook,Africa,Tablet,Student,Electronics,Product Launch,Festival,14760.7,12046.3,2955842,225515,0.0763,0.05,4.08,40871,20169,0.0894,4958062.19,4946015.89,41058.38,11385,3564,1290,0.0055,25.33,449.12,3.2,54,Completed,81,14649,5493,20142,203.44,8.01,9.55,Retention,Excellent
50496,2023-11-17,TikTok,Africa,Mobile,New,Healthcare,Lead Generation,Spring,22355.15,20346.76,2993433,275627,0.0921,0.07,6.8,89834,50287,0.1824,8372123.17,8351776.41,41047.21,59508,10380,5087,0.025,46.02,410.92,5.0,51,Completed,43,35445,10396,45841,156.11,24.91,6.0,Lead Generation,Excellent
104626,2024-06-28,Google Ads,Europe,Smart TV,Returning,Real Estate,Seasonal Promotion,Autumn,12968.74,10381.41,2013249,80987,0.0402,0.13,5.16,16982,8630,0.1066,4267060.28,4256678.87,41002.9,4610,767,906,0.0031,78.72,168.56,4.9,36,Completed,79,450,7877,8327,485.3,17.21,9.75,Lead Generation,Excellent
93117,2025-07-13,Google Ads,Europe,Tablet,Student,Healthcare,Awareness,Festival,6647.44,5994.32,2554106,62085,0.0243,0.1,2.35,17959,10072,0.1622,2463467.25,2457472.93,40996.69,49496,16476,8300,0.0291,26.77,56.53,3.5,82,Completed,35,5421,4200,9621,197.11,3.15,1.83,Lead Generation,Excellent
93203,2025-06-05,TikTok,Asia Pacific,Mobile,Enterprise,Healthcare,Retention,Holiday,28952.8,26276.91,1595527,100137,0.0628,0.26,16.47,37713,21819,0.2179,10797275.49,10770998.58,40990.35,6284,1519,798,0.0054,60.15,392.16,2.6,40,Completed,49,20575,136,20711,446.32,14.16,0.87,Brand Awareness,Excellent
13578,2023-02-05,Facebook,Middle East,Smart TV,Premium,Education,Lead Generation,Autumn,10293.19,9387.96,767295,73117,0.0953,0.13,12.24,29109,12220,0.1671,3855527.67,3846139.71,40968.85,1752,390,251,0.0031,66.9,538.71,4.5,39,Completed,57,7686,4213,11899,255.67,28.98,0.04,Sales Growth,Excellent
139910,2023-03-30,TikTok,North America,Desktop,Senior,Education,Retention,Holiday,9501.63,7394.46,2364318,190514,0.0806,0.04,3.13,32921,15632,0.0821,3035371.44,3027976.98,40949.26,17223,4277,3033,0.0104,59.6,318.14,3.3,75,Completed,7,2895,12084,14979,180.68,15.67,8.59,Retention,Excellent
4411,2023-09-30,Google Ads,North America,Tablet,Senior,Real Estate,Seasonal Promotion,Spring,8423.49,7728.0,2951920,135853,0.046,0.06,2.62,25624,12071,0.0889,3169891.27,3162163.27,40918.26,42647,13880,2368,0.02,76.93,278.85,4.3,33,Completed,89,2056,9271,11327,273.8,27.0,4.88,Sales Growth,Excellent
11456,2023-09-14,Google Ads,North America,Smart TV,Student,Healthcare,App Promotion,Holiday,10176.2,7813.19,1017688,49328,0.0485,0.16,7.68,19162,8054,0.1633,3204073.3,3196260.11,40908.52,12175,2890,1506,0.0163,20.77,543.03,2.6,12,Completed,19,5394,2192,7586,384.95,21.53,3.11,Retention,Excellent
41382,2024-06-24,TikTok,Europe,Desktop,Student,Beauty,Awareness,Festival,6055.05,5550.74,1287553,70990,0.0551,0.08,4.31,19275,8049,0.1134,2275186.33,2269635.59,40888.88,9200,2156,787,0.0094,25.27,123.67,4.1,41,Completed,88,5510,2091,7601,248.66,6.27,6.33,Retention,Excellent
82847,2025-06-22,TikTok,Africa,Tablet,Senior,Finance,Product Launch,Holiday,13290.85,11105.42,984402,60562,0.0615,0.18,11.28,23262,11434,0.1888,4548964.74,4537859.32,40861.66,16635,2912,2866,0.0228,62.27,515.34,3.7,32,Running,19,2984,8039,11023,367.08,0.98,2.09,Brand Awareness,Excellent
16069,2025-02-11,Facebook,Europe,Smart TV,Student,Healthcare,App Promotion,Winter,7205.53,5770.5,2715361,36803,0.0136,0.16,2.13,12052,6408,0.1741,2360888.88,2355118.38,40813.07,29651,11741,1607,0.0158,67.83,136.33,4.0,31,Completed,74,2922,2875,5797,397.85,8.77,6.32,Brand Awareness,Excellent
142916,2024-08-26,Facebook,Africa,Mobile,Senior,Real Estate,Seasonal Promotion,Autumn,8345.57,7636.86,1593256,97999,0.0615,0.08,4.79,24479,6999,0.0714,3120158.74,3112521.88,40756.57,30740,8855,6085,0.0287,30.5,257.25,3.6,51,Completed,33,4914,1849,6763,363.53,29.68,9.75,Sales Growth,Excellent
10613,2024-05-12,TikTok,Africa,Desktop,Premium,Travel,Sales,Festival,11011.95,10617.94,962201,84840,0.0882,0.13,11.04,17035,10053,0.1185,4337323.55,4326705.61,40749.01,5287,911,534,0.007,34.75,84.07,4.5,25,Completed,12,4127,5455,9582,442.75,19.58,5.13,Brand Awareness,Excellent
60447,2025-08-30,Instagram,South America,Tablet,Premium,Electronics,Lead Generation,Spring,39589.03,35566.14,2094660,205507,0.0981,0.17,16.98,72061,36727,0.1787,14528272.49,14492706.35,40748.61,41015,12963,2696,0.0271,60.54,61.91,3.4,97,Completed,45,32008,2664,34672,365.28,1.77,2.19,Brand Awareness,Excellent
142006,2024-03-05,YouTube,Europe,Tablet,Student,Electronics,Sales,Spring,49432.58,40572.56,2446980,235977,0.0964,0.17,16.58,72414,42252,0.1791,16571974.3,16531401.74,40745.28,47898,11253,8497,0.0276,44.26,498.04,3.0,44,Completed,58,24481,13566,38047,386.96,12.82,3.53,Retention,Excellent
109228,2023-10-16,Instagram,Europe,Mobile,Premium,Healthcare,Sales,Holiday,50290.96,39217.44,2854245,245912,0.0862,0.16,13.74,87524,34700,0.1411,15999364.85,15960147.41,40696.56,10098,4025,1097,0.0053,65.02,217.16,2.6,43,Running,44,27912,4087,31999,497.86,26.79,5.42,Lead Generation,Excellent
136323,2023-03-27,Google Ads,Asia Pacific,Tablet,Enterprise,Electronics,Product Launch,Summer,25136.22,24048.32,2984972,171142,0.0573,0.14,8.06,55735,32439,0.1895,9806275.74,9782227.42,40677.38,56953,7074,4626,0.023,30.12,595.79,4.4,74,Completed,37,23231,6430,29661,255.19,8.79,4.96,Sales Growth,Excellent
91156,2024-04-20,Instagram,Africa,Smart TV,Student,Finance,App Promotion,Summer,7230.43,6971.93,2003479,104085,0.052,0.07,3.48,36778,18957,0.1821,2836167.54,2829195.61,40579.81,17268,2883,1654,0.0109,40.13,154.35,4.4,13,Completed,82,16644,850,17494,127.43,24.67,0.53,Lead Generation,Excellent
62628,2024-08-14,TikTok,Africa,Desktop,New,Finance,App Promotion,Summer,6104.63,4630.96,1077186,29466,0.0274,0.16,4.3,5467,3045,0.1033,1883652.82,1879021.86,40575.21,20763,6903,2973,0.0284,61.06,273.05,4.0,56,Completed,19,2108,901,3009,487.67,18.46,5.63,Brand Awareness,Excellent
41540,2024-06-26,LinkedIn,South America,Tablet,New,Fashion,Seasonal Promotion,Festival,6409.83,4982.43,2347473,158464,0.0675,0.03,2.12,31206,11501,0.0726,2026303.62,2021321.19,40568.98,37684,4329,5947,0.0204,66.63,457.24,3.6,100,Completed,49,2838,8047,10885,184.2,9.22,5.89,Retention,Excellent
60367,2024-03-29,Twitter (X),Europe,Desktop,Premium,Fashion,App Promotion,Winter,16484.46,13632.96,1812456,122602,0.0676,0.11,7.52,46060,21096,0.1721,5543668.6,5530035.64,40563.72,27217,5595,4933,0.0208,58.8,99.34,3.1,65,Completed,87,15271,5308,20579,247.37,17.34,5.42,Retention,Excellent
8975,2023-04-26,Google Ads,Asia Pacific,Smart TV,Student,Education,Retention,Summer,39902.99,37292.81,2905707,183310,0.0631,0.2,12.83,66748,34279,0.187,15162109.53,15124816.72,40556.92,52771,19559,5782,0.0269,32.75,79.39,2.7,92,Completed,64,15069,16224,31293,375.33,23.51,8.59,Sales Growth,Excellent
129206,2023-08-13,Google Ads,North America,Tablet,Premium,Finance,Product Launch,Spring,21484.22,20608.16,2757410,150502,0.0546,0.14,7.47,44143,24587,0.1634,8375386.91,8354778.75,40541.12,31212,7312,4030,0.0154,69.03,382.41,3.7,100,Completed,24,692,22051,22743,358.06,5.19,9.23,Lead Generation,Excellent
57172,2025-06-09,Facebook,Middle East,Tablet,Enterprise,Healthcare,App Promotion,Holiday,49526.43,39290.84,2729069,244486,0.0896,0.16,14.4,62449,27153,0.1111,15968103.18,15928812.34,40540.78,20228,2814,1522,0.009,71.75,121.06,2.8,35,Completed,8,18824,8272,27096,470.42,15.42,8.77,Sales Growth,Excellent
41301,2023-09-08,LinkedIn,Europe,Desktop,Returning,Electronics,Lead Generation,Holiday,12469.25,10547.68,2135197,67364,0.0315,0.16,4.94,25894,10729,0.1593,4281574.76,4271027.08,40492.57,11266,2838,1382,0.0073,63.9,35.94,4.8,66,Completed,46,5754,3914,9668,413.06,26.28,1.0,Brand Awareness,Excellent
84587,2024-09-22,Facebook,Africa,Desktop,Student,Electronics,Retention,Holiday,12940.63,11167.15,2918027,187472,0.0642,0.06,3.83,28730,15520,0.0828,4532031.86,4520864.71,40483.6,33429,9811,4033,0.0162,33.2,403.9,3.4,53,Completed,78,13589,1413,15002,236.44,16.98,8.05,Lead Generation,Excellent
91468,2025-12-26,Google Ads,South America,Smart TV,New,Electronics,Retention,Summer,26428.42,22720.86,2037714,192558,0.0945,0.12,11.15,60706,32239,0.1674,9206665.71,9183944.85,40420.76,22536,4170,1435,0.0138,40.86,69.99,3.4,88,Completed,14,20956,10545,31501,246.44,2.04,6.61,Lead Generation,Excellent
90209,2023-01-18,Twitter (X),Middle East,Mobile,New,Food,Retention,Holiday,9145.38,7715.31,1513527,145673,0.0962,0.05,5.1,54213,30237,0.2076,3124884.17,3117168.86,40402.38,12752,4887,1950,0.0129,46.54,413.51,4.6,6,Completed,87,21245,8004,29249,85.61,26.84,6.0,Brand Awareness,Excellent
131774,2025-10-16,LinkedIn,Middle East,Mobile,New,Healthcare,Product Launch,Festival,11284.09,9836.81,2757868,233372,0.0846,0.04,3.57,44227,21276,0.0912,3982821.93,3972985.12,40388.96,41994,11603,5620,0.0215,57.17,176.56,2.7,5,Running,54,16200,4666,20866,173.46,21.42,9.76,Retention,Excellent
130382,2024-05-02,LinkedIn,Africa,Mobile,New,Automobile,Awareness,Holiday,22862.65,20104.51,2842074,259501,0.0913,0.08,7.07,50099,15418,0.0594,8138340.17,8118235.66,40380.17,30185,4243,4495,0.0137,28.51,442.37,3.5,35,Completed,33,11709,2766,14475,493.82,13.27,7.56,Brand Awareness,Excellent
10742,2024-02-15,TikTok,Africa,Mobile,Premium,Automobile,Sales,Holiday,8456.79,6669.45,1062216,105153,0.099,0.06,6.28,27985,11260,0.1071,2698161.34,2691491.89,40355.53,6227,1481,872,0.0081,73.71,510.82,4.8,16,Completed,8,2911,7639,10550,197.53,18.94,4.33,Brand Awareness,Excellent
113906,2025-12-29,Instagram,North America,Tablet,New,Food,Lead Generation,Summer,13305.49,13042.83,2661940,109929,0.0413,0.12,4.9,29746,10221,0.093,5276535.71,5263492.88,40355.45,40694,5284,7892,0.0202,71.17,144.32,5.0,68,Completed,77,1963,7239,9202,489.07,10.38,8.27,Retention,Excellent
91506,2024-12-27,YouTube,South America,Smart TV,Returning,Food,Seasonal Promotion,Summer,18705.71,15528.94,1225443,93372,0.0762,0.17,12.67,32651,19075,0.2043,6281223.66,6265694.72,40348.5,3322,1198,644,0.0042,70.47,300.52,4.0,42,Running,50,17782,516,18298,289.47,15.73,0.94,Retention,Excellent
148925,2023-08-02,LinkedIn,North America,Mobile,Premium,Food,Lead Generation,Winter,12402.46,10487.5,1229217,118929,0.0968,0.09,8.53,32954,8121,0.0683,4238963.92,4228476.42,40319.2,21500,5181,2774,0.024,57.26,167.38,4.5,54,Completed,55,6495,1182,7677,496.13,19.16,4.51,Brand Awareness,Excellent
132011,2023-07-06,TikTok,North America,Mobile,Senior,Automobile,Product Launch,Summer,35583.9,35577.07,1801090,169801,0.0943,0.21,19.75,62343,31223,0.1839,14376021.36,14340444.29,40308.11,21849,7720,2527,0.0178,30.87,451.69,3.0,77,Completed,40,9505,19363,28868,450.17,4.47,4.69,Sales Growth,Excellent
35241,2023-12-09,Facebook,Middle East,Mobile,Premium,Beauty,Retention,Holiday,19173.84,17585.5,1279310,126941,0.0992,0.14,13.75,42401,16457,0.1296,7098869.85,7081284.35,40267.75,19205,4954,1383,0.02,24.16,243.07,3.6,16,Completed,85,13118,3292,16410,364.36,10.67,0.24,Lead Generation,Excellent
132095,2023-12-23,Facebook,Middle East,Mobile,Premium,Food,Awareness,Winter,16250.44,15604.76,2487385,192747,0.0775,0.08,6.27,22947,13633,0.0707,6297141.95,6281537.19,40253.98,10215,1907,1298,0.0054,52.72,35.59,4.2,29,Completed,81,9778,2842,12620,430.94,15.5,4.04,Sales Growth,Excellent
67954,2025-08-22,YouTube,Asia Pacific,Tablet,Student,Fashion,App Promotion,Festival,31155.46,29734.52,2601969,254505,0.0978,0.12,11.43,47725,20913,0.0822,11998306.7,11968572.18,40251.44,9493,3550,1103,0.0054,49.14,233.39,4.9,8,Completed,37,18672,1919,20591,449.48,0.34,8.51,Lead Generation,Excellent
95809,2025-07-30,Google Ads,Middle East,Desktop,Enterprise,Food,Product Launch,Autumn,56473.79,51336.64,2738030,270492,0.0988,0.19,18.75,75459,38932,0.1439,20686664.3,20635327.66,40196.1,23302,3092,2172,0.0104,45.48,583.32,4.1,99,Completed,30,14282,22682,36964,477.53,26.93,0.07,Lead Generation,Excellent
2778,2025-11-02,Google Ads,North America,Tablet,Enterprise,Electronics,Sales,Festival,12675.32,9913.55,1419398,139232,0.0981,0.07,6.98,37420,10729,0.0771,3993599.72,3983686.17,40184.25,17196,2191,2071,0.0151,36.04,490.07,2.8,11,Completed,47,7705,2068,9773,337.19,0.68,6.04,Lead Generation,Excellent
148226,2024-06-12,YouTube,South America,Desktop,Returning,Automobile,Sales,Winter,12318.8,10464.16,2613852,204060,0.0781,0.05,4.0,60262,17117,0.0839,4208047.01,4197582.85,40113.9,20746,5170,2169,0.0107,50.42,213.81,4.1,86,Completed,88,6320,9108,15428,234.41,15.36,5.78,Lead Generation,Excellent
23370,2023-12-11,YouTube,Asia Pacific,Smart TV,Returning,Travel,Awareness,Spring,18629.9,14600.8,908610,83646,0.0921,0.17,16.07,28851,12586,0.1505,5868850.17,5854249.37,40095.4,10839,3545,660,0.0166,36.24,519.13,4.4,82,Completed,39,9420,3078,12498,364.82,14.98,5.12,Lead Generation,Excellent
107668,2024-07-16,TikTok,Middle East,Mobile,Student,Food,Lead Generation,Autumn,27383.51,21624.47,2877558,142967,0.0497,0.15,7.51,50548,22732,0.159,8690155.62,8668531.15,40086.68,37588,14186,6080,0.0201,62.82,248.15,2.8,55,Completed,29,10443,10205,20648,337.38,10.51,9.95,Brand Awareness,Excellent
99333,2024-02-13,TikTok,North America,Smart TV,Premium,Automobile,Product Launch,Autumn,29146.88,22242.82,2309413,159625,0.0691,0.14,9.63,61155,25867,0.162,8934584.14,8912341.32,40068.4,8873,2295,1596,0.0055,42.28,579.21,4.3,87,Completed,86,17292,6390,23682,375.73,18.71,4.59,Brand Awareness,Excellent
27334,2023-10-27,LinkedIn,Asia Pacific,Desktop,Premium,Beauty,Lead Generation,Spring,9129.18,9003.16,2006712,111800,0.0557,0.08,4.49,17376,9191,0.0822,3612143.56,3603140.4,40020.84,35329,9134,3700,0.024,74.23,418.26,2.9,18,Completed,80,4370,4127,8497,367.56,0.15,0.15,Lead Generation,Excellent
8543,2023-11-30,YouTube,North America,Tablet,Returning,Beauty,Awareness,Winter,50477.96,42084.78,2849967,258689,0.0908,0.16,14.77,70790,37159,0.1436,16880444.62,16838359.84,40010.57,11757,1358,1063,0.005,27.82,444.6,3.3,35,Completed,29,24641,10902,35543,432.36,7.05,2.78,Brand Awareness,Excellent
123389,2024-07-01,TikTok,Middle East,Smart TV,New,Real Estate,Sales,Winter,12974.1,11965.93,2578441,218252,0.0846,0.05,4.64,27355,13794,0.0632,4796537.34,4784571.41,39984.95,43707,14134,8173,0.0256,27.95,417.25,3.9,3,Completed,63,913,11853,12766,323.28,21.58,7.9,Retention,Excellent
73457,2024-08-26,Facebook,South America,Mobile,Enterprise,Healthcare,App Promotion,Autumn,9235.91,8378.34,2826869,95492,0.0338,0.09,2.96,23718,8630,0.0904,3354192.11,3345813.77,39934.09,10786,3884,1687,0.0058,57.77,498.35,3.6,84,Completed,72,5238,2634,7872,398.33,16.6,7.65,Retention,Excellent
102411,2023-10-31,Google Ads,Middle East,Desktop,Senior,Education,App Promotion,Winter,11794.41,10638.06,2926599,162090,0.0554,0.07,3.63,38844,9047,0.0558,4257101.23,4246463.17,39917.65,47836,16273,3758,0.0232,55.35,121.93,4.4,18,Completed,76,7609,855,8464,435.88,26.32,8.14,Brand Awareness,Excellent
19164,2025-08-24,Twitter (X),Asia Pacific,Tablet,Premium,Food,Awareness,Spring,5016.18,4347.97,1104133,54390,0.0493,0.08,3.94,17445,7150,0.1315,1739328.11,1734980.14,39903.22,9193,1138,1600,0.0108,51.39,85.74,3.1,27,Completed,83,2127,4626,6753,208.87,13.73,6.18,Lead Generation,Excellent
98203,2023-12-10,Facebook,South America,Tablet,Returning,Electronics,Sales,Festival,11259.14,9938.08,2706013,172628,0.0638,0.06,3.67,32821,16721,0.0969,3975188.64,3965250.56,39899.56,23431,4596,4325,0.012,62.24,535.4,4.8,26,Completed,24,6503,8588,15091,242.33,5.05,3.37,Brand Awareness,Excellent
124803,2023-07-08,Instagram,Asia Pacific,Tablet,Premium,Healthcare,Retention,Spring,8443.87,7224.26,963607,95955,0.0996,0.08,7.5,23121,12574,0.131,2887892.88,2880668.62,39874.93,16167,5659,1872,0.0246,64.12,574.54,4.3,30,Completed,73,10220,1647,11867,197.67,19.59,0.17,Sales Growth,Excellent
145248,2024-03-23,Instagram,Europe,Tablet,New,Automobile,Sales,Winter,8582.24,8295.7,1426039,113192,0.0794,0.07,5.82,15834,7873,0.0696,3316032.4,3307736.7,39872.91,19086,3761,2752,0.018,23.4,458.76,4.4,4,Completed,42,6957,750,7707,372.37,0.33,7.55,Lead Generation,Excellent
59000,2025-10-20,Facebook,South America,Tablet,Student,Electronics,Retention,Summer,20147.08,19780.91,2479836,184835,0.0745,0.11,7.98,54483,23717,0.1283,7906989.51,7887208.6,39872.83,5031,1037,875,0.0028,75.66,469.17,4.8,46,Completed,80,8322,13790,22112,340.17,1.58,9.9,Retention,Excellent
31579,2023-01-30,Facebook,South America,Smart TV,Student,Food,Awareness,Holiday,7182.82,6430.91,1465065,130568,0.0891,0.05,4.39,22117,10052,0.077,2568991.78,2562560.87,39847.56,14796,1953,1957,0.0128,60.52,173.07,4.2,3,Completed,81,8487,1161,9648,227.68,5.34,5.51,Lead Generation,Excellent
53894,2023-12-06,YouTube,Middle East,Mobile,Returning,Real Estate,Retention,Autumn,22664.75,18279.15,2667740,223212,0.0837,0.08,6.85,31912,14693,0.0658,7291056.84,7272777.69,39787.29,33277,4064,3737,0.0154,37.73,329.09,2.9,85,Running,38,1618,11683,13301,444.29,2.27,1.41,Lead Generation,Excellent
39296,2024-06-14,TikTok,South America,Smart TV,Premium,Healthcare,Awareness,Summer,26568.97,20009.0,2758985,123457,0.0447,0.16,7.25,44439,16473,0.1334,7979276.07,7959267.07,39778.44,14886,3433,1865,0.0073,34.92,578.0,4.8,35,Completed,40,3566,12376,15942,456.53,17.46,3.75,Lead Generation,Excellent
90548,2025-12-14,TikTok,South America,Smart TV,Premium,Healthcare,App Promotion,Spring,12465.63,10807.65,1801033,63979,0.0355,0.17,6.0,25574,11186,0.1748,4305203.24,4294395.59,39734.78,24305,6117,3302,0.0187,67.3,41.08,4.5,80,Completed,82,6977,3530,10507,349.85,26.23,7.83,Sales Growth,Excellent
51243,2024-02-05,YouTube,North America,Smart TV,Student,Electronics,Seasonal Promotion,Autumn,9350.51,7932.21,2683059,218576,0.0815,0.04,2.96,35489,15147,0.0693,3159526.62,3151594.41,39731.61,43074,8287,2976,0.0203,54.11,100.27,4.2,3,Running,49,12235,1831,14066,176.62,20.66,8.22,Lead Generation,Excellent
80011,2024-06-25,Google Ads,Asia Pacific,Smart TV,Student,Beauty,Awareness,Festival,27934.98,25901.94,2541112,163595,0.0644,0.16,10.19,61411,32822,0.2006,10312030.07,10286128.13,39711.81,9172,2663,686,0.0049,34.6,425.44,4.1,68,Completed,9,22499,8470,30969,278.46,29.88,9.81,Lead Generation,Excellent
14496,2025-09-14,Instagram,North America,Mobile,Returning,Food,App Promotion,Autumn,44493.71,39239.31,2230787,212881,0.0954,0.18,17.59,76333,40034,0.1881,15616101.15,15576861.84,39697.08,22561,7750,1615,0.0143,28.83,537.38,4.0,19,Completed,38,29745,7042,36787,353.04,15.06,5.47,Brand Awareness,Excellent
128014,2024-12-03,Instagram,South America,Smart TV,Student,Education,App Promotion,Summer,15897.34,12968.27,2229053,180179,0.0808,0.07,5.82,30219,13183,0.0732,5157246.43,5144278.16,39668.19,40279,14181,3984,0.0262,26.32,318.01,2.8,85,Completed,65,7466,4408,11874,428.79,3.27,1.0,Retention,Excellent
82150,2023-06-12,YouTube,South America,Desktop,Senior,Automobile,Sales,Autumn,29300.74,22445.18,1173066,67353,0.0574,0.33,19.13,24700,14359,0.2132,8909046.6,8886601.42,39592.47,7657,1312,623,0.0082,56.13,588.99,3.3,7,Completed,71,569,13763,14332,494.68,2.58,2.08,Retention,Excellent
62173,2025-11-20,Google Ads,Asia Pacific,Desktop,Senior,Finance,Product Launch,Festival,5876.41,5296.3,2902459,71873,0.0248,0.07,1.82,25330,5583,0.0777,2101569.96,2096273.66,39579.96,20040,3143,3623,0.0092,47.89,91.28,4.3,75,Completed,53,5368,151,5519,293.15,8.51,3.35,Retention,Excellent
2466,2023-10-25,LinkedIn,South America,Desktop,Student,Fashion,App Promotion,Winter,62579.32,55483.18,2998609,296934,0.099,0.19,18.5,105822,41114,0.1385,22011892.54,21956409.36,39573.09,20403,6300,2232,0.0096,25.39,580.55,3.2,24,Completed,34,36330,4626,40956,432.03,27.25,7.58,Brand Awareness,Excellent
42693,2025-02-12,Instagram,Europe,Tablet,Premium,Beauty,Awareness,Winter,25164.41,22814.0,2386550,194418,0.0815,0.12,9.56,41034,19034,0.0979,9048815.79,9026001.79,39563.43,6156,1346,421,0.0033,56.41,344.17,4.3,70,Completed,67,1756,16977,18733,481.34,16.4,2.49,Retention,Excellent
100119,2023-03-27,Twitter (X),Middle East,Smart TV,Senior,Healthcare,Lead Generation,Holiday,29968.24,24480.83,2501421,128848,0.0515,0.19,9.79,44256,18446,0.1432,9688462.81,9663981.98,39475.71,47651,12699,2787,0.0252,78.6,201.05,2.9,83,Completed,34,5148,11629,16777,498.46,1.44,9.87,Sales Growth,Excellent
14553,2025-07-27,Instagram,Europe,Desktop,Enterprise,Electronics,Product Launch,Holiday,27849.04,22103.21,2505033,222632,0.0889,0.1,8.82,54146,24705,0.111,8743084.04,8720980.83,39455.72,35637,4010,2716,0.0169,78.18,183.67,2.9,64,Completed,90,18776,3719,22495,353.45,11.77,4.16,Retention,Excellent
80594,2023-06-22,LinkedIn,Asia Pacific,Smart TV,Returning,Beauty,Lead Generation,Winter,13868.9,12308.39,2842759,92217,0.0324,0.13,4.33,20499,11073,0.1201,4867259.02,4854950.63,39444.24,6990,1234,575,0.0031,44.52,38.26,4.8,18,Running,65,8784,1669,10453,395.73,23.7,5.28,Retention,Excellent
128247,2023-05-01,Twitter (X),Asia Pacific,Tablet,Senior,Beauty,App Promotion,Summer,16483.79,13069.84,2870049,139880,0.0487,0.09,4.55,55278,20972,0.1499,5168250.62,5155180.78,39443.34,32418,6330,4221,0.015,56.78,513.44,4.2,76,Completed,69,2899,17816,20715,245.86,16.39,2.21,Sales Growth,Excellent
129468,2024-09-16,Google Ads,South America,Mobile,Student,Electronics,Product Launch,Holiday,41100.65,34002.96,2936006,264884,0.0902,0.13,11.58,94148,32692,0.1234,13429549.22,13395546.26,39395.24,35231,4573,4564,0.0151,24.27,250.17,3.0,79,Completed,13,17206,14567,31773,345.2,10.93,1.51,Sales Growth,Excellent
80162,2023-01-24,LinkedIn,Asia Pacific,Desktop,Senior,Real Estate,Lead Generation,Spring,11177.05,8792.63,1879179,63683,0.0339,0.14,4.68,16873,6591,0.1035,3471908.08,3463115.45,39386.57,16517,3347,1821,0.0115,53.25,403.69,4.8,59,Completed,35,2203,4335,6538,454.71,20.33,7.53,Brand Awareness,Excellent
147369,2023-01-16,Twitter (X),Asia Pacific,Tablet,Student,Real Estate,Product Launch,Autumn,5000.57,3873.31,1870356,114348,0.0611,0.03,2.07,34879,17733,0.1551,1529070.49,1525197.18,39377.1,4215,1149,714,0.0032,38.69,161.93,2.7,71,Completed,30,303,16045,16348,75.57,26.78,8.08,Retention,Excellent
32257,2024-12-19,Google Ads,Europe,Desktop,Senior,Fashion,App Promotion,Autumn,9528.13,7530.96,2090775,190632,0.0912,0.04,3.6,42229,10365,0.0544,2969862.79,2962331.83,39335.38,8590,1786,686,0.0053,66.87,132.3,3.0,35,Completed,40,9505,460,9965,267.72,20.14,1.36,Sales Growth,Excellent
40763,2024-01-02,LinkedIn,Asia Pacific,Smart TV,New,Fashion,Seasonal Promotion,Holiday,13374.36,11674.46,2493438,69142,0.0277,0.17,4.68,19200,10451,0.1512,4597645.91,4585971.45,39282.09,43693,11224,4373,0.0238,54.58,236.82,3.6,71,Completed,61,78,9490,9568,380.89,27.36,4.39,Sales Growth,Excellent
539,2024-08-23,Twitter (X),Europe,Desktop,Premium,Fashion,Awareness,Summer,24274.7,18852.79,1269151,88630,0.0698,0.21,14.85,35409,16938,0.1911,7417759.14,7398906.35,39245.68,21950,8656,4308,0.0275,41.83,314.02,4.3,53,Completed,9,856,15769,16625,411.53,29.44,3.28,Sales Growth,Excellent
100220,2023-07-08,Twitter (X),Middle East,Desktop,Senior,Finance,Awareness,Holiday,16308.61,14426.99,1550970,115140,0.0742,0.13,9.3,42130,10988,0.0954,5676281.58,5661854.59,39244.88,15981,3724,970,0.0133,49.57,259.1,3.0,65,Completed,21,4674,5217,9891,452.49,24.03,7.49,Sales Growth,Excellent
105051,2023-03-09,Instagram,Middle East,Mobile,Enterprise,Automobile,Lead Generation,Holiday,27344.56,25302.97,2310321,171575,0.0743,0.15,10.95,46935,25967,0.1513,9952714.84,9927411.87,39234.18,29157,4530,5479,0.017,33.2,597.58,3.9,39,Running,8,16707,7305,24012,341.33,29.39,8.64,Sales Growth,Excellent
24072,2024-06-04,Facebook,North America,Desktop,Returning,Real Estate,Retention,Winter,11063.13,8824.03,1341956,111781,0.0833,0.08,6.58,31280,8035,0.0719,3468155.6,3459331.57,39203.53,23363,2841,2232,0.0212,50.95,374.26,4.6,71,Completed,47,1823,5718,7541,378.65,13.04,6.78,Retention,Excellent
13552,2024-06-08,Instagram,Africa,Smart TV,Senior,Beauty,Sales,Holiday,36806.75,33282.98,2022839,168710,0.0834,0.2,16.45,59839,26010,0.1542,13074170.7,13040887.72,39181.85,36625,6135,4768,0.0235,54.09,276.73,3.8,40,Completed,22,6017,19182,25199,404.46,16.68,9.63,Sales Growth,Excellent
99921,2023-03-14,Twitter (X),Africa,Tablet,Senior,Fashion,Product Launch,Festival,19062.92,18361.57,2042939,180277,0.0882,0.1,8.99,28797,15657,0.0868,7210662.77,7192301.2,39170.4,8760,3488,694,0.0063,21.3,536.57,3.6,74,Completed,22,852,13363,14215,481.77,17.2,6.05,Brand Awareness,Excellent
53711,2024-05-13,Google Ads,South America,Smart TV,Student,Real Estate,Awareness,Summer,23999.31,20085.18,2049853,161885,0.079,0.12,9.8,48966,25834,0.1596,7882389.58,7862304.4,39144.8,37761,13418,1929,0.0259,76.47,145.43,4.3,94,Completed,20,22161,2135,24296,289.44,22.35,9.75,Retention,Excellent
135242,2025-02-05,Facebook,South America,Tablet,Student,Finance,Lead Generation,Autumn,9169.87,6904.88,2395916,197170,0.0823,0.04,2.88,29982,10429,0.0529,2707102.55,2700197.67,39105.64,35976,8239,7162,0.0214,51.24,197.11,4.3,95,Completed,15,5121,5036,10157,249.53,12.76,2.94,Sales Growth,Excellent
63750,2023-11-15,TikTok,South America,Desktop,New,Electronics,Retention,Summer,22332.63,20857.03,2382910,90992,0.0382,0.23,8.75,36030,17780,0.1954,8173378.24,8152521.21,39087.64,16701,1745,1075,0.0082,60.76,433.51,4.0,46,Completed,17,4353,13388,17741,422.05,9.09,3.54,Brand Awareness,Excellent
100108,2023-12-30,TikTok,Middle East,Smart TV,Enterprise,Fashion,Sales,Autumn,10599.12,9703.26,2073095,100734,0.0486,0.1,4.68,35286,10467,0.1039,3799992.42,3790289.16,39062.02,11993,2601,1094,0.0076,61.02,386.51,4.1,29,Completed,53,4863,5427,10290,292.74,1.24,3.18,Retention,Excellent
76240,2024-01-25,Facebook,Europe,Mobile,Returning,Automobile,Retention,Summer,27945.61,26852.04,2906859,210191,0.0723,0.13,9.24,81734,36856,0.1753,10515592.34,10488740.3,39061.24,29267,4096,1978,0.0122,21.1,162.34,2.9,93,Completed,77,19579,14515,34094,271.42,26.19,9.53,Retention,Excellent
142936,2025-12-04,Google Ads,Middle East,Mobile,Premium,Electronics,Seasonal Promotion,Autumn,31020.94,24678.16,1933483,161496,0.0835,0.15,12.76,52041,30956,0.1917,9658909.96,9634231.8,39039.51,14836,3880,2055,0.0107,46.44,220.14,2.8,68,Running,36,17457,11301,28758,294.43,17.44,5.08,Retention,Excellent
79443,2024-05-15,Google Ads,Africa,Smart TV,Senior,Real Estate,Seasonal Promotion,Festival,11483.48,9628.11,1200900,73340,0.0611,0.13,8.02,14222,7532,0.1027,3767657.9,3758029.79,39031.85,7625,2802,919,0.0094,32.69,197.64,4.8,6,Completed,74,296,7110,7406,480.27,24.74,6.9,Sales Growth,Excellent
83996,2025-09-12,Google Ads,Europe,Desktop,Returning,Automobile,Awareness,Holiday,33715.61,33323.55,2271296,148755,0.0655,0.22,14.67,56383,31326,0.2106,13037397.92,13004074.37,39023.68,30275,10838,4329,0.02,38.44,90.62,4.0,96,Completed,73,28240,2838,31078,333.02,24.6,3.69,Lead Generation,Excellent
94868,2023-02-27,TikTok,Europe,Desktop,Student,Finance,Sales,Summer,13120.96,11055.03,2012345,199364,0.0991,0.06,5.49,26088,12928,0.0648,4323493.59,4312438.56,39008.84,7438,2513,729,0.0053,70.24,215.52,2.5,94,Completed,9,3130,9020,12150,336.18,18.98,5.81,Retention,Excellent
51871,2025-01-05,TikTok,North America,Tablet,Senior,Education,Lead Generation,Winter,47922.78,38117.9,2923879,225333,0.0771,0.17,13.04,72762,37103,0.1647,14898556.51,14860438.61,38985.46,49647,14378,3033,0.0229,24.64,207.01,3.1,85,Completed,10,2639,32766,35405,389.7,5.69,6.81,Brand Awareness,Excellent
3647,2023-08-12,Instagram,North America,Tablet,New,Finance,Awareness,Winter,11949.8,11790.64,2762577,58517,0.0212,0.2,4.27,17992,9198,0.1572,4602967.16,4591176.52,38939.16,51035,17345,7953,0.0276,31.05,461.67,4.5,5,Completed,72,5341,3656,8997,448.3,9.57,3.4,Retention,Excellent
32926,2025-06-02,LinkedIn,Asia Pacific,Desktop,Senior,Travel,Retention,Autumn,17985.61,13826.73,1958645,89675,0.0458,0.15,7.06,20886,11581,0.1291,5386003.52,5372176.79,38853.56,31896,9769,4795,0.0237,70.2,553.42,4.3,74,Completed,29,5583,5545,11128,404.3,1.28,1.63,Lead Generation,Excellent
43253,2024-10-30,Facebook,North America,Desktop,Senior,Real Estate,Lead Generation,Festival,50243.48,41179.73,2393862,172121,0.0719,0.24,17.2,62684,33237,0.1931,16036135.96,15994956.23,38841.82,29641,11333,3954,0.0188,58.63,30.05,2.9,73,Running,84,14193,18597,32790,406.23,6.88,7.72,Brand Awareness,Excellent
68536,2025-12-15,LinkedIn,Africa,Smart TV,Enterprise,Finance,App Promotion,Autumn,14126.36,12388.44,2632676,118116,0.0449,0.1,4.71,27828,16287,0.1379,4822743.14,4810354.7,38829.38,9784,2666,1695,0.0054,47.63,324.2,3.8,85,Completed,36,11581,3150,14731,252.44,16.47,5.77,Brand Awareness,Excellent
69184,2024-01-01,YouTube,Middle East,Desktop,Returning,Travel,Retention,Festival,19356.94,16175.45,2540935,250653,0.0986,0.06,6.37,65551,20634,0.0823,6284927.84,6268752.39,38754.73,41258,11823,2638,0.0219,75.58,288.81,4.6,3,Completed,32,18952,1130,20082,248.57,2.55,1.3,Retention,Excellent
89947,2024-04-14,Instagram,Asia Pacific,Desktop,Student,Food,Sales,Festival,8163.19,6612.39,2330622,105107,0.0451,0.06,2.84,22410,6816,0.0648,2568889.26,2562276.87,38749.63,30590,9113,3121,0.0184,59.34,120.84,2.9,72,Completed,69,6355,440,6795,338.24,6.83,5.03,Brand Awareness,Excellent
36913,2023-11-09,Google Ads,Middle East,Desktop,New,Education,Retention,Holiday,8930.25,6828.15,1719756,113765,0.0662,0.06,3.97,44008,21312,0.1873,2651928.23,2645100.08,38738.17,33845,9742,6063,0.0289,28.5,55.53,2.6,95,Completed,49,11490,8055,19545,122.83,11.67,4.41,Retention,Excellent
77636,2025-09-27,Facebook,Asia Pacific,Mobile,Returning,Food,Sales,Autumn,5793.17,4951.73,540520,36433,0.0674,0.14,9.16,11322,3499,0.096,1923148.15,1918196.42,38737.9,4699,1163,648,0.012,36.36,100.31,3.8,79,Completed,64,1097,2274,3371,445.85,10.52,3.22,Retention,Excellent
106951,2023-07-13,Google Ads,Middle East,Desktop,Returning,Finance,Awareness,Spring,5516.78,5177.17,1697174,25577,0.0151,0.2,3.05,9150,3708,0.145,2010658.48,2005481.31,38737.02,5933,2204,621,0.0052,40.16,506.81,4.8,13,Completed,43,861,2820,3681,458.34,2.12,5.09,Lead Generation,Excellent
2677,2024-09-29,YouTube,Africa,Smart TV,Premium,Healthcare,Product Launch,Winter,21109.75,20854.2,2482403,154867,0.0624,0.13,8.4,54408,18124,0.117,8097618.47,8076764.27,38729.68,46709,18350,2786,0.0273,21.26,210.16,3.9,72,Completed,27,10382,7656,18038,367.68,15.71,8.66,Retention,Excellent
127311,2024-06-23,Google Ads,Asia Pacific,Mobile,New,Beauty,Seasonal Promotion,Summer,6413.89,5005.4,1650055,67560,0.0409,0.07,3.03,22540,10299,0.1524,1942272.87,1937267.47,38703.55,18491,3043,1164,0.0138,74.83,433.14,2.6,47,Completed,88,514,9391,9905,191.63,21.97,4.23,Brand Awareness,Excellent
44514,2023-08-03,LinkedIn,South America,Smart TV,Returning,Travel,Awareness,Festival,27636.8,23639.17,2859627,191259,0.0669,0.12,8.27,59175,24127,0.1261,9171363.73,9147724.56,38697.32,46270,9980,3566,0.0209,54.44,284.46,3.5,55,Completed,39,12325,11045,23370,355.44,16.36,0.09,Lead Generation,Excellent
121888,2025-07-05,Instagram,North America,Desktop,Returning,Food,Product Launch,Spring,11314.34,8547.46,1043961,36735,0.0352,0.23,8.19,14625,7147,0.1946,3312904.88,3304357.42,38658.94,19453,6256,3888,0.0284,68.72,30.94,2.6,65,Completed,78,4851,1619,6470,429.98,17.42,2.41,Brand Awareness,Excellent
93130,2023-03-19,TikTok,South America,Desktop,Student,Finance,Awareness,Summer,8569.86,7767.83,1564172,53628,0.0343,0.14,4.97,18935,7922,0.1477,3005898.5,2998130.67,38596.76,30981,6022,4944,0.0268,79.81,138.64,4.3,66,Completed,52,3696,3757,7453,321.51,7.93,6.45,Lead Generation,Excellent
115199,2024-12-29,YouTube,Africa,Tablet,New,Education,Retention,Autumn,9666.13,9657.78,1738315,89695,0.0516,0.11,5.56,30571,13789,0.1537,3737087.56,3727429.78,38595.1,14945,5823,1207,0.0126,61.97,31.14,3.8,99,Completed,76,13472,85,13557,216.91,17.88,0.8,Sales Growth,Excellent
68091,2024-02-15,Twitter (X),Asia Pacific,Smart TV,Returning,Education,Lead Generation,Winter,14621.99,13506.89,1567305,86080,0.0549,0.16,8.62,19636,10810,0.1256,5225810.18,5212303.29,38589.96,9119,1581,837,0.0074,27.74,269.41,3.7,39,Completed,21,8647,1118,9765,453.24,19.42,8.54,Retention,Excellent
8748,2025-08-19,Twitter (X),North America,Desktop,Senior,Beauty,Sales,Festival,12103.79,10459.13,2670185,222209,0.0832,0.05,3.92,59192,32358,0.1456,4045161.69,4034702.56,38575.89,23253,8738,4199,0.0136,28.46,330.47,3.7,45,Completed,87,20659,9192,29851,116.85,13.89,2.35,Sales Growth,Excellent
119069,2024-04-05,YouTube,Europe,Smart TV,Premium,Finance,Lead Generation,Autumn,24035.89,18992.75,2153944,138291,0.0642,0.14,8.82,36626,20995,0.1518,7340253.28,7321260.53,38547.66,14604,2429,1925,0.0088,40.17,259.42,2.9,28,Completed,34,17935,2417,20352,318.28,13.17,5.29,Sales Growth,Excellent
47821,2025-06-22,YouTube,Africa,Tablet,Senior,Real Estate,Awareness,Spring,7834.14,6821.84,675989,53062,0.0785,0.13,10.09,18115,10093,0.1902,2636359.19,2629537.35,38545.87,12235,3508,2124,0.0264,38.45,360.83,3.9,80,Completed,80,4150,5395,9545,224.4,10.5,7.29,Retention,Excellent
80644,2024-11-10,Facebook,North America,Desktop,Student,Beauty,Product Launch,Winter,14741.0,13818.25,2954510,204849,0.0693,0.07,4.68,30335,12873,0.0628,5336971.57,5323153.32,38522.63,8232,2076,895,0.0038,24.14,253.15,3.6,74,Completed,26,2343,9347,11690,449.27,12.92,1.52,Lead Generation,Excellent
86570,2025-07-22,Facebook,Middle East,Mobile,Student,Beauty,Lead Generation,Autumn,10573.72,10000.62,1837719,83551,0.0455,0.12,5.44,17056,10047,0.1202,3861939.73,3851939.11,38517.0,12230,1778,2142,0.0088,79.71,515.37,3.1,83,Completed,77,3034,6649,9683,353.37,27.0,2.46,Sales Growth,Excellent
26756,2024-06-09,Twitter (X),Middle East,Smart TV,Premium,Healthcare,Sales,Holiday,27036.72,26956.58,2422839,228673,0.0944,0.12,11.13,41054,24534,0.1073,10409165.25,10382208.67,38514.56,17110,6100,1704,0.0103,57.25,240.21,3.6,91,Completed,65,17989,5375,23364,365.18,23.35,3.05,Lead Generation,Excellent
67331,2025-07-01,Google Ads,South America,Tablet,New,Food,Seasonal Promotion,Spring,43124.52,37033.14,2859266,184744,0.0646,0.2,12.95,72161,33502,0.1813,14299574.22,14262541.08,38512.91,46051,9476,2372,0.0202,56.67,108.1,2.6,70,Completed,26,6984,23367,30351,438.59,10.1,0.34,Lead Generation,Excellent
27181,2025-06-13,Instagram,Africa,Desktop,Returning,Automobile,Lead Generation,Winter,57315.03,56419.02,2353630,191414,0.0813,0.29,23.97,73195,36499,0.1907,21779101.46,21722682.44,38502.41,25105,7781,3446,0.0154,78.22,359.29,3.5,6,Completed,18,19933,14174,34107,493.01,23.06,2.97,Brand Awareness,Excellent
149822,2025-03-02,LinkedIn,Africa,Mobile,Premium,Finance,Sales,Festival,48805.45,45063.58,2264433,223694,0.0988,0.2,19.9,88185,46064,0.2059,17392307.05,17347243.47,38495.04,33240,3481,5422,0.0186,68.11,527.97,2.8,21,Completed,40,29131,14369,43500,321.16,3.91,5.07,Sales Growth,Excellent
130292,2024-08-21,Instagram,South America,Mobile,Premium,Fashion,Retention,Winter,19312.81,14567.16,2330263,99871,0.0429,0.15,6.25,34313,19101,0.1913,5621337.31,5606770.15,38489.11,17780,5943,1818,0.011,75.95,188.52,3.7,68,Completed,55,14344,4640,18984,291.71,1.11,8.2,Sales Growth,Excellent
111348,2025-03-11,Facebook,Europe,Smart TV,Returning,Beauty,Lead Generation,Summer,18277.28,15728.12,2054868,174846,0.0851,0.09,7.65,22281,11958,0.0684,6067948.08,6052219.96,38480.25,20350,3472,1225,0.0122,23.97,241.49,2.6,28,Completed,66,9194,2095,11289,470.68,13.12,1.18,Sales Growth,Excellent
64457,2024-04-13,Instagram,South America,Mobile,Student,Beauty,Awareness,Autumn,28105.55,21941.7,2888523,125355,0.0434,0.18,7.6,48971,16088,0.1283,8456150.42,8434208.72,38439.18,21302,2866,3603,0.0096,77.03,142.53,4.8,46,Completed,62,2376,12428,14804,441.76,29.38,4.95,Brand Awareness,Excellent
36426,2024-05-24,TikTok,Asia Pacific,Mobile,Premium,Healthcare,Sales,Holiday,17858.21,17318.71,2447198,174035,0.0711,0.1,7.08,66495,15523,0.0892,6672165.83,6654847.12,38425.77,33681,13436,6534,0.0219,76.33,173.78,2.7,20,Completed,30,10562,3413,13975,415.11,25.19,0.57,Brand Awareness,Excellent
107204,2024-03-24,TikTok,Africa,Mobile,New,Fashion,Sales,Spring,6344.46,4783.92,1644550,38286,0.0233,0.12,2.91,15271,7322,0.1912,1841070.26,1836286.34,38384.55,18541,6864,2453,0.0169,30.26,345.05,3.9,75,Completed,83,5322,1815,7137,245.22,5.44,9.84,Retention,Excellent
98214,2024-08-15,Twitter (X),Africa,Tablet,Senior,Beauty,Retention,Holiday,7646.41,5769.62,2420915,183999,0.076,0.03,2.38,39617,11328,0.0616,2219032.01,2213262.39,38360.63,22999,4478,2442,0.0124,52.05,212.71,2.7,67,Completed,13,9713,827,10540,165.73,14.57,9.33,Sales Growth,Excellent
102425,2024-12-13,Twitter (X),North America,Desktop,New,Beauty,Retention,Summer,6650.84,6125.82,1697230,126492,0.0745,0.05,3.61,15345,7045,0.0557,2355918.68,2349792.86,38358.83,30065,7933,1694,0.0234,67.86,100.66,3.9,65,Completed,66,640,6262,6902,320.99,17.21,2.25,Brand Awareness,Excellent
14936,2024-10-25,LinkedIn,North America,Mobile,Senior,Real Estate,Sales,Summer,19906.97,17405.43,2647108,248483,0.0939,0.07,6.58,30854,12377,0.0498,6687358.84,6669953.41,38321.11,40945,6790,7076,0.0207,61.85,388.44,3.1,70,Completed,52,8170,3573,11743,441.21,19.96,2.02,Retention,Excellent
137592,2023-11-05,Twitter (X),Europe,Mobile,Senior,Travel,App Promotion,Winter,28798.74,23659.39,2209908,191044,0.0864,0.12,10.71,55746,25122,0.1315,9085675.88,9062016.49,38301.99,38796,7209,7449,0.0242,57.39,443.57,2.8,94,Running,56,16861,6990,23851,305.29,18.15,8.2,Lead Generation,Excellent
135237,2023-06-01,LinkedIn,Middle East,Mobile,Senior,Food,Awareness,Winter,68546.71,52331.09,2960066,257308,0.0869,0.2,17.68,93292,35831,0.1393,20094920.55,20042589.46,38299.58,58131,16727,10727,0.0289,65.58,484.66,5.0,25,Completed,43,32678,2415,35093,468.8,21.04,8.07,Brand Awareness,Excellent
118009,2024-04-15,YouTube,North America,Tablet,Premium,Fashion,App Promotion,Autumn,13379.87,11581.59,1615190,156578,0.0969,0.07,7.17,32230,17738,0.1133,4447082.83,4435501.24,38297.86,14665,2571,1022,0.0113,26.81,109.02,4.4,44,Completed,56,10143,6138,16281,257.98,11.04,8.79,Sales Growth,Excellent
114841,2023-11-21,Facebook,Asia Pacific,Desktop,Returning,Finance,Lead Generation,Autumn,19639.19,15717.91,2724771,116115,0.0426,0.14,5.77,32483,13365,0.1151,6034864.63,6019146.72,38294.83,17868,4463,1380,0.0087,75.09,125.59,2.9,11,Completed,34,2610,10568,13178,419.72,5.39,9.66,Lead Generation,Excellent
45767,2025-09-15,Google Ads,Europe,Desktop,New,Electronics,Retention,Winter,18387.15,17679.12,2559368,178330,0.0697,0.1,6.91,60663,24199,0.1357,6786331.44,6768652.32,38286.14,13033,4690,2122,0.0078,46.03,323.44,4.0,62,Completed,71,9601,13395,22996,247.65,21.06,2.06,Sales Growth,Excellent
133657,2024-05-23,YouTube,North America,Smart TV,New,Beauty,App Promotion,Autumn,13485.01,10801.62,1646094,91351,0.0555,0.12,6.56,17328,9786,0.1071,4143348.63,4132547.01,38258.59,31550,7783,4395,0.0266,69.6,565.0,3.9,60,Completed,80,2660,6684,9344,406.16,4.24,3.25,Sales Growth,Excellent
37564,2025-01-29,Google Ads,South America,Tablet,New,Fashion,Awareness,Spring,11073.55,8937.29,1493338,96132,0.0644,0.09,5.98,35911,14956,0.1556,3428038.69,3419101.4,38256.58,18176,3710,1927,0.0159,34.91,124.52,2.6,75,Completed,31,12044,1586,13630,222.3,6.49,8.49,Brand Awareness,Excellent
20661,2023-10-05,Google Ads,North America,Desktop,Student,Healthcare,Sales,Winter,12770.56,12127.68,1545214,148171,0.0959,0.08,7.85,37595,9259,0.0625,4651546.09,4639418.41,38254.79,13943,4277,2678,0.0135,49.51,215.48,4.9,63,Completed,81,7084,1747,8831,461.0,7.35,5.92,Lead Generation,Excellent
75845,2024-03-23,Instagram,Africa,Tablet,Enterprise,Electronics,App Promotion,Winter,7007.88,6837.27,2361493,216954,0.0919,0.03,2.9,24234,9789,0.0451,2621231.44,2614394.17,38237.4,21166,3112,3473,0.0118,37.9,392.35,2.9,62,Completed,67,7760,1667,9427,272.25,13.95,3.73,Brand Awareness,Excellent
93244,2025-12-18,TikTok,Africa,Tablet,Returning,Electronics,Product Launch,Holiday,31214.25,24604.18,1081790,100974,0.0933,0.24,22.74,39751,19236,0.1905,9427336.46,9402732.28,38216.0,18721,2825,963,0.0208,51.14,191.51,4.4,98,Completed,65,13267,5535,18802,461.2,4.99,1.36,Retention,Excellent
36212,2023-07-10,YouTube,Africa,Tablet,Senior,Electronics,Retention,Summer,32429.99,27839.07,2542041,201461,0.0793,0.14,10.95,72322,41514,0.2061,10659931.85,10632092.78,38191.26,23239,3665,4033,0.0122,39.37,158.81,3.2,54,Completed,86,33309,5416,38725,220.5,24.0,3.37,Retention,Excellent
95321,2024-12-24,YouTube,Middle East,Mobile,Student,Healthcare,Seasonal Promotion,Summer,29933.66,23277.44,2291466,209883,0.0916,0.11,10.16,82833,41909,0.1997,8910614.43,8887336.99,38180.04,39106,13063,2310,0.0238,73.57,394.58,2.8,55,Completed,44,35036,5701,40737,197.3,20.91,4.86,Sales Growth,Excellent
33044,2024-05-13,Twitter (X),North America,Desktop,Senior,Fashion,Seasonal Promotion,Holiday,68998.32,54736.17,2011424,198467,0.0987,0.28,27.21,79355,46259,0.2331,20952042.7,20897306.53,38178.24,32722,5328,4541,0.0212,54.13,417.13,2.7,76,Completed,17,29410,14671,44081,466.49,23.99,2.62,Brand Awareness,Excellent
126955,2023-07-08,TikTok,Europe,Desktop,Enterprise,Fashion,App Promotion,Winter,9131.28,6903.78,2569613,108724,0.0423,0.06,2.69,20475,12111,0.1114,2641141.62,2634237.84,38156.46,44841,11798,2850,0.0232,26.2,438.1,4.2,16,Completed,83,916,10432,11348,183.33,9.06,8.22,Retention,Excellent
56522,2025-08-21,Facebook,South America,Tablet,Senior,Travel,Retention,Autumn,29166.65,25979.76,2738548,257884,0.0942,0.1,9.49,86336,43564,0.1689,9937231.43,9911251.67,38149.9,43496,13737,4712,0.0226,57.72,101.23,4.4,38,Running,79,3963,35726,39689,222.95,3.08,4.64,Retention,Excellent
138276,2024-12-07,LinkedIn,North America,Tablet,Senior,Travel,Retention,Summer,25020.8,20317.63,1986582,146999,0.074,0.14,10.23,35163,18239,0.1241,7765898.43,7745580.8,38122.46,10879,2182,1030,0.0071,24.94,522.8,4.1,81,Completed,20,14499,2146,16645,458.07,22.12,3.6,Brand Awareness,Excellent
147083,2024-10-20,Twitter (X),Europe,Tablet,Enterprise,Healthcare,App Promotion,Winter,12279.32,10703.73,1809246,141559,0.0782,0.08,5.92,33714,9722,0.0687,4089181.37,4078477.64,38103.33,19716,3494,2727,0.0143,39.69,257.09,4.7,44,Completed,71,1070,7962,9032,391.14,21.63,7.79,Brand Awareness,Excellent
84674,2025-12-25,Google Ads,Europe,Smart TV,Returning,Food,Retention,Festival,22494.62,16896.42,2309808,122027,0.0528,0.14,7.32,41405,20286,0.1662,6453488.6,6436592.18,38094.41,6735,2327,578,0.0042,64.55,310.43,2.6,58,Completed,32,12694,7195,19889,266.2,1.52,5.13,Brand Awareness,Excellent
146684,2024-02-10,YouTube,South America,Tablet,Enterprise,Finance,Seasonal Promotion,Festival,39008.53,36672.0,1553717,144348,0.0929,0.25,23.6,54748,32639,0.2261,14006441.76,13969769.76,38093.83,12229,3612,1334,0.0111,62.32,273.42,3.2,89,Completed,88,6205,23434,29639,383.52,25.21,1.74,Brand Awareness,Excellent
122287,2024-11-12,TikTok,Europe,Desktop,Student,Healthcare,Sales,Holiday,13404.96,12857.62,2057442,81062,0.0394,0.16,6.25,32189,12321,0.152,4910633.47,4897775.85,38092.4,35781,7912,6893,0.0246,32.03,322.97,4.3,74,Completed,16,9205,2470,11675,376.9,29.76,8.97,Lead Generation,Excellent
137858,2024-12-03,LinkedIn,South America,Smart TV,Premium,Travel,Sales,Spring,49563.69,48528.08,2313450,212527,0.0919,0.23,20.98,76871,39221,0.1845,18525430.14,18476902.06,38074.66,46208,5347,8066,0.0258,78.68,356.18,3.7,35,Completed,69,28546,7136,35682,438.5,10.81,2.05,Retention,Excellent
39589,2023-11-09,YouTube,Europe,Tablet,Senior,Healthcare,Product Launch,Festival,14073.62,12119.77,2261161,81419,0.036,0.15,5.36,29925,13584,0.1668,4624583.23,4612463.46,38057.35,39524,6884,4478,0.0225,77.6,46.3,4.5,9,Completed,83,2190,11377,13567,266.9,11.45,2.19,Retention,Excellent
68323,2024-10-03,Instagram,North America,Mobile,Senior,Finance,Sales,Summer,5818.09,5657.86,1244070,103151,0.0829,0.05,4.55,16789,9834,0.0953,2156806.32,2151148.46,38020.53,14300,5427,2795,0.0181,23.25,133.45,3.5,75,Completed,16,4604,4587,9191,213.65,8.82,6.97,Lead Generation,Excellent
95215,2024-01-25,Facebook,Europe,Mobile,Student,Real Estate,Retention,Winter,7421.08,6258.38,1962092,90766,0.0463,0.07,3.19,20943,5361,0.0591,2384932.45,2378674.07,38007.82,17909,6414,2060,0.0134,23.75,546.21,3.9,43,Completed,46,2991,1886,4877,480.93,17.24,5.96,Retention,Excellent
55564,2025-10-03,YouTube,South America,Smart TV,Student,Education,Product Launch,Winter,9654.51,9268.56,1894637,128873,0.068,0.07,4.89,30995,17047,0.1323,3530615.41,3521346.85,37992.38,24473,5967,3570,0.018,59.76,450.69,3.7,84,Completed,19,11915,4626,16541,207.6,6.27,5.47,Sales Growth,Excellent
53579,2023-10-20,Google Ads,Africa,Smart TV,Student,Education,Lead Generation,Autumn,12624.42,10821.28,2990191,85502,0.0286,0.13,3.62,31754,10671,0.1248,4119746.99,4108925.71,37970.79,16671,4289,2669,0.0079,52.82,536.8,3.2,56,Completed,12,3484,6746,10230,321.77,8.97,4.95,Retention,Excellent
24532,2024-09-05,YouTube,Middle East,Tablet,Enterprise,Travel,Awareness,Autumn,7746.65,5888.95,1646720,159179,0.0967,0.04,3.58,20767,10932,0.0687,2240715.07,2234826.12,37949.48,7988,2423,1361,0.0071,23.23,253.37,3.7,52,Completed,44,1646,8988,10634,185.38,2.9,8.54,Brand Awareness,Excellent
81161,2024-07-10,TikTok,South America,Smart TV,New,Beauty,App Promotion,Summer,13673.6,11536.37,1311483,62131,0.0474,0.19,8.8,24439,12754,0.2053,4380656.03,4369119.66,37872.57,22493,4119,1553,0.0215,37.84,326.51,3.7,54,Completed,8,5523,6476,11999,293.46,18.36,3.5,Brand Awareness,Excellent
104049,2023-03-21,TikTok,Middle East,Tablet,Returning,Real Estate,Lead Generation,Holiday,22118.44,20612.16,2707882,203552,0.0752,0.1,7.61,42207,22955,0.1128,7806357.08,7785744.92,37772.58,17133,1883,2833,0.0081,38.79,583.29,4.6,6,Completed,51,18945,2435,21380,291.69,8.6,0.7,Retention,Excellent
9416,2023-06-25,Facebook,Europe,Desktop,Returning,Beauty,Seasonal Promotion,Winter,6908.54,6204.69,2774979,204536,0.0737,0.03,2.24,26832,5406,0.0264,2349559.01,2343354.32,37767.47,19968,3487,1253,0.0089,58.59,186.34,2.8,21,Completed,84,1970,3025,4995,412.96,2.26,4.41,Lead Generation,Excellent
35529,2023-03-19,Twitter (X),Middle East,Smart TV,New,Fashion,Lead Generation,Holiday,51984.81,48703.34,2071861,182255,0.088,0.27,23.51,71438,37146,0.2038,18437292.64,18388589.3,37756.32,5782,1406,361,0.0036,37.12,349.94,4.8,30,Completed,27,1930,31698,33628,499.72,17.3,1.9,Brand Awareness,Excellent
49479,2024-02-09,LinkedIn,South America,Mobile,Premium,Travel,Retention,Summer,25305.69,24242.68,2762312,160101,0.058,0.15,8.78,46675,23866,0.1491,9161014.88,9136772.2,37688.79,53606,10398,9372,0.0266,36.42,487.02,3.0,1,Completed,44,822,22313,23135,357.2,5.58,1.32,Retention,Excellent
37010,2024-08-09,Google Ads,South America,Smart TV,Premium,Electronics,Product Launch,Festival,6821.53,5646.19,2451275,74500,0.0304,0.08,2.3,10610,4835,0.0649,2133395.37,2127749.18,37684.69,38045,5457,7538,0.0208,36.37,418.5,3.0,1,Completed,36,4184,553,4737,427.68,29.54,1.8,Brand Awareness,Excellent
11124,2023-06-10,Instagram,Africa,Desktop,Premium,Education,Seasonal Promotion,Summer,15012.6,13463.33,2468121,202636,0.0821,0.07,5.45,55140,13802,0.0681,5081539.06,5068075.73,37643.55,24313,7486,3746,0.0144,69.22,33.24,2.8,18,Completed,48,5101,8106,13207,336.29,28.32,8.69,Brand Awareness,Excellent
2558,2024-06-06,Facebook,North America,Smart TV,Student,Automobile,Awareness,Festival,7338.26,5985.9,1809329,100497,0.0555,0.06,3.31,13450,6241,0.0621,2256145.81,2250159.91,37591.0,11481,4099,1532,0.0095,68.0,62.42,3.0,6,Completed,86,881,4868,5749,306.14,3.5,6.03,Sales Growth,Excellent
2980,2025-12-25,Twitter (X),South America,Mobile,Returning,Fashion,Product Launch,Autumn,36532.58,36452.83,2135249,213054,0.0998,0.17,17.07,77382,39289,0.1844,13723157.05,13686704.22,37546.34,26943,4919,3068,0.0164,42.99,122.17,3.1,60,Completed,23,17178,19339,36517,302.71,16.52,4.06,Lead Generation,Excellent
15324,2025-07-08,Twitter (X),Europe,Mobile,Premium,Beauty,Lead Generation,Autumn,7745.74,5833.26,1217950,89404,0.0734,0.07,4.79,24711,5254,0.0588,2195910.03,2190076.77,37544.65,6787,1665,1170,0.0079,64.97,165.14,3.5,14,Completed,87,4882,103,4985,414.11,25.16,5.5,Sales Growth,Excellent
114844,2023-06-15,Google Ads,North America,Desktop,Premium,Food,Awareness,Winter,11158.47,9769.32,2358271,222283,0.0943,0.04,4.14,40891,14493,0.0652,3676767.89,3666998.57,37535.86,41439,10856,6265,0.0248,71.22,572.49,2.5,54,Running,18,1333,12726,14059,223.5,18.42,4.62,Lead Generation,Excellent
141228,2024-07-06,Instagram,Middle East,Mobile,Enterprise,Beauty,Product Launch,Holiday,11777.12,10213.45,1591494,96871,0.0609,0.11,6.42,31701,13302,0.1373,3843638.25,3833424.8,37533.1,14223,2466,2241,0.0119,50.58,137.09,3.7,25,Completed,32,5350,7813,13163,252.54,9.16,8.39,Brand Awareness,Excellent
4857,2024-09-01,Twitter (X),Asia Pacific,Mobile,New,Food,Lead Generation,Autumn,30261.95,26295.69,2117547,124341,0.0587,0.21,12.42,46069,24889,0.2002,9883528.44,9857232.75,37486.12,12965,2956,1732,0.0083,51.54,458.85,4.8,66,Completed,80,22801,394,23195,397.01,9.15,0.18,Sales Growth,Excellent
144245,2025-04-02,Instagram,Asia Pacific,Mobile,Enterprise,Electronics,Lead Generation,Winter,8893.28,8369.94,840452,46150,0.0549,0.18,9.96,12962,6889,0.1493,3144736.85,3136366.91,37471.8,5646,764,1097,0.0089,29.98,109.17,2.7,98,Completed,65,3832,2605,6437,379.14,1.72,8.73,Retention,Excellent
29610,2024-08-12,Facebook,North America,Tablet,Premium,Education,Seasonal Promotion,Holiday,11980.46,11803.51,969207,57693,0.0595,0.2,12.18,20344,9921,0.172,4429023.02,4417219.51,37422.93,3713,939,260,0.0051,40.13,366.93,3.7,1,Completed,41,6645,3018,9663,356.92,22.63,3.12,Lead Generation,Excellent
10567,2024-02-29,YouTube,Middle East,Smart TV,Student,Automobile,Retention,Festival,63554.53,55882.44,2977570,289339,0.0972,0.19,18.77,65140,35903,0.1241,20952500.1,20896617.66,37393.89,12061,4446,1937,0.0062,27.58,434.58,4.0,33,Completed,65,17527,15686,33213,487.1,21.98,8.86,Retention,Excellent
36222,2023-07-01,Google Ads,North America,Tablet,Student,Fashion,Sales,Holiday,13485.76,11915.42,974546,55454,0.0569,0.21,12.23,21933,12395,0.2235,4466756.96,4454841.54,37387.2,19203,3821,3317,0.027,57.07,104.26,4.6,9,Completed,57,6540,5352,11892,290.94,14.71,4.49,Retention,Excellent
4390,2025-06-20,Twitter (X),Africa,Mobile,Senior,Automobile,Retention,Spring,11511.05,10760.93,2479617,211761,0.0854,0.05,4.34,78356,44685,0.211,4033339.15,4022578.22,37381.33,28467,3300,4493,0.0146,64.76,296.12,3.6,17,Completed,25,13814,29856,43670,77.84,21.87,2.42,Lead Generation,Excellent
31867,2024-02-17,TikTok,Africa,Desktop,Returning,Healthcare,Lead Generation,Holiday,45431.6,43737.79,2434512,235602,0.0968,0.19,17.97,80811,35089,0.1489,16391742.63,16348004.84,37377.3,41182,13092,3772,0.0238,51.37,519.28,3.3,49,Running,76,31538,806,32344,492.73,10.69,5.31,Sales Growth,Excellent
66451,2025-11-24,Facebook,Europe,Desktop,Student,Beauty,Sales,Spring,5789.69,4685.67,1400295,114928,0.0821,0.04,3.35,32596,6645,0.0578,1755792.68,1751107.01,37371.54,7010,1033,1151,0.0066,74.01,191.17,5.0,57,Completed,69,5483,548,6031,266.19,17.46,1.6,Lead Generation,Excellent
9775,2023-06-12,TikTok,Middle East,Desktop,Premium,Finance,Seasonal Promotion,Winter,34401.57,30159.64,2747919,200904,0.0731,0.15,10.98,78037,44689,0.2224,11299436.4,11269276.76,37365.42,12779,3850,785,0.0063,61.27,480.8,4.3,18,Completed,54,20528,21257,41785,214.12,0.07,4.8,Sales Growth,Excellent
73734,2025-11-02,Instagram,Africa,Smart TV,New,Beauty,App Promotion,Holiday,10746.25,9224.1,627841,55418,0.0883,0.17,14.69,16585,9424,0.1701,3454773.67,3445549.57,37353.78,11091,2241,755,0.0224,78.05,304.32,3.8,86,Running,90,501,8588,9089,366.6,29.95,0.88,Sales Growth,Excellent
37425,2025-09-06,Facebook,South America,Smart TV,Student,Fashion,Retention,Winter,31623.98,29036.43,2761542,188639,0.0683,0.15,10.51,69479,39930,0.2117,10873708.26,10844671.83,37348.5,33202,4494,2422,0.0145,42.3,262.71,3.3,51,Completed,78,31774,7141,38915,277.83,21.16,8.4,Sales Growth,Excellent
122507,2023-01-21,Twitter (X),Asia Pacific,Tablet,Student,Finance,App Promotion,Spring,16241.51,13687.37,1904552,99535,0.0523,0.14,7.19,32984,18549,0.1864,5121115.14,5107427.77,37314.9,18283,7041,2866,0.0148,58.34,347.1,2.9,25,Completed,54,4370,12602,16972,236.71,11.27,6.78,Sales Growth,Excellent
51462,2024-10-08,LinkedIn,Africa,Desktop,New,Finance,Sales,Festival,48815.05,37965.59,2705212,266727,0.0986,0.14,14.03,74081,26710,0.1001,14201638.42,14163672.83,37306.61,42671,6058,2622,0.019,46.51,318.25,4.1,6,Completed,61,5623,20831,26454,487.09,19.86,6.04,Brand Awareness,Excellent
139599,2024-01-14,YouTube,Europe,Desktop,New,Real Estate,Seasonal Promotion,Festival,48390.07,39536.5,2711078,248030,0.0915,0.16,14.58,95843,41619,0.1678,14781345.01,14741808.51,37286.58,39539,6742,4983,0.0189,25.79,551.49,4.0,22,Completed,62,19714,17828,37542,333.72,8.11,4.6,Sales Growth,Excellent
58538,2023-06-14,Twitter (X),Europe,Tablet,Returning,Food,Retention,Holiday,20666.05,18278.89,2477544,216737,0.0875,0.08,7.38,58998,21128,0.0975,6826897.02,6808618.13,37248.53,33674,12585,2500,0.0197,66.16,552.07,3.3,87,Completed,60,3811,15348,19159,278.42,13.87,0.77,Sales Growth,Excellent
138002,2023-06-19,TikTok,Europe,Smart TV,Returning,Electronics,Sales,Holiday,9409.83,8014.92,1481613,40041,0.027,0.2,5.41,9947,5656,0.1413,2992462.65,2984447.73,37236.15,11380,4071,1760,0.0116,57.48,451.64,4.9,56,Completed,70,1607,3784,5391,499.61,7.08,9.2,Retention,Excellent
120121,2025-06-07,YouTube,Middle East,Desktop,Enterprise,Education,Seasonal Promotion,Festival,45912.19,43853.03,2808657,141406,0.0503,0.31,15.61,56045,33116,0.2342,16362079.29,16318226.26,37211.17,11683,1972,1221,0.0053,59.61,52.36,4.8,76,Completed,88,12207,18196,30403,460.2,28.26,1.85,Sales Growth,Excellent
26848,2024-01-08,YouTube,North America,Mobile,Student,Fashion,Seasonal Promotion,Autumn,5800.6,5586.21,1519538,70713,0.0465,0.08,3.68,17291,4868,0.0688,2083223.35,2077637.14,37192.25,28212,5074,3116,0.024,54.14,267.12,4.2,44,Completed,73,544,4243,4787,366.71,12.78,5.82,Brand Awareness,Excellent
4432,2024-01-27,LinkedIn,Middle East,Desktop,New,Real Estate,Sales,Summer,16223.97,15597.42,1464590,70394,0.0481,0.22,10.65,25469,9701,0.1378,5816445.18,5800847.76,37191.07,19264,3506,3493,0.0179,59.05,58.69,4.9,13,Completed,54,8147,1413,9560,494.51,7.82,6.87,Brand Awareness,Excellent
226,2023-07-01,Instagram,Asia Pacific,Smart TV,New,Education,Retention,Spring,8276.34,7529.0,1156424,54706,0.0473,0.14,6.51,14592,7063,0.1291,2806487.28,2798958.28,37175.7,19637,3668,2426,0.0223,69.37,202.14,4.0,64,Running,78,6060,863,6923,382.52,13.9,0.27,Retention,Excellent
129210,2025-04-04,TikTok,Europe,Desktop,Returning,Electronics,Sales,Festival,21564.19,19263.55,1084245,104308,0.0962,0.18,17.77,32246,18007,0.1726,7180347.55,7161084.0,37174.27,10763,3672,2071,0.0152,47.3,166.79,4.7,11,Completed,69,740,15517,16257,422.56,26.42,4.65,Lead Generation,Excellent
131685,2023-03-06,Facebook,South America,Tablet,Premium,Travel,App Promotion,Autumn,25432.73,24970.76,1760105,149601,0.085,0.17,14.19,39164,17068,0.1141,9307446.44,9282475.68,37173.38,27023,4799,4668,0.0207,33.59,505.1,2.8,13,Completed,32,8721,7466,16187,456.28,19.71,2.2,Retention,Excellent
16891,2023-05-23,Google Ads,Middle East,Desktop,Senior,Finance,Awareness,Festival,37214.47,30195.42,1664052,158603,0.0953,0.19,18.15,56021,24300,0.1532,11253830.87,11223635.45,37169.99,17299,5458,2914,0.0154,39.54,223.59,3.6,95,Completed,45,14990,7742,22732,459.74,14.2,5.99,Lead Generation,Excellent
99751,2024-03-02,YouTube,South America,Tablet,Returning,Finance,Product Launch,Autumn,14493.07,12214.91,2591867,213185,0.0823,0.06,4.71,44824,13936,0.0654,4551287.35,4539072.44,37160.1,35823,11098,4352,0.0198,57.22,439.47,2.7,38,Completed,11,7264,6497,13761,327.8,14.05,5.7,Brand Awareness,Excellent
86231,2024-06-07,YouTube,South America,Desktop,Enterprise,Travel,Product Launch,Spring,6827.65,6736.56,1784208,27493,0.0154,0.25,3.78,9259,5390,0.196,2509123.06,2502386.5,37146.36,17220,6024,1655,0.014,50.98,399.18,2.9,61,Completed,44,4590,694,5284,435.86,6.89,0.69,Retention,Excellent
32306,2025-04-11,Instagram,North America,Desktop,New,Healthcare,Product Launch,Summer,10895.71,9528.0,2503191,46116,0.0184,0.21,3.81,17900,8120,0.1761,3547616.3,3538088.3,37133.59,21713,7675,2724,0.0128,71.24,443.65,4.9,82,Completed,48,5295,2318,7613,360.52,17.38,9.38,Brand Awareness,Excellent
60572,2024-06-17,LinkedIn,Asia Pacific,Desktop,Student,Food,Retention,Holiday,8130.66,6662.56,2126800,127250,0.0598,0.05,3.13,29332,12600,0.099,2480621.36,2473958.8,37132.26,18216,6534,1403,0.0123,40.92,536.01,4.0,71,Completed,86,1410,10206,11616,170.6,22.94,5.7,Brand Awareness,Excellent
90933,2024-03-02,Instagram,Africa,Desktop,Returning,Fashion,App Promotion,Holiday,15590.48,14623.93,2334639,116540,0.0499,0.13,6.26,32178,15818,0.1357,5439862.43,5425238.5,37098.36,39830,10626,4334,0.0235,71.95,68.52,2.8,77,Completed,83,9876,5364,15240,350.02,1.55,2.39,Lead Generation,Excellent
109274,2024-10-06,Twitter (X),Middle East,Desktop,Senior,Healthcare,Seasonal Promotion,Holiday,6625.02,5268.89,1352275,51838,0.0383,0.1,3.9,13150,5907,0.114,1958679.72,1953410.83,37074.43,14697,1510,1542,0.0131,61.27,500.27,4.8,79,Completed,70,2948,2408,5356,336.83,25.69,9.2,Sales Growth,Excellent
39886,2023-06-11,YouTube,North America,Desktop,Student,Fashion,Seasonal Promotion,Festival,8195.69,7479.06,2221373,176387,0.0794,0.04,3.37,20271,5248,0.0298,2775450.84,2767971.78,37009.62,36285,7693,5663,0.0223,20.14,307.97,3.0,68,Completed,62,700,4073,4773,476.88,18.74,5.29,Brand Awareness,Excellent
11305,2024-07-13,Instagram,North America,Smart TV,Premium,Automobile,Sales,Spring,37181.89,29728.08,2347740,223274,0.0951,0.13,12.66,52568,22731,0.1018,11027933.11,10998205.03,36996.02,34505,9197,1866,0.0194,61.81,599.55,2.6,82,Completed,65,11056,11674,22730,471.67,2.11,1.27,Brand Awareness,Excellent
144257,2024-03-18,LinkedIn,Europe,Tablet,Returning,Electronics,Retention,Holiday,20777.85,16870.1,2046250,200498,0.098,0.08,8.24,70537,33444,0.1668,6257691.66,6240821.56,36993.39,32124,5738,5154,0.021,36.58,258.97,2.7,66,Completed,55,24219,9117,33336,180.4,28.3,6.05,Retention,Excellent
26297,2025-09-23,LinkedIn,Middle East,Desktop,Premium,Finance,Seasonal Promotion,Autumn,8776.32,6976.93,2341061,80894,0.0346,0.09,2.98,25097,8059,0.0996,2584772.86,2577795.93,36947.42,6999,1696,931,0.0041,78.94,53.71,4.1,66,Completed,67,5974,1695,7669,293.68,20.87,8.97,Retention,Excellent
3538,2023-04-01,TikTok,Africa,Desktop,Enterprise,Finance,Product Launch,Summer,22530.61,19564.43,2402909,210996,0.0878,0.09,8.14,29846,15831,0.075,7246461.84,7226897.41,36938.96,47762,5871,5815,0.0247,73.72,588.69,2.9,36,Completed,77,12912,2040,14952,431.1,24.3,8.39,Brand Awareness,Excellent
28857,2025-12-28,TikTok,North America,Mobile,Student,Real Estate,Seasonal Promotion,Winter,16408.42,15072.89,1988028,91466,0.046,0.16,7.58,27660,16499,0.1804,5582840.15,5567767.26,36938.95,14124,2705,1511,0.0092,73.38,111.54,4.7,10,Completed,23,6479,8679,15158,359.48,26.65,0.73,Lead Generation,Excellent
86055,2025-06-26,YouTube,Africa,Mobile,Enterprise,Finance,Awareness,Spring,70376.12,63765.74,2756004,203889,0.074,0.31,23.14,71615,41306,0.2026,23586301.26,23522535.52,36888.99,12861,4818,1317,0.0069,76.44,338.09,4.6,81,Running,63,27436,11793,39229,476.17,27.48,1.08,Sales Growth,Excellent
89094,2023-05-19,YouTube,South America,Desktop,Premium,Travel,App Promotion,Autumn,18791.46,16218.23,2777061,72596,0.0261,0.22,5.84,24333,13282,0.183,5995068.67,5978850.44,36865.0,13952,2161,1969,0.0065,54.65,388.64,3.1,5,Completed,32,9917,2897,12814,365.71,29.22,5.34,Lead Generation,Excellent
140098,2024-05-01,Google Ads,North America,Tablet,Senior,Finance,Lead Generation,Holiday,32579.81,26792.16,2581345,205505,0.0796,0.13,10.38,50852,18057,0.0879,9902622.58,9875830.42,36860.9,34063,3887,5320,0.0168,23.26,384.55,4.0,86,Running,52,1052,16479,17531,455.31,9.26,8.42,Retention,Excellent
125621,2023-06-15,Google Ads,Asia Pacific,Tablet,Student,Food,Product Launch,Summer,41452.02,39568.28,2227130,159187,0.0715,0.25,17.77,59721,34418,0.2162,14619057.98,14579489.7,36846.41,25582,9770,1286,0.0165,40.98,329.15,4.8,60,Completed,14,5823,26321,32144,400.2,5.48,2.5,Sales Growth,Excellent
3402,2024-03-08,Google Ads,Europe,Smart TV,New,Electronics,Lead Generation,Summer,31760.45,31752.41,2800095,241808,0.0864,0.13,11.34,74571,28767,0.119,11727849.87,11696097.46,36835.31,15233,2692,2973,0.0075,56.71,362.65,4.3,44,Completed,67,26273,1160,27433,404.21,17.81,5.48,Lead Generation,Excellent
116635,2024-11-14,LinkedIn,Africa,Mobile,New,Healthcare,Retention,Autumn,13384.86,11138.93,1907534,153879,0.0807,0.07,5.84,22268,10931,0.071,4108402.35,4097263.42,36783.28,15225,4259,2761,0.0117,46.58,476.02,3.3,63,Completed,16,8960,1490,10450,384.79,0.06,6.33,Brand Awareness,Excellent
129372,2024-05-28,Twitter (X),North America,Mobile,New,Automobile,Seasonal Promotion,Summer,41343.23,33781.38,2496834,160362,0.0642,0.21,13.53,61798,31711,0.1977,12438961.56,12405180.18,36721.95,30332,6786,1572,0.0155,68.8,329.66,2.5,95,Completed,86,6806,24640,31446,390.1,25.27,8.73,Sales Growth,Excellent
11855,2023-06-14,Twitter (X),Africa,Tablet,New,Healthcare,Seasonal Promotion,Autumn,8746.96,8443.75,1293905,44428,0.0343,0.19,6.53,16667,8111,0.1826,3108993.59,3100549.84,36720.06,8258,1883,1523,0.009,61.69,431.26,3.1,43,Completed,34,4328,3641,7969,351.64,13.92,3.16,Sales Growth,Excellent
140713,2023-01-15,Google Ads,Asia Pacific,Desktop,Student,Fashion,Product Launch,Spring,14822.15,12087.77,2077124,142208,0.0685,0.09,5.82,28456,14373,0.1011,4450672.11,4438584.34,36719.63,35614,12658,6540,0.0264,75.29,157.22,4.1,44,Completed,49,2859,10719,13578,266.59,18.78,6.5,Brand Awareness,Excellent
78018,2025-06-16,TikTok,North America,Smart TV,Student,Automobile,Retention,Autumn,17583.34,14999.07,2211527,200900,0.0908,0.07,6.78,64979,20235,0.1007,5521325.04,5506325.97,36711.12,19327,6499,3702,0.0134,44.3,93.74,2.8,55,Completed,87,4163,15091,19254,238.78,12.43,9.0,Sales Growth,Excellent
5635,2024-09-06,Twitter (X),South America,Mobile,Student,Automobile,Seasonal Promotion,Festival,29543.78,23370.86,2646904,115370,0.0436,0.2,8.83,40594,21488,0.1863,8593498.43,8570127.57,36670.14,41533,16069,6782,0.0243,34.0,169.15,3.5,38,Completed,72,18471,1722,20193,377.63,0.69,7.56,Retention,Excellent
20308,2024-07-29,TikTok,South America,Tablet,Premium,Beauty,Retention,Winter,46382.41,45555.15,2350718,228499,0.0972,0.2,19.38,84066,42443,0.1857,16747394.12,16701838.97,36662.9,5616,2203,317,0.0035,49.29,419.35,3.6,95,Completed,7,20501,18497,38998,396.61,12.99,0.82,Brand Awareness,Excellent
134672,2024-05-27,Google Ads,Africa,Smart TV,Senior,Electronics,Sales,Winter,5183.47,5072.44,1119020,81814,0.0731,0.06,4.53,16718,5995,0.0733,1864722.76,1859650.32,36661.85,3978,1356,751,0.0054,69.56,337.23,4.9,14,Completed,27,4579,853,5432,265.94,7.06,5.68,Brand Awareness,Excellent
40225,2025-10-14,YouTube,South America,Mobile,New,Finance,App Promotion,Festival,9509.23,8906.11,842891,74304,0.0882,0.12,10.57,16682,7896,0.1063,3273868.22,3264962.11,36659.8,9039,1543,1294,0.0141,42.55,199.45,2.7,24,Completed,23,6981,775,7756,330.75,17.16,1.24,Retention,Excellent
124856,2025-01-16,Twitter (X),Africa,Tablet,Enterprise,Healthcare,App Promotion,Autumn,38138.47,35219.47,1915282,156245,0.0816,0.23,18.39,59387,34996,0.224,12946334.69,12911115.22,36659.03,25711,8846,2395,0.0193,57.49,331.53,3.6,46,Running,15,32521,141,32662,361.9,0.43,3.53,Lead Generation,Excellent
18973,2023-07-26,Facebook,Asia Pacific,Tablet,Returning,Healthcare,Seasonal Promotion,Winter,18016.4,16736.2,2406149,137148,0.057,0.12,6.96,49073,12870,0.0938,6147600.53,6130864.33,36632.36,44232,13792,6993,0.027,31.97,56.22,2.8,59,Completed,37,6278,5860,12138,401.6,17.67,6.55,Retention,Excellent
10809,2023-03-12,Instagram,Middle East,Mobile,Enterprise,Automobile,Lead Generation,Holiday,35603.45,27217.64,2461507,238663,0.097,0.11,11.06,54678,27482,0.1151,9964013.44,9936795.8,36508.66,17558,5409,1044,0.0098,46.12,445.48,3.8,35,Completed,82,5558,19484,25042,394.57,23.45,6.77,Lead Generation,Excellent
44826,2025-10-14,TikTok,North America,Tablet,Enterprise,Automobile,Seasonal Promotion,Holiday,18951.29,15494.16,2514337,61943,0.0246,0.25,6.16,24438,10967,0.177,5668986.61,5653492.45,36487.89,36908,14001,3990,0.0218,70.26,117.58,3.2,32,Completed,51,9463,1370,10833,416.29,22.89,5.32,Lead Generation,Excellent
79887,2023-01-26,Instagram,Asia Pacific,Desktop,New,Healthcare,Seasonal Promotion,Autumn,7418.43,5686.63,2696471,137947,0.0512,0.04,2.11,51888,21297,0.1544,2077931.17,2072244.54,36440.64,52864,14975,7985,0.0281,23.66,145.95,4.3,58,Completed,25,18552,825,19377,90.28,15.47,1.17,Brand Awareness,Excellent
12150,2023-02-21,Instagram,Europe,Desktop,Returning,Fashion,Product Launch,Holiday,17526.41,16632.91,2693630,269142,0.0999,0.06,6.17,50884,27159,0.1009,6066261.94,6049629.03,36371.44,23929,9299,4300,0.0139,41.97,281.47,4.7,4,Completed,24,3961,22421,26382,184.41,10.6,9.66,Sales Growth,Excellent
138017,2024-02-06,TikTok,Middle East,Tablet,Enterprise,Healthcare,Lead Generation,Spring,13800.23,13743.53,2656290,242250,0.0912,0.06,5.17,92503,47671,0.1968,5010401.48,4996657.95,36356.44,14020,5254,2671,0.0083,48.84,131.77,3.4,57,Completed,50,14967,31865,46832,94.01,20.73,1.55,Brand Awareness,Excellent
64298,2025-12-09,Twitter (X),Middle East,Smart TV,Senior,Electronics,App Promotion,Winter,13367.88,12599.23,2853337,252275,0.0884,0.05,4.42,99696,41908,0.1661,4591051.24,4578452.01,36339.14,27758,7877,2437,0.0133,26.24,417.44,2.7,98,Completed,37,10655,28646,39301,103.67,15.57,8.58,Brand Awareness,Excellent
74046,2023-12-04,Facebook,Asia Pacific,Mobile,Returning,Travel,Sales,Summer,21467.48,20374.83,2131648,122505,0.0575,0.17,9.56,47475,23661,0.1931,7421283.12,7400908.29,36323.78,16246,3226,1983,0.0101,44.66,60.21,3.5,100,Completed,69,15723,7222,22945,287.91,7.34,6.88,Sales Growth,Excellent
126615,2023-04-22,LinkedIn,Europe,Tablet,Returning,Electronics,Awareness,Spring,16223.77,13793.66,1095873,99448,0.0907,0.14,12.59,21831,10071,0.1013,5023641.55,5009847.89,36319.93,10653,2940,937,0.0133,23.18,510.6,4.1,16,Completed,74,1413,8392,9805,471.11,1.66,0.52,Brand Awareness,Excellent
91277,2024-10-06,Google Ads,Middle East,Desktop,Senior,Beauty,Sales,Winter,66417.11,55377.01,2285536,212904,0.0932,0.26,24.23,58209,33965,0.1595,20158327.85,20102950.84,36301.98,17173,4876,2316,0.0107,58.15,114.92,3.1,96,Completed,84,13016,18486,31502,498.72,3.0,0.95,Retention,Excellent
37675,2024-07-13,Facebook,Asia Pacific,Mobile,New,Finance,Lead Generation,Autumn,5304.81,4139.07,1912071,105145,0.055,0.04,2.16,13341,3055,0.0291,1506463.94,1502324.87,36296.19,6750,1071,827,0.0045,72.24,57.9,3.9,34,Completed,64,1125,1746,2871,428.78,7.32,2.25,Brand Awareness,Excellent
113738,2025-09-07,Google Ads,North America,Tablet,Enterprise,Healthcare,Retention,Autumn,41211.3,35280.28,2233661,158764,0.0711,0.22,15.79,60270,35644,0.2245,12836388.78,12801108.5,36284.03,21684,7425,1454,0.0137,74.52,254.1,3.7,93,Completed,39,4492,29194,33686,303.42,17.69,8.84,Lead Generation,Excellent
115241,2023-11-01,Twitter (X),Africa,Desktop,Senior,Travel,Retention,Winter,34511.35,32777.24,2152479,176886,0.0822,0.19,15.23,62506,24082,0.1361,11919895.28,11887118.04,36266.38,42366,12421,3611,0.0271,73.01,47.94,4.9,1,Completed,71,6694,15584,22278,412.04,6.26,1.0,Lead Generation,Excellent
35668,2023-04-16,Twitter (X),Africa,Desktop,Student,Healthcare,Product Launch,Holiday,34286.67,33045.77,2307208,192972,0.0836,0.17,14.32,57691,29771,0.1543,12012902.67,11979856.9,36252.32,14305,1847,1197,0.0075,57.54,124.15,2.8,95,Completed,33,20913,8510,29423,395.35,18.93,6.01,Retention,Excellent
74911,2025-11-17,Instagram,North America,Desktop,Enterprise,Fashion,Lead Generation,Winter,32299.58,24959.88,1846085,180930,0.098,0.14,13.52,62434,35106,0.194,9069521.83,9044561.95,36236.4,15060,3651,2001,0.0112,38.79,571.51,4.9,41,Running,22,18941,14253,33194,230.14,1.54,1.73,Brand Awareness,Excellent
125964,2025-06-18,Twitter (X),North America,Desktop,Returning,Education,Retention,Autumn,41392.19,35843.88,2215888,180480,0.0814,0.2,16.18,56010,27929,0.1547,13023394.57,12987550.69,36233.66,25861,10185,2321,0.0173,40.76,231.11,4.7,1,Completed,53,9760,17022,26782,479.71,27.56,4.35,Retention,Excellent
140452,2025-02-14,Google Ads,South America,Mobile,New,Beauty,App Promotion,Autumn,17634.29,16094.2,2792413,81789,0.0293,0.2,5.76,22148,11902,0.1455,5847596.48,5831502.28,36233.56,33917,7473,4442,0.0164,51.18,440.87,3.4,67,Completed,49,2807,8674,11481,438.42,19.13,7.59,Retention,Excellent
46891,2024-05-15,Facebook,Africa,Desktop,Returning,Travel,Awareness,Holiday,11720.0,10216.91,969948,90306,0.0931,0.11,10.53,34522,8188,0.0907,3706001.96,3695785.05,36173.22,16377,5143,3048,0.0253,71.58,114.27,3.5,18,Running,16,6595,1057,7652,443.89,6.8,0.02,Sales Growth,Excellent
19651,2024-06-20,Instagram,Africa,Desktop,New,Travel,Retention,Winter,5944.97,5231.64,1967766,77605,0.0394,0.07,2.66,9701,4228,0.0545,1897274.56,1892042.92,36165.39,32123,8375,6416,0.0238,75.48,303.03,3.3,61,Completed,60,1332,2544,3876,395.48,15.34,3.93,Retention,Excellent
125196,2025-08-20,Twitter (X),South America,Desktop,New,Finance,Sales,Festival,23695.69,22016.2,2746561,163789,0.0596,0.13,8.02,60456,29059,0.1774,7974361.39,7952345.19,36120.43,53310,6168,8616,0.0248,32.59,331.1,3.3,44,Completed,16,26958,425,27383,259.52,24.44,6.14,Lead Generation,Excellent
69737,2023-12-28,Google Ads,South America,Desktop,Enterprise,Real Estate,Product Launch,Winter,36138.26,33316.99,2524705,232050,0.0919,0.14,13.2,86298,39775,0.1714,12065010.56,12031693.57,36112.79,44271,9952,5399,0.0236,33.34,595.47,4.4,32,Completed,8,4799,32486,37285,305.32,13.75,0.41,Lead Generation,Excellent
112695,2023-08-26,TikTok,Middle East,Tablet,New,Healthcare,Awareness,Summer,25699.31,25511.55,1411439,137131,0.0972,0.19,18.07,49258,24138,0.176,9235105.72,9209594.17,36099.7,13637,4482,838,0.0134,58.3,191.8,3.0,24,Completed,28,17575,5438,23013,357.02,10.51,1.87,Brand Awareness,Excellent
136026,2024-05-20,Twitter (X),South America,Desktop,Returning,Beauty,Retention,Spring,13074.72,11924.21,2121557,149274,0.0704,0.08,5.62,17266,8647,0.0579,4315645.57,4303721.36,36092.3,16793,2901,2824,0.0106,46.29,213.75,3.2,53,Completed,31,6466,1546,8012,450.78,13.79,6.58,Retention,Excellent
103414,2023-11-22,Twitter (X),Europe,Smart TV,New,Fashion,Retention,Summer,18547.55,16421.51,2824831,107004,0.0379,0.15,5.81,38910,20674,0.1932,5942508.12,5926086.61,36087.34,41805,10464,4351,0.02,26.96,120.73,3.4,3,Completed,42,10886,8867,19753,252.68,9.23,2.35,Lead Generation,Excellent
27900,2024-09-25,LinkedIn,Africa,Tablet,New,Travel,Awareness,Spring,10887.05,9225.52,2911364,152241,0.0523,0.06,3.17,30406,13284,0.0873,3337491.91,3328266.39,36076.73,22446,5885,3071,0.0108,36.9,569.06,4.7,17,Completed,69,7175,5865,13040,247.14,12.95,3.26,Lead Generation,Excellent
116471,2025-08-27,Twitter (X),Middle East,Desktop,New,Beauty,Lead Generation,Festival,26192.28,21133.93,2505994,125302,0.05,0.17,8.43,40934,15250,0.1217,7645109.64,7623975.71,36074.58,46519,4987,7992,0.0237,65.47,531.46,3.4,11,Completed,87,7505,7175,14680,438.26,8.27,0.5,Sales Growth,Excellent
26913,2025-08-19,TikTok,Africa,Mobile,Senior,Education,Retention,Spring,11389.98,10758.23,2305141,163512,0.0709,0.07,4.67,50320,26841,0.1642,3887655.94,3876897.71,36036.58,40934,13476,6611,0.0265,35.19,196.36,4.9,14,Completed,67,21328,4158,25486,121.52,13.72,5.55,Sales Growth,Excellent
147257,2024-06-18,Twitter (X),Africa,Desktop,Premium,Travel,Product Launch,Autumn,12312.33,10222.38,2228520,90200,0.0405,0.11,4.59,25579,10414,0.1155,3693744.71,3683522.33,36033.9,11878,2417,1253,0.007,73.8,416.12,3.3,94,Completed,67,1786,7922,9708,367.74,26.79,7.36,Lead Generation,Excellent
107010,2023-04-06,Instagram,North America,Desktop,Student,Finance,Lead Generation,Festival,10357.0,8920.3,1137539,94036,0.0827,0.09,7.84,10740,6101,0.0649,3219196.08,3210275.78,35988.43,15787,4680,1394,0.0192,63.9,252.62,4.0,9,Completed,47,814,5008,5822,459.8,2.56,4.14,Brand Awareness,Excellent
110006,2024-05-21,TikTok,Asia Pacific,Smart TV,Returning,Travel,Sales,Winter,7649.35,6920.35,2291791,71100,0.031,0.1,3.02,22171,8826,0.1241,2494128.21,2487207.86,35940.49,31392,8214,6242,0.02,53.49,175.33,4.6,15,Completed,63,3449,4619,8068,265.63,21.96,9.87,Retention,Excellent
62564,2025-01-25,YouTube,Africa,Smart TV,Enterprise,Real Estate,Lead Generation,Holiday,31434.68,25350.06,2928023,197965,0.0676,0.13,8.66,58628,20626,0.1042,9134719.52,9109369.46,35934.31,35124,4047,4343,0.0149,68.23,375.26,4.9,34,Completed,36,2542,17755,20297,385.84,25.31,1.34,Brand Awareness,Excellent
15731,2024-10-27,Google Ads,Europe,Tablet,Enterprise,Education,Sales,Spring,16535.13,13721.01,2774280,98671,0.0356,0.14,4.95,27277,8592,0.0871,4943578.11,4929857.1,35929.26,48940,6513,3354,0.0212,54.11,185.71,3.4,62,Completed,50,5018,2900,7918,482.66,5.1,5.53,Retention,Excellent
60068,2024-06-13,YouTube,South America,Desktop,Enterprise,Healthcare,Seasonal Promotion,Spring,10120.97,9644.15,2652832,227305,0.0857,0.04,3.64,35739,11390,0.0501,3473467.91,3463823.76,35916.32,22425,8636,3130,0.0129,75.72,589.09,3.3,26,Completed,10,9802,1093,10895,251.56,28.16,9.12,Lead Generation,Excellent
105448,2023-08-30,Twitter (X),North America,Tablet,Senior,Fashion,Sales,Autumn,11049.58,9966.04,2433054,131711,0.0541,0.08,4.1,36874,8543,0.0649,3581904.52,3571938.48,35841.1,15288,5718,1902,0.0094,49.36,343.16,3.9,20,Completed,16,270,8102,8372,364.22,28.21,0.71,Brand Awareness,Excellent
31712,2024-04-27,YouTube,Middle East,Smart TV,Enterprise,Electronics,Seasonal Promotion,Spring,15088.28,14863.56,1550992,47653,0.0307,0.31,9.58,18306,9120,0.1914,5341535.6,5326672.04,35837.12,17322,5727,3016,0.0168,76.6,362.88,3.2,27,Running,39,640,8170,8810,469.12,27.95,7.95,Sales Growth,Excellent
70565,2023-09-10,LinkedIn,South America,Mobile,Returning,Food,Retention,Spring,26232.88,20853.59,1298638,123562,0.0951,0.17,16.06,38256,20713,0.1676,7489029.65,7468176.06,35812.42,6469,1938,557,0.0069,24.52,598.02,3.2,68,Completed,63,15507,4145,19652,327.61,11.22,5.59,Brand Awareness,Excellent
78047,2023-10-26,Facebook,Europe,Tablet,New,Fashion,App Promotion,Festival,13488.12,13046.76,2640440,208254,0.0789,0.06,4.94,36346,11612,0.0558,4682053.66,4669006.9,35786.72,49289,4976,4331,0.0222,22.19,477.3,4.5,74,Completed,70,3624,7700,11324,335.76,19.94,8.21,Sales Growth,Excellent
82861,2023-12-25,Google Ads,North America,Desktop,Student,Real Estate,Lead Generation,Winter,11889.06,11587.04,1269108,94065,0.0741,0.12,9.13,23093,9348,0.0994,4153394.88,4141807.84,35745.18,12378,2169,1129,0.0124,29.62,67.85,2.6,90,Completed,65,573,7841,8414,433.24,18.21,3.45,Lead Generation,Excellent
27986,2024-04-21,Instagram,Middle East,Mobile,New,Healthcare,Sales,Holiday,44190.96,33744.44,1589418,146906,0.0924,0.23,21.23,48528,23583,0.1605,12093298.86,12059554.42,35737.9,28287,2866,1483,0.0205,25.9,575.17,2.5,82,Completed,22,20074,2244,22318,447.01,15.12,6.89,Brand Awareness,Excellent
56417,2024-09-11,YouTube,Africa,Smart TV,New,Food,Awareness,Summer,9136.98,7702.31,2933598,54709,0.0186,0.14,2.63,20778,11505,0.2103,2759769.38,2752067.07,35730.41,18430,5706,2206,0.009,53.46,252.7,4.7,43,Completed,8,6847,3929,10776,210.21,9.32,6.44,Lead Generation,Excellent
135057,2023-12-05,LinkedIn,North America,Desktop,New,Healthcare,Lead Generation,Spring,5434.19,4151.83,1528143,88557,0.058,0.05,2.72,9798,4213,0.0476,1484751.55,1480599.72,35661.38,29457,9759,5339,0.0292,66.37,127.14,4.0,95,Running,13,2292,1654,3946,331.86,28.13,6.1,Lead Generation,Excellent
94380,2024-02-27,Facebook,Asia Pacific,Tablet,Student,Electronics,Sales,Summer,11333.62,10058.1,1817255,130839,0.072,0.08,5.53,30179,14556,0.1113,3592138.99,3582080.89,35613.89,12062,4315,1253,0.0097,79.17,116.47,2.7,30,Completed,39,7380,6016,13396,211.32,12.11,4.33,Retention,Excellent
29307,2024-11-27,LinkedIn,North America,Mobile,Returning,Real Estate,Product Launch,Festival,14583.99,11151.81,1168347,63836,0.0546,0.17,9.54,24074,10966,0.1718,3982268.49,3971116.68,35609.62,19828,6653,1689,0.0241,33.47,205.42,3.1,27,Running,83,130,10106,10236,330.6,19.31,6.3,Brand Awareness,Excellent
100708,2025-12-08,Google Ads,North America,Desktop,New,Healthcare,Awareness,Holiday,8159.11,7922.23,2008453,92885,0.0462,0.09,3.94,24817,6990,0.0753,2828450.92,2820528.69,35602.71,18050,5924,2676,0.0133,40.1,307.43,3.1,6,Completed,21,4195,2100,6295,399.26,4.41,9.15,Lead Generation,Excellent
117790,2024-01-09,LinkedIn,Africa,Mobile,Student,Beauty,Sales,Winter,5363.6,5300.63,1064130,82665,0.0777,0.06,4.98,26402,5281,0.0639,1891794.29,1886493.66,35589.99,8135,2190,841,0.0105,79.78,390.39,2.7,5,Completed,77,1183,4060,5243,310.72,12.66,2.23,Brand Awareness,Excellent
113305,2025-04-24,Twitter (X),North America,Desktop,Student,Beauty,Sales,Spring,21929.04,20493.46,2678574,119196,0.0445,0.17,7.65,38087,13904,0.1166,7312814.53,7292321.07,35583.65,36939,8023,2588,0.0178,21.85,105.5,4.8,77,Completed,19,4696,8731,13427,490.82,0.84,5.37,Brand Awareness,Excellent
128758,2023-02-17,Google Ads,Middle East,Mobile,Returning,Healthcare,App Promotion,Summer,28951.28,23351.45,2552627,186969,0.0732,0.12,9.15,58538,29592,0.1583,8325295.88,8301944.43,35552.16,14152,4179,851,0.0075,25.37,519.7,4.4,31,Completed,22,23180,3793,26973,259.34,1.64,3.51,Retention,Excellent
70366,2023-09-20,LinkedIn,Europe,Desktop,Returning,Fashion,Seasonal Promotion,Festival,17040.36,16298.46,2591302,185950,0.0718,0.09,6.29,51522,17763,0.0955,5804060.18,5787761.72,35511.1,19634,6915,2417,0.0112,75.75,247.96,3.5,67,Completed,41,3291,12771,16062,319.3,2.69,4.43,Retention,Excellent
17420,2023-05-16,LinkedIn,North America,Smart TV,Premium,Fashion,Product Launch,Spring,24819.54,23808.78,998843,86338,0.0864,0.28,23.84,33875,19150,0.2218,8477403.09,8453594.31,35506.21,13854,3629,2494,0.02,45.68,590.35,2.9,27,Completed,28,17817,180,17997,410.93,21.82,3.88,Lead Generation,Excellent
49395,2024-03-01,Facebook,South America,Tablet,Premium,Fashion,Lead Generation,Autumn,40921.97,40454.63,2662914,229061,0.086,0.18,15.19,75613,31319,0.1367,14393043.93,14352589.3,35478.24,33242,9441,6001,0.0183,73.4,71.96,4.8,73,Completed,56,11089,19017,30106,433.99,3.01,9.56,Lead Generation,Excellent
4299,2025-01-10,Twitter (X),South America,Desktop,Enterprise,Healthcare,Awareness,Autumn,13032.35,10341.44,2815957,122730,0.0436,0.08,3.67,32820,10016,0.0816,3675737.5,3665396.06,35443.77,21658,2784,4318,0.0102,78.09,523.17,4.6,96,Completed,15,7187,2286,9473,317.96,13.82,0.0,Brand Awareness,Excellent
65118,2023-05-09,TikTok,Asia Pacific,Mobile,Senior,Travel,App Promotion,Winter,39059.38,38546.82,2623028,245094,0.0934,0.16,14.7,88626,49652,0.2026,13692603.63,13654056.81,35422.01,38307,5178,3923,0.0181,53.82,455.83,2.9,97,Running,25,5689,39882,45571,242.42,13.54,0.21,Sales Growth,Excellent
94832,2024-06-13,LinkedIn,Africa,Tablet,Senior,Education,Lead Generation,Spring,10165.56,10062.72,1688888,75391,0.0446,0.13,5.96,24879,8270,0.1097,3573191.43,3563128.71,35409.2,19611,6792,1675,0.0166,30.7,122.59,3.7,62,Completed,90,4507,3498,8005,380.11,10.34,4.47,Sales Growth,Excellent
17352,2023-06-11,YouTube,Europe,Tablet,Senior,Fashion,Lead Generation,Spring,11221.87,9919.82,2170337,116069,0.0535,0.09,4.57,20940,8743,0.0753,3519589.0,3509669.18,35380.37,37631,4311,2053,0.0203,51.92,445.77,2.6,19,Completed,25,3429,5231,8660,372.78,25.81,3.21,Sales Growth,Excellent
119786,2025-10-20,Twitter (X),Middle East,Desktop,Premium,Food,Retention,Festival,31825.19,29102.7,2971073,249185,0.0839,0.12,9.8,73087,33413,0.1341,10325509.87,10296407.17,35379.56,9678,1237,496,0.0038,57.46,290.5,4.7,1,Completed,42,26488,5924,32412,290.14,29.31,4.31,Sales Growth,Excellent
100963,2023-11-24,LinkedIn,Asia Pacific,Tablet,Premium,Education,Retention,Summer,7267.28,6340.59,2770919,130139,0.047,0.05,2.29,29282,7503,0.0577,2247610.19,2241269.6,35347.97,47126,13563,5839,0.024,41.2,66.34,3.4,13,Running,76,338,6898,7236,274.02,1.27,2.03,Sales Growth,Excellent
117692,2023-06-04,Twitter (X),Asia Pacific,Smart TV,Returning,Real Estate,Product Launch,Spring,21054.25,18685.63,1435623,116622,0.0812,0.16,13.02,19952,11767,0.1009,6613798.66,6595113.03,35295.11,25143,7361,1565,0.0237,77.09,96.98,4.8,90,Completed,74,6641,4104,10745,485.03,27.45,2.33,Brand Awareness,Excellent
48060,2025-12-21,Instagram,Asia Pacific,Tablet,New,Education,Retention,Spring,14202.59,12653.94,1900883,122285,0.0643,0.1,6.66,21900,12623,0.1032,4476703.66,4464049.72,35277.94,14430,4771,1762,0.011,32.49,282.17,2.9,62,Completed,51,10083,1400,11483,329.95,12.36,6.91,Brand Awareness,Excellent
47923,2025-11-23,Google Ads,South America,Desktop,Returning,Automobile,Awareness,Holiday,17636.99,17500.65,962760,58839,0.0611,0.3,18.18,22956,11522,0.1958,6191251.7,6173751.05,35277.27,19145,4200,2272,0.0266,25.94,558.51,3.9,92,Completed,41,10064,650,10714,487.98,16.25,8.59,Sales Growth,Excellent
9188,2023-12-08,Instagram,Europe,Desktop,Enterprise,Healthcare,Retention,Holiday,12687.84,9973.73,1840339,43749,0.0238,0.23,5.42,14339,6897,0.1576,3527755.44,3517781.71,35270.47,6412,1377,820,0.0047,43.68,123.77,3.2,80,Completed,25,1216,5445,6661,486.19,12.07,5.57,Sales Growth,Excellent
148836,2024-05-15,Facebook,Europe,Smart TV,Senior,Healthcare,Product Launch,Summer,13422.69,10113.93,2807812,149471,0.0532,0.07,3.6,31543,8699,0.0582,3577227.67,3567113.74,35269.31,53740,10329,4988,0.0246,64.05,471.18,2.9,82,Completed,82,8161,51,8212,355.46,0.28,6.56,Lead Generation,Excellent
35814,2023-06-18,Google Ads,South America,Desktop,Senior,Beauty,Product Launch,Holiday,17904.44,13975.17,1865538,126948,0.068,0.11,7.49,48471,18423,0.1451,4941799.15,4927823.98,35261.28,17537,5862,1905,0.0136,74.94,554.3,3.5,66,Completed,89,4303,13010,17313,251.02,7.66,2.21,Lead Generation,Excellent
21182,2024-04-24,Instagram,Asia Pacific,Desktop,Returning,Automobile,App Promotion,Summer,6578.8,6505.94,1739697,27344,0.0157,0.24,3.74,8235,4849,0.1773,2297921.17,2291415.23,35220.36,30300,12001,2207,0.0256,38.88,136.11,2.6,41,Completed,32,2132,2465,4597,399.17,26.47,2.32,Brand Awareness,Excellent
35861,2025-04-03,LinkedIn,Asia Pacific,Smart TV,New,Healthcare,Product Launch,Holiday,52676.66,46386.47,2487211,244732,0.0984,0.19,18.65,88260,40146,0.164,16376812.47,16330426.0,35205.15,10030,2012,1130,0.0053,52.25,35.63,5.0,4,Completed,57,15614,24054,39668,369.95,10.91,2.45,Sales Growth,Excellent
62693,2024-01-02,LinkedIn,Asia Pacific,Tablet,Returning,Food,Sales,Winter,24736.78,18922.37,1222302,89181,0.073,0.21,15.48,31091,12696,0.1424,6675190.09,6656267.72,35176.71,5284,1287,713,0.006,29.35,259.42,2.8,73,Completed,50,2796,9748,12544,441.35,12.96,4.95,Sales Growth,Excellent
44600,2023-10-23,YouTube,Middle East,Mobile,Student,Electronics,Awareness,Festival,12785.32,11855.58,1310053,109564,0.0836,0.11,9.05,25293,13170,0.1202,4172758.26,4160902.68,35096.58,22624,2317,4021,0.0221,31.27,226.4,2.7,92,Completed,16,3536,8427,11963,282.34,11.51,8.77,Brand Awareness,Excellent
66082,2024-07-26,TikTok,Middle East,Smart TV,Returning,Education,Sales,Autumn,30269.17,24904.56,2474226,236080,0.0954,0.11,10.07,65485,17383,0.0736,8765114.77,8740210.21,35094.82,47744,9772,7097,0.0261,27.87,133.79,3.5,57,Completed,22,10393,6454,16847,409.61,8.68,8.44,Lead Generation,Excellent
21785,2023-05-31,TikTok,Asia Pacific,Smart TV,Senior,Electronics,Retention,Winter,6851.27,6163.55,2419402,171218,0.0708,0.04,2.55,40725,19533,0.1141,2168023.09,2161859.54,35074.91,28135,6395,2327,0.0152,59.03,322.36,4.5,90,Completed,39,9958,7909,17867,116.82,8.17,4.61,Lead Generation,Excellent
124807,2023-11-08,Twitter (X),Middle East,Desktop,Enterprise,Beauty,Retention,Holiday,6365.44,5094.64,1600919,91523,0.0572,0.06,3.18,21322,7615,0.0832,1790526.21,1785431.57,35045.29,18456,6160,3476,0.0175,21.29,391.56,3.8,56,Running,52,6748,864,7612,194.23,18.52,5.41,Retention,Excellent
23584,2025-06-29,Facebook,South America,Tablet,New,Real Estate,Retention,Festival,10506.01,8596.07,1939685,101426,0.0523,0.08,4.43,20086,10319,0.1017,3019564.71,3010968.64,35027.27,4555,977,768,0.0032,26.11,262.21,4.5,73,Completed,89,3201,6212,9413,293.15,16.91,6.29,Retention,Excellent
42780,2024-02-05,Twitter (X),Middle East,Mobile,Returning,Finance,Awareness,Autumn,16761.45,16348.47,2868439,113422,0.0395,0.14,5.7,31147,14879,0.1312,5735924.24,5719575.77,34985.39,6778,1338,645,0.0031,56.1,376.68,3.4,75,Completed,75,10592,4283,14875,301.37,6.66,4.68,Sales Growth,Excellent
135998,2023-12-17,Google Ads,Asia Pacific,Mobile,Student,Electronics,Product Launch,Festival,8247.43,6599.58,2565178,51068,0.0199,0.13,2.57,19169,9394,0.184,2315083.11,2308483.53,34979.25,12329,4596,2229,0.0075,78.69,129.03,2.8,77,Completed,88,794,7706,8500,218.68,29.01,2.14,Lead Generation,Excellent
86095,2024-04-26,Instagram,Middle East,Desktop,New,Healthcare,Retention,Holiday,21887.17,21553.86,2308090,228557,0.099,0.09,9.34,90929,24478,0.1071,7559855.55,7538301.69,34974.25,15579,1724,2867,0.0087,48.73,330.91,3.3,85,Completed,29,11351,12688,24039,283.66,12.07,6.78,Retention,Excellent
134634,2024-03-11,Instagram,Africa,Tablet,Premium,Electronics,Seasonal Promotion,Winter,95275.29,78073.59,2858838,247507,0.0866,0.32,27.31,78043,44531,0.1799,27336359.38,27258285.79,34913.58,31270,6299,5316,0.015,31.94,109.11,2.7,93,Completed,26,32432,12050,44482,480.93,10.63,5.81,Lead Generation,Excellent
145052,2025-04-15,TikTok,Asia Pacific,Mobile,New,Education,App Promotion,Festival,21848.32,18560.19,2562509,168600,0.0658,0.11,7.24,65750,18053,0.1071,6498538.95,6479978.76,34913.32,31083,6884,4101,0.0164,28.37,268.38,4.0,48,Completed,79,6943,10344,17287,314.83,1.01,7.0,Lead Generation,Excellent
47271,2023-01-02,Facebook,Europe,Desktop,New,Travel,Product Launch,Autumn,14862.8,12886.58,1586233,92683,0.0584,0.14,8.12,31089,10515,0.1135,4509994.41,4497107.83,34897.61,9978,2287,1211,0.0085,58.51,387.36,3.6,89,Completed,39,7538,2180,9718,366.82,1.89,9.99,Retention,Excellent
86180,2024-11-17,Twitter (X),North America,Desktop,Premium,Fashion,Seasonal Promotion,Autumn,47660.98,40311.42,2692180,229612,0.0853,0.18,14.97,61238,32615,0.142,14097723.88,14057412.46,34872.03,52606,15675,4069,0.0269,54.66,356.46,2.9,49,Completed,42,21946,9907,31853,400.25,25.55,7.63,Sales Growth,Excellent
83139,2023-03-26,Facebook,Asia Pacific,Desktop,New,Education,Sales,Winter,36665.82,27734.94,2298867,126476,0.055,0.22,12.06,39452,20123,0.1591,9693256.79,9665521.85,34849.62,24478,2787,4320,0.0137,52.97,178.94,4.8,46,Completed,75,17870,1445,19315,452.01,25.07,3.24,Sales Growth,Excellent
95341,2024-06-01,Google Ads,North America,Desktop,Returning,Real Estate,Awareness,Autumn,13023.03,10279.96,2610361,101394,0.0388,0.1,3.94,21465,11975,0.1181,3592623.25,3582343.29,34847.83,26906,10633,5208,0.0164,29.27,158.93,4.5,66,Completed,82,4777,6069,10846,254.82,25.83,6.37,Sales Growth,Excellent
108058,2023-06-20,Instagram,Middle East,Tablet,Enterprise,Fashion,Product Launch,Autumn,6278.04,4726.79,2284779,63983,0.028,0.07,2.07,12864,4871,0.0761,1650975.52,1646248.73,34828.05,35661,4724,6579,0.0206,30.27,104.9,3.6,42,Completed,12,383,4177,4560,312.6,22.95,6.5,Sales Growth,Excellent
148137,2024-10-10,TikTok,Europe,Desktop,Returning,Food,Seasonal Promotion,Summer,35012.02,28680.45,1285929,113005,0.0879,0.25,22.3,35897,21000,0.1858,10017114.22,9988433.77,34826.63,23287,6049,1623,0.0241,37.52,535.13,3.9,30,Completed,79,8844,11403,20247,461.31,26.09,1.94,Lead Generation,Excellent
102956,2025-05-21,Twitter (X),Middle East,Tablet,New,Real Estate,App Promotion,Festival,22096.56,21108.06,2769092,174257,0.0629,0.12,7.62,53368,17581,0.1009,7371196.11,7350088.05,34821.24,15714,3198,2481,0.0077,54.85,321.02,4.8,37,Completed,83,13917,3197,17114,415.72,1.57,4.87,Retention,Excellent
51708,2025-12-02,Instagram,Africa,Mobile,New,Fashion,App Promotion,Winter,5673.69,4600.18,1569031,25490,0.0162,0.18,2.93,8852,4985,0.1956,1605021.74,1600421.56,34790.41,25904,8633,4303,0.0248,79.65,194.78,4.5,51,Completed,22,166,4777,4943,317.51,4.55,5.38,Brand Awareness,Excellent
122776,2023-03-01,LinkedIn,North America,Mobile,Senior,Beauty,Sales,Autumn,30590.15,27224.37,2173481,183874,0.0846,0.15,12.53,29870,16579,0.0902,9497337.86,9470113.49,34785.43,5265,1113,492,0.0032,31.72,97.63,3.8,53,Completed,41,4101,11712,15813,493.62,3.38,8.74,Sales Growth,Excellent
108810,2024-08-18,TikTok,North America,Tablet,Senior,Finance,Product Launch,Spring,16898.52,14630.42,1260173,116188,0.0922,0.13,11.61,32208,16825,0.1448,5103332.1,5088701.68,34781.65,5581,1624,847,0.0064,34.31,582.75,4.2,16,Completed,57,7922,7361,15283,280.73,19.12,8.73,Retention,Excellent
4102,2025-04-06,Twitter (X),South America,Mobile,New,Finance,Awareness,Spring,16298.81,13809.94,2007750,141605,0.0705,0.1,6.88,55926,14215,0.1004,4815761.69,4801951.75,34771.71,20780,7136,3646,0.0157,22.79,479.79,3.4,10,Completed,54,941,12971,13912,276.18,17.87,2.18,Brand Awareness,Excellent
71633,2024-11-14,Google Ads,Asia Pacific,Tablet,Senior,Travel,Product Launch,Summer,19862.72,14918.63,2664630,83460,0.0313,0.18,5.6,29021,10994,0.1317,5200143.86,5185225.23,34756.71,46566,15922,3481,0.0248,72.77,323.46,4.7,71,Running,9,4552,6172,10724,430.54,28.92,8.12,Sales Growth,Excellent
34088,2024-01-27,Facebook,Europe,Tablet,Senior,Healthcare,Product Launch,Festival,25560.4,21764.1,2445400,107619,0.044,0.2,8.9,30752,16619,0.1544,7574380.61,7552616.51,34702.18,39766,5249,2624,0.0195,67.96,176.18,4.5,69,Completed,78,6380,8918,15298,402.71,6.18,4.27,Lead Generation,Excellent
106657,2025-01-22,Facebook,Middle East,Mobile,New,Travel,Awareness,Summer,14544.79,11596.85,2304812,216993,0.0941,0.05,5.03,55986,32677,0.1506,4034923.27,4023326.42,34693.27,21608,6447,4117,0.014,45.43,596.59,3.6,19,Completed,41,19256,12852,32108,99.3,12.53,5.06,Lead Generation,Excellent
118869,2023-08-24,Instagram,Asia Pacific,Desktop,Enterprise,Finance,Seasonal Promotion,Spring,7491.23,7261.82,2266185,114411,0.0505,0.06,3.2,12098,6562,0.0574,2524146.03,2516884.21,34659.14,20545,6684,1226,0.0126,74.29,200.7,2.7,79,Running,64,1530,4636,6166,382.63,16.8,6.48,Sales Growth,Excellent
40401,2025-11-04,Facebook,Asia Pacific,Desktop,Premium,Real Estate,App Promotion,Spring,21731.47,21119.44,1814828,174935,0.0964,0.12,11.64,30901,16147,0.0923,7339150.65,7318031.21,34650.69,19689,4401,2687,0.0148,63.1,450.71,3.3,16,Completed,26,6578,8359,14937,399.37,16.21,2.21,Lead Generation,Excellent
73973,2023-01-21,Facebook,Europe,Desktop,Returning,Travel,Awareness,Holiday,16408.18,12770.52,1639206,159462,0.0973,0.08,7.79,59267,32830,0.2059,4437812.07,4425041.55,34650.44,12315,1590,2416,0.01,46.61,350.17,4.7,22,Completed,85,14832,14957,29789,123.51,22.8,9.19,Sales Growth,Excellent
63859,2023-11-19,YouTube,North America,Mobile,Returning,Electronics,App Promotion,Autumn,14032.83,12787.02,1893617,109946,0.0581,0.12,6.75,32514,14277,0.1299,4440694.53,4427907.51,34628.14,24782,7121,1847,0.0178,57.66,389.2,3.0,26,Completed,10,3342,9606,12948,292.99,9.46,8.12,Retention,Excellent
45192,2024-11-25,Twitter (X),Asia Pacific,Tablet,Senior,Travel,Retention,Festival,5586.42,4822.8,2205319,27386,0.0124,0.18,2.19,7012,3410,0.1245,1674589.62,1669766.82,34622.35,8878,1670,551,0.005,49.45,83.06,3.5,66,Completed,65,1226,2035,3261,402.59,29.63,2.55,Retention,Excellent
35985,2025-01-06,LinkedIn,Europe,Tablet,Enterprise,Food,Awareness,Holiday,10161.39,8884.76,1813840,78079,0.043,0.11,4.9,20124,9562,0.1225,3082277.16,3073392.4,34591.73,10706,1207,1086,0.0072,40.2,181.06,4.3,15,Completed,64,2221,6539,8760,303.07,2.62,8.89,Retention,Excellent
125671,2023-02-02,Instagram,South America,Mobile,Senior,Fashion,App Promotion,Autumn,16432.12,13846.96,1141614,109590,0.096,0.13,12.13,30255,17523,0.1599,4803709.35,4789862.39,34591.44,17918,4567,2383,0.0218,72.07,334.58,3.5,80,Completed,75,2999,13372,16371,274.32,8.26,5.11,Lead Generation,Excellent
57482,2025-01-10,YouTube,Europe,Tablet,Student,Electronics,Product Launch,Winter,10797.13,9980.78,1796783,92960,0.0517,0.11,5.55,33234,10015,0.1077,3459941.75,3449960.97,34566.05,29469,7040,1957,0.0214,63.0,260.58,2.6,41,Completed,78,2270,6919,9189,308.46,22.27,0.81,Brand Awareness,Excellent
102164,2024-11-06,Instagram,Africa,Desktop,Premium,Travel,App Promotion,Autumn,56934.44,45367.69,2995966,257203,0.0858,0.18,15.14,55457,31597,0.1228,15726759.42,15681391.73,34565.11,20597,2132,1319,0.008,48.76,332.45,4.2,84,Running,31,21296,10185,31481,432.53,17.69,6.63,Brand Awareness,Excellent
136839,2024-11-27,Facebook,South America,Tablet,Senior,Healthcare,Sales,Spring,11168.45,9724.02,965689,57346,0.0594,0.17,10.07,12428,6776,0.1182,3365964.79,3356240.77,34514.95,2956,1064,253,0.0044,25.89,59.03,3.3,93,Completed,7,3181,3304,6485,426.98,2.21,1.68,Lead Generation,Excellent
81022,2023-04-26,Google Ads,Africa,Desktop,Premium,Travel,Seasonal Promotion,Festival,42010.44,33038.14,2613539,258822,0.099,0.13,12.64,88662,31998,0.1236,11432915.35,11399877.21,34505.2,12110,1585,979,0.0056,63.34,153.61,3.4,77,Completed,51,22093,9241,31334,314.77,19.1,4.74,Sales Growth,Excellent
111663,2025-07-23,Twitter (X),South America,Mobile,Returning,Healthcare,Retention,Summer,7096.39,6693.75,862448,71668,0.0831,0.09,7.76,19154,6167,0.086,2316356.36,2309662.61,34504.76,2009,523,331,0.0033,42.12,306.36,3.2,2,Completed,30,3485,2451,5936,363.52,1.52,9.54,Sales Growth,Excellent
38562,2024-04-27,TikTok,Africa,Smart TV,Premium,Finance,App Promotion,Summer,30280.24,28416.29,1335016,90670,0.0679,0.31,21.29,28488,16177,0.1784,9831012.05,9802595.76,34496.4,3431,971,321,0.0035,79.65,486.29,3.7,40,Completed,18,14417,1054,15471,496.12,5.96,8.69,Sales Growth,Excellent
141574,2023-01-16,TikTok,Africa,Mobile,Senior,Education,Seasonal Promotion,Spring,7109.63,5661.32,2408915,153188,0.0636,0.04,2.35,19259,5102,0.0333,1958300.66,1952639.34,34490.88,38290,14215,4096,0.0235,35.81,453.35,4.2,59,Completed,30,1856,2869,4725,378.91,12.13,4.03,Sales Growth,Excellent
14632,2024-08-18,Instagram,North America,Smart TV,Returning,Electronics,App Promotion,Festival,18717.91,14265.77,1945596,90300,0.0464,0.16,7.33,28046,9277,0.1027,4925584.72,4911318.95,34427.3,28874,8718,2329,0.0205,31.43,284.82,4.8,69,Completed,8,3931,5222,9153,454.65,25.97,2.05,Retention,Excellent
142107,2025-09-15,Google Ads,Asia Pacific,Mobile,Enterprise,Fashion,Lead Generation,Summer,29261.06,23660.1,1288885,106731,0.0828,0.22,18.36,35050,15132,0.1418,8164900.78,8141240.68,34409.16,9205,2040,1456,0.0099,49.76,513.66,3.1,7,Completed,8,1089,13546,14635,457.72,9.17,8.47,Sales Growth,Excellent
20838,2023-07-11,Instagram,Middle East,Mobile,Returning,Real Estate,Awareness,Winter,6787.17,5115.85,2879932,135943,0.0472,0.04,1.78,47384,15218,0.1119,1765184.76,1760068.91,34404.23,17173,3294,1101,0.0075,28.18,297.68,4.3,70,Completed,27,9851,5051,14902,113.79,1.76,0.71,Retention,Excellent
92423,2024-05-02,Instagram,North America,Smart TV,Returning,Real Estate,App Promotion,Holiday,29662.02,23713.48,1644594,156947,0.0954,0.15,14.42,34543,14881,0.0948,8181733.36,8158019.88,34402.46,29502,11154,4525,0.0275,23.76,74.38,3.1,5,Completed,24,940,13287,14227,482.6,10.94,6.05,Sales Growth,Excellent
115697,2024-01-08,Instagram,North America,Tablet,Student,Beauty,Awareness,Autumn,14350.51,14035.57,953031,67557,0.0709,0.21,14.73,16948,8821,0.1306,4841553.37,4827517.8,34394.88,5063,821,411,0.0066,37.14,393.67,4.3,81,Completed,57,8494,175,8669,498.54,4.28,4.92,Lead Generation,Excellent
103615,2023-11-08,Google Ads,Africa,Mobile,Premium,Travel,Product Launch,Holiday,11948.66,10285.23,1734459,88268,0.0509,0.12,5.93,14307,8135,0.0922,3547604.97,3537319.74,34392.23,7999,2085,803,0.0063,45.95,209.93,2.8,80,Completed,65,7210,893,8103,350.34,21.82,6.03,Lead Generation,Excellent
91381,2025-04-21,Twitter (X),Europe,Tablet,Senior,Electronics,Sales,Spring,20931.01,17341.69,2106713,95394,0.0453,0.18,8.23,28148,11218,0.1176,5981477.55,5964135.86,34391.9,16928,3699,2063,0.0108,79.13,384.32,4.1,50,Completed,89,3174,6975,10149,483.49,25.17,9.53,Sales Growth,Excellent
132728,2025-10-23,Facebook,North America,Desktop,Premium,Finance,Awareness,Summer,5714.93,5399.57,1393812,63199,0.0453,0.09,3.87,16542,5619,0.0889,1861565.77,1856166.2,34376.19,13968,4138,2112,0.0145,47.7,333.6,3.7,86,Completed,16,2094,3013,5107,309.8,21.9,9.47,Sales Growth,Excellent
45375,2023-02-11,YouTube,North America,Desktop,Student,Finance,Seasonal Promotion,Festival,12514.37,11570.11,2142584,111264,0.0519,0.1,5.4,37416,11522,0.1036,3987243.01,3975672.9,34361.58,26468,5370,2965,0.0162,23.46,125.0,4.0,58,Completed,39,4719,6106,10825,366.11,27.82,6.68,Lead Generation,Excellent
19512,2023-08-30,Google Ads,Middle East,Tablet,Enterprise,Education,Lead Generation,Winter,32770.9,26626.99,2196234,204313,0.093,0.13,12.12,79647,35031,0.1715,9168979.67,9142352.68,34334.91,35679,12276,2288,0.0229,53.65,65.95,4.4,86,Completed,41,19040,14552,33592,249.97,29.92,6.31,Lead Generation,Excellent
107861,2024-04-13,Twitter (X),North America,Desktop,New,Real Estate,Retention,Festival,14499.8,11974.47,2482335,123680,0.0498,0.1,4.82,38217,22749,0.1839,4122355.06,4110380.59,34326.2,5352,1969,563,0.0032,36.18,397.84,3.4,92,Completed,80,5620,16605,22225,154.17,23.57,1.09,Sales Growth,Excellent
103660,2024-04-01,YouTube,Africa,Mobile,Returning,Healthcare,Lead Generation,Summer,29180.59,28407.95,2566621,127945,0.0498,0.22,11.07,42355,21149,0.1653,9779375.9,9750967.95,34324.79,36243,10677,2530,0.0193,34.29,398.78,3.2,93,Completed,50,9658,11077,20735,369.69,3.61,5.76,Sales Growth,Excellent
26261,2025-12-20,Google Ads,South America,Mobile,Student,Food,Sales,Spring,7802.6,6615.67,1152204,106281,0.0922,0.06,5.74,41800,15662,0.1474,2276527.85,2269912.18,34311.15,8877,2433,1166,0.0108,58.77,158.96,4.5,14,Completed,79,4629,10421,15050,132.38,3.01,3.83,Lead Generation,Excellent
81222,2024-11-25,Instagram,Asia Pacific,Mobile,Enterprise,Education,Seasonal Promotion,Spring,18656.09,15362.79,1226912,103216,0.0841,0.15,12.52,32493,16527,0.1601,5277410.32,5262047.53,34251.9,11445,4036,1636,0.014,78.07,325.33,3.2,21,Completed,52,1421,13504,14925,284.01,21.85,0.74,Retention,Excellent
70280,2023-03-10,Facebook,Asia Pacific,Tablet,Returning,Food,Sales,Winter,31941.11,31630.64,1282624,126092,0.0983,0.25,24.66,44351,20942,0.1661,10864516.22,10832885.58,34248.08,14544,1619,1371,0.0137,35.66,72.78,3.2,33,Completed,38,17922,1434,19356,452.35,12.5,6.63,Sales Growth,Excellent
46485,2023-02-11,TikTok,South America,Desktop,Enterprise,Fashion,Sales,Festival,5476.0,4874.29,1914423,75222,0.0393,0.06,2.55,29147,14010,0.1862,1674131.76,1669257.47,34246.17,12560,4311,2387,0.0101,72.49,214.22,4.5,58,Completed,48,379,12873,13252,102.66,20.08,2.24,Sales Growth,Excellent
30217,2025-12-29,TikTok,South America,Tablet,Student,Fashion,Awareness,Holiday,21288.43,19169.07,2174789,120308,0.0553,0.16,8.81,31180,13189,0.1096,6579642.33,6560473.26,34224.26,15185,4187,1511,0.0096,52.88,51.68,3.6,9,Completed,20,6178,6953,13131,459.95,28.83,0.01,Sales Growth,Excellent
135558,2024-05-16,Facebook,Africa,Tablet,Returning,Travel,Awareness,Summer,19504.66,19405.33,2243994,169064,0.0753,0.11,8.65,49600,16619,0.0983,6660068.45,6640663.12,34220.82,18568,6268,1783,0.0119,76.02,274.42,3.8,38,Completed,74,10807,5077,15884,364.19,26.75,5.51,Lead Generation,Excellent
38946,2025-05-22,LinkedIn,Asia Pacific,Mobile,Student,Finance,Lead Generation,Spring,16604.2,13225.36,1411651,118487,0.0839,0.11,9.37,25477,13326,0.1125,4538357.89,4525132.53,34215.57,16653,4764,2497,0.0169,54.53,389.73,2.8,2,Completed,74,6904,5693,12597,277.37,24.13,9.83,Retention,Excellent
141417,2023-09-24,Instagram,North America,Mobile,Returning,Real Estate,Lead Generation,Summer,29143.26,22245.01,1555397,132635,0.0853,0.17,14.3,50860,28041,0.2114,7630979.64,7608734.63,34204.23,22517,5620,1537,0.0191,63.17,386.64,3.5,49,Completed,84,15388,11528,26916,249.34,26.56,3.35,Retention,Excellent
144651,2025-07-30,Google Ads,Middle East,Mobile,Enterprise,Food,Retention,Summer,5310.12,4156.84,1906131,178022,0.0934,0.02,2.18,24827,10035,0.0564,1425520.65,1421363.81,34193.37,12317,3704,892,0.0089,75.67,324.96,3.5,5,Completed,66,4300,5607,9907,135.7,5.86,1.64,Sales Growth,Excellent
72475,2025-08-03,YouTube,Africa,Smart TV,Returning,Travel,Awareness,Summer,10945.17,10818.78,1870951,123398,0.066,0.09,5.78,45462,11549,0.0936,3702751.93,3691933.15,34125.23,34639,12267,5033,0.0278,41.14,368.54,3.0,45,Completed,18,10099,799,10898,263.4,15.08,7.29,Retention,Excellent
108820,2024-10-11,YouTube,South America,Tablet,Senior,Beauty,App Promotion,Festival,33996.18,26656.16,1291669,107511,0.0832,0.25,20.64,42707,16565,0.1541,9122358.04,9095701.88,34122.33,20657,4093,1657,0.0204,31.08,396.81,3.7,65,Completed,23,10754,5744,16498,488.11,5.69,8.2,Lead Generation,Excellent
55833,2024-12-23,YouTube,Asia Pacific,Mobile,Returning,Travel,Retention,Spring,12126.12,9229.04,2072848,131454,0.0634,0.07,4.45,38113,11280,0.0858,3158369.79,3149140.75,34122.08,23615,6746,4414,0.0168,76.96,212.15,3.2,87,Completed,79,571,9886,10457,273.61,22.98,0.49,Retention,Excellent
92088,2025-02-13,Twitter (X),Asia Pacific,Smart TV,Returning,Beauty,App Promotion,Summer,14533.58,11572.6,2041901,63495,0.0311,0.18,5.67,21703,7663,0.1207,3957259.79,3945687.19,34095.08,8744,3249,1694,0.0067,29.87,54.61,4.9,66,Completed,32,5993,1241,7234,424.23,13.42,6.29,Brand Awareness,Excellent
76420,2024-01-23,YouTube,North America,Desktop,Premium,Finance,Product Launch,Autumn,25689.56,23000.23,1074654,93598,0.0871,0.25,21.4,33568,16675,0.1782,7854739.3,7831739.07,34050.7,6350,1033,1071,0.0079,55.44,276.94,2.5,61,Completed,75,5585,9874,15459,404.92,13.27,5.37,Retention,Excellent
86052,2025-09-05,Facebook,Africa,Tablet,Premium,Electronics,Retention,Winter,17762.38,13363.68,1655765,110006,0.0664,0.12,8.07,37536,16278,0.148,4559714.23,4546350.55,34020.2,3471,1079,272,0.0029,72.62,163.16,3.8,62,Completed,73,9403,6712,16115,277.37,16.08,9.39,Lead Generation,Excellent
139948,2024-01-11,Facebook,Middle East,Desktop,Returning,Fashion,App Promotion,Holiday,36736.24,32907.87,1942626,182276,0.0938,0.18,16.94,46036,23213,0.1274,11227936.6,11195028.73,34019.31,36629,10936,7189,0.0282,58.58,208.86,3.6,64,Completed,33,1410,20408,21818,464.5,28.01,6.68,Sales Growth,Excellent
93449,2025-12-26,TikTok,South America,Desktop,Premium,Real Estate,App Promotion,Winter,47799.41,35952.28,2734955,239437,0.0875,0.15,13.15,66710,37834,0.158,12238220.84,12202268.56,33940.18,39978,12706,2241,0.0201,28.86,110.33,4.6,48,Completed,80,23748,13393,37141,294.57,22.54,3.83,Brand Awareness,Excellent
134624,2023-02-03,Instagram,Africa,Tablet,Returning,Travel,Product Launch,Holiday,10877.53,9498.77,1488524,90570,0.0608,0.1,6.38,20840,9353,0.1033,3232898.09,3223399.32,33934.91,3283,370,619,0.0029,22.6,57.79,4.5,43,Completed,66,3785,4966,8751,313.86,24.95,0.42,Brand Awareness,Excellent
57409,2023-06-10,TikTok,Africa,Desktop,Student,Travel,App Promotion,Spring,10778.39,9125.07,2032614,111774,0.055,0.08,4.49,37441,12247,0.1096,3104123.21,3094998.14,33917.53,31282,10641,1695,0.0215,52.75,417.96,4.1,40,Running,17,9958,1644,11602,264.32,6.49,6.39,Sales Growth,Excellent
23232,2023-01-12,YouTube,Africa,Desktop,Enterprise,Education,App Promotion,Summer,15038.39,12534.27,2734495,87574,0.032,0.14,4.58,15484,8795,0.1004,4263653.08,4251118.81,33915.97,17657,4944,2622,0.0092,52.55,323.09,3.8,60,Completed,49,5427,2715,8142,440.69,5.85,2.52,Lead Generation,Excellent
97496,2023-11-12,Facebook,Middle East,Tablet,Premium,Automobile,App Promotion,Holiday,7189.8,5955.71,2597947,65200,0.0251,0.09,2.29,14443,5046,0.0774,2023793.65,2017837.94,33880.73,19632,2658,3102,0.0098,52.59,320.52,4.8,71,Completed,89,4930,60,4990,363.64,1.58,5.76,Sales Growth,Excellent
52639,2024-07-20,Twitter (X),North America,Smart TV,Student,Finance,App Promotion,Summer,18705.1,15905.29,2247728,131644,0.0586,0.12,7.08,45351,18180,0.1381,5402007.57,5386102.28,33863.59,35501,11249,5678,0.0233,24.13,273.25,3.3,92,Completed,35,11541,5179,16720,254.88,21.67,9.16,Brand Awareness,Excellent
89975,2024-01-11,Instagram,South America,Smart TV,Returning,Finance,Product Launch,Summer,37222.52,34573.76,2460648,212585,0.0864,0.16,14.05,60556,25672,0.1208,11738313.76,11703740.0,33851.51,8830,2937,873,0.0051,32.78,446.06,4.6,56,Completed,86,6003,17668,23671,394.87,28.56,4.2,Retention,Excellent
78091,2024-04-11,LinkedIn,Middle East,Smart TV,Returning,Real Estate,App Promotion,Summer,18767.2,15770.2,1392046,64459,0.0463,0.24,11.33,24128,13729,0.213,5352119.85,5336349.65,33838.19,12340,2854,2186,0.0125,77.01,489.27,4.4,69,Completed,19,8783,3804,12587,404.5,19.2,3.99,Brand Awareness,Excellent
70007,2025-03-02,Instagram,South America,Smart TV,Senior,Beauty,App Promotion,Autumn,8384.61,6446.92,2344876,24811,0.0106,0.26,2.75,8043,4728,0.1906,2187191.5,2180744.58,33826.15,34031,7692,1769,0.0185,61.02,554.04,4.6,87,Completed,16,2824,1548,4372,402.04,12.82,3.91,Lead Generation,Excellent
14583,2024-05-25,Google Ads,Middle East,Mobile,New,Automobile,Awareness,Summer,37896.56,34425.83,1556842,151674,0.0974,0.23,22.11,41051,23576,0.1554,11671417.52,11636991.69,33803.08,30643,7621,2289,0.026,76.13,383.44,3.9,47,Completed,79,3190,19836,23026,410.1,25.19,5.85,Lead Generation,Excellent
59440,2023-07-22,TikTok,Europe,Desktop,Premium,Electronics,Awareness,Summer,14173.57,12168.44,870439,79328,0.0911,0.15,13.98,31232,9158,0.1154,4121226.49,4109058.05,33768.16,9759,3038,968,0.0158,62.84,333.19,3.5,42,Completed,59,263,8587,8850,369.38,5.61,4.21,Sales Growth,Excellent
95034,2025-06-26,TikTok,Europe,Smart TV,Student,Automobile,Retention,Spring,13036.46,10492.57,1959397,190321,0.0971,0.06,5.35,25847,11868,0.0624,3552331.29,3541838.72,33755.68,12154,2986,720,0.0081,79.16,246.78,4.6,54,Completed,86,10786,1049,11835,240.61,14.34,5.48,Sales Growth,Excellent
94743,2023-06-04,Instagram,Africa,Tablet,Premium,Electronics,Lead Generation,Holiday,43203.84,42535.86,1836709,182970,0.0996,0.23,23.16,51949,28919,0.1581,14390480.29,14347944.43,33731.41,7161,2318,367,0.0054,65.11,350.88,4.0,70,Completed,82,15509,10915,26424,430.67,19.77,3.68,Sales Growth,Excellent
134865,2023-07-09,Google Ads,South America,Mobile,New,Travel,Sales,Winter,7310.96,5709.85,756611,45408,0.06,0.13,7.55,15040,5066,0.1116,1930129.07,1924419.22,33703.5,12822,4203,1832,0.0249,45.1,347.96,3.0,42,Completed,48,4413,445,4858,358.13,6.39,8.48,Brand Awareness,Excellent
109481,2023-07-17,TikTok,Europe,Mobile,Enterprise,Travel,Awareness,Festival,17668.03,16640.74,1160623,97889,0.0843,0.17,14.34,22086,13077,0.1336,5622721.64,5606080.9,33688.89,21754,3664,4210,0.0255,59.65,358.72,4.0,32,Completed,50,2363,9455,11818,441.32,10.01,0.53,Retention,Excellent
80803,2024-05-15,Instagram,South America,Mobile,Senior,Education,Retention,Festival,39494.28,29980.28,2414796,207852,0.0861,0.14,12.42,39399,23249,0.1119,10129498.33,10099518.05,33687.2,15942,4907,2095,0.0095,64.35,507.35,4.9,5,Completed,48,16196,5573,21769,372.17,14.07,5.77,Sales Growth,Excellent
65036,2025-04-20,Facebook,Africa,Mobile,Student,Real Estate,Awareness,Festival,16077.69,15690.71,1514118,126169,0.0833,0.12,10.36,30651,17128,0.1358,5300274.03,5284583.32,33679.7,24718,3693,3307,0.0209,50.19,75.5,3.2,82,Completed,83,8608,8053,16661,273.25,5.23,2.05,Lead Generation,Excellent
118925,2023-02-21,Instagram,Africa,Tablet,Returning,Electronics,Lead Generation,Festival,7726.01,6615.53,2009469,57086,0.0284,0.12,3.29,12791,7385,0.1294,2232406.21,2225790.68,33644.93,15668,2977,1513,0.01,68.67,474.92,5.0,32,Completed,22,4675,2590,7265,268.41,10.31,8.97,Retention,Excellent
135461,2025-04-25,Twitter (X),Middle East,Desktop,Returning,Healthcare,Product Launch,Holiday,60076.34,53809.1,2806721,235483,0.0839,0.23,19.17,85031,50719,0.2154,18142048.86,18088239.76,33615.58,36697,6164,6543,0.0176,35.94,473.93,4.9,70,Completed,67,1579,46655,48234,289.84,20.23,4.52,Lead Generation,Excellent
60594,2025-07-16,Google Ads,North America,Desktop,Premium,Beauty,Seasonal Promotion,Summer,43113.23,41897.27,2955264,265411,0.0898,0.16,14.18,83292,35789,0.1348,14123670.48,14081773.21,33610.24,48298,7131,8385,0.0216,78.51,154.77,4.2,80,Completed,9,31485,1258,32743,370.63,5.99,2.39,Lead Generation,Excellent
133253,2024-07-01,TikTok,Africa,Smart TV,Senior,Real Estate,Awareness,Winter,22352.82,18966.82,1740736,139936,0.0804,0.14,10.9,24990,12652,0.0904,6391731.91,6372765.09,33599.54,5425,1745,1066,0.0047,63.08,436.12,3.1,85,Completed,67,5250,6349,11599,455.28,13.19,4.81,Sales Growth,Excellent
47460,2025-07-06,Google Ads,Middle East,Smart TV,Premium,Automobile,Sales,Autumn,6788.54,5776.44,2646253,71134,0.0269,0.08,2.18,12768,3901,0.0548,1946484.41,1940707.97,33596.96,44323,12842,7774,0.0245,49.84,35.67,3.9,2,Completed,63,3197,328,3525,460.92,22.68,4.22,Sales Growth,Excellent
19807,2025-02-25,Twitter (X),Middle East,Smart TV,Senior,Fashion,App Promotion,Holiday,6004.6,5414.54,1242803,84942,0.0683,0.06,4.36,30436,14442,0.17,1823705.7,1818291.16,33581.64,11206,4238,565,0.0129,68.39,215.07,4.3,78,Completed,84,6034,8125,14159,128.77,28.27,3.18,Lead Generation,Excellent
4132,2024-03-04,Google Ads,Asia Pacific,Smart TV,Senior,Healthcare,Seasonal Promotion,Summer,26671.74,22116.76,930000,92430,0.0994,0.24,23.78,36254,21648,0.2342,7447193.45,7425076.69,33572.17,18172,5836,3180,0.0292,20.79,367.29,2.5,17,Completed,89,9123,12014,21137,287.81,16.36,7.91,Retention,Excellent
31178,2025-06-01,Google Ads,Africa,Smart TV,Student,Food,Product Launch,Holiday,27300.69,26847.96,2923060,218719,0.0748,0.12,9.18,60019,18268,0.0835,9037807.2,9010959.24,33562.92,28232,9362,5396,0.0147,51.98,280.23,2.7,48,Completed,88,11434,5198,16632,495.1,11.44,1.28,Brand Awareness,Excellent
148175,2023-07-10,TikTok,Africa,Smart TV,New,Education,Seasonal Promotion,Winter,6330.12,5720.44,2111235,67910,0.0322,0.08,2.71,8443,3622,0.0533,1924233.23,1918512.79,33537.85,14264,2204,2386,0.0089,77.54,415.42,4.9,92,Completed,39,3480,36,3516,433.83,21.67,8.97,Sales Growth,Excellent
22161,2024-03-28,Twitter (X),Africa,Desktop,Premium,Real Estate,Product Launch,Autumn,16854.84,12736.42,2631546,180056,0.0684,0.07,4.84,49666,10615,0.059,4283708.32,4270971.9,33533.54,25854,3614,3560,0.0126,64.2,527.54,2.9,11,Completed,82,3481,6258,9739,346.01,24.6,2.61,Retention,Excellent
102245,2023-05-24,YouTube,Africa,Smart TV,Returning,Automobile,App Promotion,Summer,24036.75,21565.82,1984370,176014,0.0887,0.12,10.87,52483,24168,0.1373,7245263.1,7223697.28,33496.05,36651,9671,7244,0.027,74.82,250.53,4.9,1,Completed,20,9989,12481,22470,294.9,11.58,0.65,Lead Generation,Excellent
40447,2024-08-16,YouTube,South America,Desktop,Returning,Food,Retention,Summer,46664.71,39822.77,1884745,182440,0.0968,0.22,21.13,68128,29764,0.1631,13377069.25,13337246.48,33491.51,26883,6248,2927,0.0191,20.13,443.88,4.4,98,Completed,69,9098,18217,27315,463.66,26.07,0.49,Sales Growth,Excellent
26926,2025-08-07,Facebook,South America,Smart TV,Premium,Automobile,Lead Generation,Winter,39144.73,36313.47,1726953,128052,0.0741,0.28,21.03,48825,23235,0.1814,12195652.24,12159338.77,33484.38,21515,4440,1994,0.0162,46.64,495.13,2.8,33,Completed,30,13982,7041,21023,446.84,22.02,9.33,Brand Awareness,Excellent
71079,2024-12-08,Facebook,South America,Tablet,New,Travel,Retention,Winter,55586.84,54458.53,2665105,194703,0.0731,0.28,20.43,74740,38691,0.1987,18285863.5,18231404.97,33477.59,20333,3294,2972,0.01,67.87,53.82,3.7,52,Completed,53,28804,7372,36176,428.96,22.59,0.43,Retention,Excellent
55195,2023-01-20,TikTok,Africa,Smart TV,Premium,Food,App Promotion,Spring,19954.4,16588.75,2831946,158494,0.056,0.1,5.86,41603,20079,0.1267,5570009.15,5553420.4,33477.03,8653,990,1133,0.0038,47.78,518.07,4.7,98,Completed,78,12751,6050,18801,256.3,0.56,0.75,Lead Generation,Excellent
18600,2025-05-01,Twitter (X),South America,Smart TV,Student,Automobile,Retention,Winter,37091.95,29102.68,2354540,179680,0.0763,0.16,12.36,50849,20868,0.1161,9771307.59,9742204.91,33475.28,21502,3402,3538,0.0121,59.68,158.31,2.9,16,Completed,46,2575,16868,19443,479.2,11.18,1.96,Retention,Excellent
136882,2024-11-03,Twitter (X),Africa,Tablet,Senior,Travel,Lead Generation,Summer,39782.01,30087.55,1888838,156396,0.0828,0.19,15.93,60603,33798,0.2161,10101424.44,10071336.89,33473.44,21405,6688,1133,0.0155,55.46,36.67,4.5,19,Completed,27,26595,6403,32998,246.68,26.89,8.3,Brand Awareness,Excellent
93421,2025-02-26,Twitter (X),Africa,Desktop,Student,Real Estate,Lead Generation,Holiday,32676.6,32084.01,2316317,153673,0.0663,0.21,13.85,55637,21989,0.1431,10763994.94,10731910.93,33449.41,45101,11357,5914,0.0269,54.83,389.41,3.8,12,Completed,21,8656,12881,21537,457.96,12.96,0.8,Brand Awareness,Excellent
50177,2023-05-29,Facebook,Asia Pacific,Desktop,New,Electronics,Product Launch,Holiday,6772.93,6114.97,2318415,99225,0.0428,0.06,2.64,17430,9419,0.0949,2050510.43,2044395.46,33432.63,45428,9986,6465,0.0267,74.01,415.24,3.1,58,Completed,26,3845,4902,8747,208.2,1.73,5.62,Retention,Excellent
34127,2023-10-23,Facebook,North America,Desktop,Student,Electronics,App Promotion,Winter,7070.58,6170.78,1910453,137985,0.0722,0.04,3.23,41668,14878,0.1078,2067096.49,2060925.71,33398.14,5209,568,882,0.0035,53.21,535.09,2.6,10,Completed,55,7620,6562,14182,145.27,1.56,0.9,Sales Growth,Excellent
36761,2023-01-27,Google Ads,Africa,Desktop,Premium,Automobile,App Promotion,Summer,37006.86,30927.45,1871500,184617,0.0986,0.17,16.53,68980,29907,0.162,10356304.71,10325377.26,33385.8,20529,6492,2554,0.0158,43.99,189.59,3.6,29,Completed,31,22558,6405,28963,276.44,18.09,5.42,Brand Awareness,Excellent
137972,2025-03-14,TikTok,Middle East,Desktop,New,Beauty,Lead Generation,Autumn,54004.44,43496.84,2911221,282686,0.0971,0.15,14.94,107451,29937,0.1059,14555062.5,14511565.66,33362.34,23365,3137,1250,0.0095,39.23,268.95,4.0,57,Running,86,16668,12881,29549,406.83,24.59,9.18,Retention,Excellent
127529,2024-09-15,LinkedIn,Africa,Mobile,Returning,Beauty,Retention,Festival,23315.02,17790.78,1874987,178836,0.0954,0.1,9.49,31570,12655,0.0708,5950746.42,5932955.64,33348.49,29900,7238,4857,0.0224,28.91,52.97,4.6,11,Completed,65,4384,7104,11488,408.91,8.48,6.56,Retention,Excellent
136731,2023-01-07,Instagram,Asia Pacific,Smart TV,Student,Education,Retention,Spring,28061.97,24346.46,2982511,121262,0.0407,0.2,8.16,27989,14834,0.1223,8140527.53,8116181.07,33336.19,51649,17828,8326,0.0261,41.52,67.88,3.2,15,Completed,42,6434,7469,13903,473.98,3.32,7.14,Brand Awareness,Excellent
54805,2024-07-14,TikTok,Europe,Desktop,Premium,Finance,Lead Generation,Summer,9882.14,8009.5,2850115,101762,0.0357,0.08,2.81,23807,8019,0.0788,2676748.95,2668739.45,33319.68,44404,9028,2545,0.0196,43.87,74.83,2.7,36,Completed,60,675,7162,7837,274.55,28.98,5.91,Retention,Excellent
120256,2023-03-10,Instagram,Europe,Tablet,Senior,Education,Product Launch,Spring,39651.9,29776.37,2324711,179440,0.0772,0.17,12.81,37987,22205,0.1237,9950792.41,9921016.04,33318.42,38693,10673,4044,0.023,47.69,334.91,3.3,96,Running,26,19989,1220,21209,455.37,22.04,7.47,Sales Growth,Excellent
64148,2025-09-16,YouTube,Europe,Smart TV,Student,Travel,Lead Generation,Summer,12203.78,11879.81,1340215,115867,0.0865,0.1,8.86,23020,10662,0.092,3968648.53,3956768.72,33306.67,26296,3287,2802,0.0242,35.77,402.75,4.1,53,Completed,54,5713,4333,10046,372.41,16.43,8.26,Lead Generation,Excellent
2959,2024-04-25,Google Ads,Africa,Smart TV,Returning,Travel,App Promotion,Summer,47677.71,38167.22,2792091,224314,0.0803,0.17,13.67,67547,22572,0.1006,12747132.92,12708965.7,33298.12,17666,5929,2214,0.0092,34.2,595.21,3.9,38,Completed,54,20551,2007,22558,480.41,21.03,3.49,Lead Generation,Excellent
19878,2024-08-03,YouTube,Africa,Smart TV,Student,Real Estate,Awareness,Spring,17540.53,16499.28,2173079,55589,0.0256,0.3,7.59,21990,10324,0.1857,5509326.8,5492827.52,33291.32,23331,5674,3751,0.0151,28.26,591.89,4.1,50,Completed,79,6823,2524,9347,496.53,0.11,2.83,Sales Growth,Excellent
128372,2024-07-15,TikTok,Africa,Smart TV,Student,Healthcare,Sales,Summer,21860.31,19867.09,1502852,67542,0.0449,0.29,13.22,25020,13653,0.2021,6633810.69,6613943.6,33290.95,13907,2673,1722,0.0122,31.47,312.22,3.4,44,Completed,40,5034,7986,13020,411.36,24.0,0.12,Sales Growth,Excellent
19362,2025-04-16,Twitter (X),Africa,Smart TV,Premium,Beauty,Lead Generation,Spring,54962.23,54399.62,2782250,228654,0.0822,0.24,19.55,82313,41641,0.1821,18146255.31,18091855.69,33257.32,41380,5192,6292,0.019,72.64,520.36,4.3,55,Completed,73,31341,7798,39139,433.8,27.35,5.46,Brand Awareness,Excellent
128825,2023-01-15,LinkedIn,Africa,Tablet,Enterprise,Education,Product Launch,Autumn,20105.99,18401.35,1743849,74133,0.0425,0.25,10.55,26388,11270,0.152,6134682.49,6116281.14,33238.22,10816,3943,2155,0.0097,49.48,315.99,3.8,89,Completed,86,3813,6965,10778,480.69,6.99,8.96,Brand Awareness,Excellent
54338,2023-05-12,Facebook,Europe,Smart TV,New,Automobile,Sales,Festival,5772.35,5245.54,1247590,34767,0.0279,0.15,4.2,11672,4080,0.1174,1748737.93,1743492.39,33237.62,18167,4353,1090,0.0189,24.39,382.91,3.3,52,Completed,26,1493,2561,4054,415.31,15.45,9.39,Lead Generation,Excellent
34744,2025-10-13,YouTube,Europe,Desktop,New,Travel,Product Launch,Summer,13967.94,11058.19,2253124,197600,0.0877,0.06,4.91,39601,13342,0.0675,3684166.34,3673108.15,33216.18,28234,8614,1842,0.0172,75.61,472.87,3.2,86,Running,14,4345,7921,12266,235.85,12.5,2.4,Lead Generation,Excellent
120356,2023-02-26,Twitter (X),North America,Smart TV,New,Finance,Seasonal Promotion,Festival,19521.9,18029.19,2337515,161553,0.0691,0.11,7.71,58178,34291,0.2123,6000581.44,5982552.25,33182.59,8257,3173,732,0.0052,39.66,82.76,3.1,84,Completed,73,10936,20506,31442,153.21,10.64,7.41,Lead Generation,Excellent
23212,2023-12-29,Instagram,Europe,Tablet,Senior,Fashion,App Promotion,Spring,10599.76,10535.67,2042538,49382,0.0242,0.21,5.16,16508,6371,0.129,3503872.53,3493336.86,33157.23,34297,5769,6848,0.023,76.9,476.47,2.5,18,Completed,81,1760,4204,5964,479.37,12.63,5.95,Retention,Excellent
129919,2024-05-23,YouTube,North America,Mobile,Enterprise,Real Estate,App Promotion,Festival,19199.52,16181.19,2824392,169319,0.0599,0.1,5.73,39930,14899,0.088,5377784.41,5361603.22,33134.79,10609,2817,2035,0.0055,62.82,261.48,2.8,52,Completed,79,7682,7192,14874,304.02,3.32,0.81,Sales Growth,Excellent
23748,2024-02-09,Instagram,North America,Mobile,Premium,Education,Sales,Winter,40362.84,38099.95,2729554,172046,0.063,0.22,13.96,51125,29486,0.1714,12655854.9,12617754.95,33117.51,17867,4142,2283,0.0089,51.52,398.63,3.1,37,Completed,17,23512,3356,26868,464.09,16.84,1.98,Lead Generation,Excellent
5842,2024-01-06,Instagram,North America,Tablet,Returning,Automobile,Product Launch,Festival,32863.44,29133.77,1640623,121039,0.0738,0.24,17.76,40628,19916,0.1645,9673630.47,9644496.7,33104.18,4732,1279,237,0.0038,41.61,338.26,3.6,95,Completed,71,6729,12890,19619,469.54,28.14,5.47,Sales Growth,Excellent
5734,2023-11-08,LinkedIn,Europe,Mobile,Student,Travel,Awareness,Winter,26678.82,23509.44,2841099,194015,0.0683,0.12,8.27,35834,18151,0.0936,7805876.94,7782367.5,33103.16,41814,15823,4498,0.0219,22.18,511.46,3.6,39,Completed,90,11727,5818,17545,402.83,20.48,0.04,Brand Awareness,Excellent
119389,2023-08-01,LinkedIn,Asia Pacific,Smart TV,Student,Food,Seasonal Promotion,Festival,22716.49,20919.34,2361633,208478,0.0883,0.1,8.86,80090,16313,0.0782,6944183.88,6923264.54,33095.04,37404,12484,7468,0.0243,45.26,87.34,4.6,23,Completed,87,1543,14363,15906,391.42,19.66,8.66,Lead Generation,Excellent
54174,2023-01-24,Facebook,South America,Mobile,Premium,Real Estate,Awareness,Autumn,20448.58,15691.79,2530596,195975,0.0774,0.08,6.2,48229,11433,0.0583,5202046.05,5186354.26,33051.39,15702,2772,1591,0.0079,28.55,542.98,4.2,69,Completed,31,3288,8123,11411,385.35,9.87,2.91,Sales Growth,Excellent
88565,2023-08-01,Facebook,Europe,Smart TV,Returning,Education,Product Launch,Holiday,10240.37,9109.54,1725948,114801,0.0665,0.08,5.28,23436,12477,0.1087,3018975.17,3009865.63,33040.81,20744,7830,1191,0.0172,26.75,598.76,4.1,59,Completed,29,7630,4102,11732,204.94,21.88,8.83,Brand Awareness,Excellent
86844,2023-02-10,Facebook,Africa,Mobile,Premium,Electronics,Product Launch,Summer,8140.58,7755.68,1527999,65483,0.0429,0.12,5.08,13598,6840,0.1045,2569154.4,2561398.72,33026.1,25826,9634,3183,0.0253,69.89,295.59,3.4,44,Completed,36,4849,1598,6447,378.47,10.84,2.5,Brand Awareness,Excellent
65728,2025-12-03,Facebook,Africa,Desktop,Senior,Travel,Sales,Autumn,44698.74,35946.31,2420962,199180,0.0823,0.18,14.85,62250,37065,0.1861,11902219.88,11866273.57,33011.1,21490,2417,2552,0.0109,50.99,435.19,3.9,59,Completed,20,26091,8434,34525,311.72,6.75,1.98,Sales Growth,Excellent
6563,2025-06-06,Twitter (X),Asia Pacific,Smart TV,New,Real Estate,Awareness,Autumn,40952.01,36502.28,2428083,204103,0.0841,0.18,15.03,76086,26866,0.1316,12078141.16,12041638.88,32988.73,19187,5860,1665,0.011,60.74,567.7,4.0,94,Running,23,6755,19417,26172,460.09,11.46,5.93,Retention,Excellent
148933,2024-02-19,TikTok,South America,Mobile,Senior,Automobile,Awareness,Spring,45342.85,41851.34,2317092,220316,0.0951,0.19,18.06,85387,33673,0.1528,13841171.28,13799319.94,32972.23,27496,9636,3247,0.0174,40.25,369.27,4.9,63,Completed,60,1020,32288,33308,376.72,26.26,0.37,Brand Awareness,Excellent
37110,2023-03-16,LinkedIn,Africa,Tablet,Premium,Healthcare,Awareness,Autumn,5274.7,4629.61,2220143,54694,0.0246,0.08,2.09,16485,8581,0.1569,1530194.52,1525564.91,32952.34,32031,8120,5555,0.0206,65.46,42.06,2.6,1,Completed,38,5072,3329,8401,140.6,6.74,9.28,Sales Growth,Excellent
105759,2024-08-21,Google Ads,South America,Tablet,Senior,Healthcare,Lead Generation,Autumn,6574.3,5232.4,2929080,184547,0.063,0.03,1.79,72380,26557,0.1439,1729155.65,1723923.25,32947.08,48385,7232,6744,0.0213,39.46,160.59,3.3,51,Completed,57,18221,6317,24538,67.45,6.83,4.42,Sales Growth,Excellent
14470,2024-09-23,LinkedIn,North America,Smart TV,Premium,Travel,Seasonal Promotion,Holiday,28547.16,27508.98,2883659,264787,0.0918,0.1,9.54,91939,52049,0.1966,9086273.86,9058764.88,32930.21,50883,11893,4207,0.0232,34.88,106.14,3.1,72,Completed,75,43363,3783,47146,150.85,26.63,3.02,Brand Awareness,Excellent
76738,2025-10-17,Instagram,Asia Pacific,Tablet,Student,Healthcare,Sales,Winter,16538.02,12530.48,2907862,206738,0.0711,0.06,4.31,74951,24707,0.1195,4137037.05,4124506.57,32915.79,39284,9759,4499,0.0184,64.41,467.04,3.6,3,Completed,37,17246,6067,23313,172.89,21.36,0.55,Sales Growth,Excellent
34773,2025-09-08,TikTok,Asia Pacific,Mobile,Enterprise,Real Estate,Retention,Holiday,42750.37,36061.91,2881785,127595,0.0443,0.28,12.51,41052,22382,0.1754,11891695.09,11855633.18,32875.78,39956,4336,6248,0.0175,50.6,565.11,3.8,13,Completed,12,8992,11992,20984,456.54,21.97,2.38,Brand Awareness,Excellent
110736,2023-11-12,Twitter (X),Africa,Mobile,New,Travel,Seasonal Promotion,Summer,7155.37,5511.9,2107703,87374,0.0415,0.06,2.62,24005,9049,0.1036,1817181.07,1811669.17,32868.32,26457,9122,2530,0.0181,77.63,593.53,2.5,56,Completed,47,4038,4111,8149,189.37,23.81,7.27,Brand Awareness,Excellent
81436,2023-05-29,Facebook,Europe,Desktop,Returning,Education,Retention,Spring,35291.88,28213.37,2353215,179738,0.0764,0.16,11.99,39522,15341,0.0854,9300043.59,9271830.22,32863.25,43256,8143,8068,0.0253,35.57,367.4,4.4,66,Completed,15,9391,5392,14783,499.06,3.09,3.42,Retention,Excellent
125331,2024-05-01,TikTok,South America,Mobile,Senior,Beauty,Sales,Spring,37857.13,35000.39,2940894,254700,0.0866,0.14,11.9,50564,25521,0.1002,11534931.41,11499931.02,32856.58,16057,5099,2186,0.0079,49.43,143.71,4.9,67,Completed,35,6231,19239,25470,450.68,21.57,7.78,Sales Growth,Excellent
97934,2025-03-10,Google Ads,Europe,Mobile,Student,Automobile,Sales,Holiday,10619.12,10589.36,1347324,67827,0.0503,0.16,7.86,15383,7283,0.1074,3485988.63,3475399.27,32819.73,3700,1113,222,0.0037,38.48,535.59,3.1,70,Completed,15,3609,3546,7155,472.98,22.31,8.62,Sales Growth,Excellent
39636,2025-05-19,LinkedIn,Europe,Tablet,Enterprise,Automobile,Lead Generation,Holiday,21813.76,17139.74,2323471,170774,0.0735,0.1,7.38,42176,17592,0.103,5635197.8,5618058.06,32777.97,18174,3634,1051,0.0098,47.19,191.79,4.6,71,Completed,36,6637,10446,17083,291.67,19.48,3.63,Retention,Excellent
12007,2024-11-08,Google Ads,South America,Desktop,Enterprise,Real Estate,Retention,Spring,86152.4,69555.24,2888712,247489,0.0857,0.28,24.08,93082,48985,0.1979,22852724.34,22783169.1,32755.5,34566,13047,4294,0.018,35.31,563.92,2.6,55,Completed,40,25729,18483,44212,427.7,3.69,1.74,Brand Awareness,Excellent
101457,2025-02-13,TikTok,Asia Pacific,Smart TV,Returning,Education,App Promotion,Holiday,23805.86,21885.32,1123756,100467,0.0894,0.22,19.48,36029,17402,0.1732,7187576.98,7165691.66,32742.0,3818,1150,279,0.0047,64.38,328.03,3.6,45,Completed,49,13823,3165,16988,353.13,8.25,7.75,Lead Generation,Excellent
69491,2023-11-04,Instagram,Asia Pacific,Mobile,Premium,Real Estate,App Promotion,Holiday,39556.9,36514.85,2146475,177138,0.0825,0.21,17.01,39099,21453,0.1211,11991364.27,11954849.42,32739.69,16785,3890,914,0.0101,68.57,230.75,4.9,74,Completed,45,792,18710,19502,490.36,12.78,3.08,Brand Awareness,Excellent
76268,2025-01-16,Google Ads,Africa,Tablet,Senior,Real Estate,Seasonal Promotion,Autumn,65378.22,50896.07,2856039,183221,0.0642,0.28,17.82,64304,31548,0.1722,16708354.73,16657458.66,32728.38,11174,2701,1560,0.0054,30.18,580.45,4.2,40,Completed,36,13752,15742,29494,483.14,27.07,5.51,Retention,Excellent
96810,2023-12-27,TikTok,North America,Tablet,Student,Food,Product Launch,Holiday,6014.08,4737.7,1285311,24124,0.0188,0.2,3.69,5976,3173,0.1315,1554905.35,1550167.65,32719.84,18350,4488,1429,0.0189,34.54,414.37,3.8,43,Completed,13,956,2213,3169,434.51,6.54,5.65,Lead Generation,Excellent
12268,2025-05-16,YouTube,Africa,Tablet,Premium,Healthcare,Awareness,Holiday,26376.55,21099.5,2458538,171894,0.0699,0.12,8.58,63508,27700,0.1611,6923612.84,6902513.34,32714.11,23455,5078,3209,0.0129,45.85,176.91,3.6,12,Completed,49,644,26771,27415,208.52,19.85,9.88,Retention,Excellent
131839,2025-02-15,Twitter (X),North America,Desktop,Premium,Automobile,Awareness,Winter,21320.46,21096.73,1747125,108932,0.0623,0.19,12.08,26471,13266,0.1218,6916140.37,6895043.64,32683.0,29120,5780,3020,0.0217,22.76,578.86,4.3,4,Running,32,9133,3479,12612,490.75,6.97,1.26,Lead Generation,Excellent
108679,2023-06-13,Facebook,Africa,Mobile,Student,Finance,App Promotion,Spring,28033.89,22458.05,2903478,222710,0.0767,0.1,7.73,66892,22536,0.1012,7361344.55,7338886.5,32678.2,45997,8109,3432,0.0198,24.29,257.21,3.7,8,Completed,68,1226,20760,21986,300.61,29.25,0.28,Brand Awareness,Excellent
127154,2023-11-20,Twitter (X),Africa,Smart TV,Student,Healthcare,Seasonal Promotion,Holiday,7097.95,5742.62,2589925,50639,0.0196,0.11,2.22,14918,6036,0.1192,1882173.98,1876431.36,32675.53,33869,7388,2728,0.017,41.21,179.4,3.3,86,Completed,78,4500,1058,5558,304.12,1.56,7.27,Lead Generation,Excellent
54010,2024-08-02,Google Ads,Africa,Smart TV,Premium,Food,Awareness,Festival,18403.79,14256.44,1729048,150836,0.0872,0.09,8.25,30099,8456,0.0561,4668544.87,4654288.43,32646.92,6405,1365,471,0.0048,57.42,204.97,3.6,56,Completed,50,6499,1493,7992,495.78,13.43,0.58,Sales Growth,Excellent
112221,2024-05-20,Google Ads,Asia Pacific,Mobile,New,Finance,Seasonal Promotion,Festival,14531.55,13240.74,2373706,203616,0.0858,0.07,5.58,48028,10155,0.0499,4335173.41,4321932.67,32641.17,37996,8374,2584,0.0206,39.32,286.99,2.9,6,Completed,47,7261,1902,9163,466.73,17.66,9.34,Sales Growth,Excellent
16359,2023-04-01,LinkedIn,South America,Tablet,Returning,Food,Retention,Autumn,29224.16,22391.78,2575094,230515,0.0895,0.1,8.7,79455,27168,0.1179,7329821.59,7307429.81,32634.43,41789,7203,3408,0.0203,48.5,570.57,4.9,31,Completed,16,21217,3489,24706,277.05,23.83,3.72,Retention,Excellent
24905,2023-05-30,Google Ads,Europe,Tablet,Enterprise,Travel,Sales,Autumn,25442.24,24704.72,2064366,119713,0.058,0.21,11.97,43924,24569,0.2052,8078661.04,8053956.32,32600.88,22330,6418,2745,0.0153,79.33,121.15,4.2,100,Running,10,12474,9804,22278,307.08,15.39,1.8,Retention,Excellent
23216,2025-11-10,Twitter (X),Europe,Mobile,Senior,Healthcare,Retention,Summer,13353.36,12885.84,1400873,97473,0.0696,0.13,9.2,32753,17088,0.1753,4213412.52,4200526.68,32598.0,15484,2154,1505,0.0137,41.19,408.3,3.4,100,Completed,32,8705,7312,16017,209.37,1.76,8.92,Lead Generation,Excellent
55597,2023-04-11,TikTok,North America,Mobile,Premium,Automobile,Product Launch,Summer,15692.82,13334.56,2576932,123706,0.048,0.11,5.17,17301,9124,0.0738,4359341.84,4346007.28,32592.06,16801,1760,3045,0.0084,40.57,471.72,4.1,63,Completed,21,4729,3789,8518,401.75,4.34,5.44,Brand Awareness,Excellent
18837,2024-11-08,Google Ads,Asia Pacific,Mobile,Premium,Healthcare,App Promotion,Winter,16091.38,14149.6,2173135,138578,0.0638,0.1,6.51,18008,8921,0.0644,4620064.84,4605915.24,32551.56,23374,8426,1820,0.0155,43.82,260.76,3.7,76,Completed,7,333,8293,8626,424.0,24.33,9.22,Lead Generation,Excellent
59701,2023-08-12,Google Ads,Africa,Mobile,Student,Education,Lead Generation,Autumn,6788.83,6426.07,1396285,49859,0.0357,0.13,4.6,14977,4514,0.0905,2097918.11,2091492.04,32546.99,6718,2236,1205,0.0073,65.87,401.93,4.5,84,Completed,14,1331,2785,4116,472.85,9.67,9.26,Retention,Excellent
120235,2023-11-26,YouTube,Middle East,Smart TV,Premium,Travel,Retention,Autumn,12975.34,12184.74,2780937,115234,0.0414,0.11,4.38,22892,8656,0.0751,3976687.6,3964502.86,32536.62,23006,6766,4126,0.0122,47.27,429.06,3.8,71,Completed,16,515,7716,8231,391.41,29.82,3.23,Lead Generation,Excellent
97196,2025-01-19,Google Ads,Middle East,Mobile,Returning,Automobile,Seasonal Promotion,Spring,36237.27,31013.09,2705473,166472,0.0615,0.19,11.46,53857,19508,0.1172,10118304.44,10087291.35,32525.92,6916,2158,1247,0.0038,29.22,256.4,4.3,19,Running,13,10126,8693,18819,462.17,4.47,0.86,Brand Awareness,Excellent
143995,2025-10-01,Twitter (X),Asia Pacific,Mobile,Student,Food,Retention,Spring,11379.4,11369.37,2353330,105910,0.045,0.11,4.83,26538,8025,0.0758,3709162.22,3697792.85,32524.17,13734,3169,868,0.0076,49.3,333.94,2.7,79,Completed,49,3321,3971,7292,469.16,29.28,1.75,Brand Awareness,Excellent
128320,2024-05-22,Facebook,Middle East,Mobile,Premium,Fashion,Sales,Festival,12214.24,11972.68,2861945,150798,0.0527,0.08,4.18,34101,7581,0.0503,3903921.01,3891948.33,32506.91,56791,19987,10558,0.0305,22.99,296.94,3.8,63,Completed,38,3260,4013,7273,463.83,4.0,1.82,Retention,Excellent
126454,2025-12-17,YouTube,South America,Mobile,Senior,Travel,Sales,Holiday,45491.41,37717.23,1679245,158672,0.0945,0.24,22.46,57926,21477,0.1354,12283666.38,12245949.15,32467.79,30012,5841,2627,0.0229,55.59,524.26,3.9,63,Completed,7,8302,13132,21434,447.18,23.92,2.64,Sales Growth,Excellent
69571,2024-11-18,YouTube,South America,Mobile,Premium,Finance,Sales,Autumn,39965.45,36803.85,2544707,111731,0.0439,0.33,14.46,40909,22352,0.2001,11985795.37,11948991.52,32466.69,13336,3563,2350,0.0076,21.03,549.77,3.6,32,Completed,59,13879,6683,20562,469.09,19.23,3.75,Retention,Excellent
45919,2024-11-29,YouTube,North America,Tablet,Student,Real Estate,App Promotion,Winter,21481.74,19541.64,2750564,80428,0.0292,0.24,7.1,28740,10505,0.1306,6361380.47,6341838.83,32452.95,46606,15026,2972,0.0235,63.73,268.75,4.1,11,Completed,56,3921,6524,10445,476.47,8.36,6.01,Retention,Excellent
95713,2024-10-12,LinkedIn,South America,Tablet,Premium,Real Estate,Retention,Holiday,16901.75,14024.71,1679415,159562,0.095,0.09,8.35,58963,14944,0.0937,4563478.56,4549453.85,32438.84,3738,1249,683,0.0034,61.96,268.06,3.9,12,Completed,46,2015,11644,13659,260.47,28.66,9.23,Lead Generation,Excellent
78668,2023-02-06,Google Ads,Europe,Mobile,Senior,Healthcare,Seasonal Promotion,Festival,51222.61,43924.68,1592205,138550,0.087,0.32,27.59,55199,25389,0.1832,14286346.96,14242422.28,32424.65,29820,11660,1895,0.0272,59.66,431.32,3.6,63,Completed,76,6025,18448,24473,452.07,14.19,5.54,Lead Generation,Excellent
20425,2024-07-17,LinkedIn,Europe,Desktop,New,Real Estate,Awareness,Summer,17910.83,16169.28,2660742,46668,0.0175,0.35,6.08,16477,9186,0.1968,5254834.48,5238665.2,32398.88,37573,14610,3035,0.0208,61.17,215.41,2.7,19,Completed,36,3146,5387,8533,484.8,11.28,9.37,Retention,Excellent
37830,2025-04-26,TikTok,Europe,Smart TV,Returning,Finance,Awareness,Holiday,13175.43,12525.81,856584,56689,0.0662,0.22,14.62,16894,7943,0.1401,4070415.24,4057889.43,32396.22,13185,3036,1434,0.0206,61.55,551.35,3.8,40,Completed,25,576,6650,7226,470.78,10.39,9.54,Brand Awareness,Excellent
69927,2023-10-10,LinkedIn,North America,Desktop,Premium,Healthcare,Sales,Summer,6206.41,4769.21,2723106,85187,0.0313,0.06,1.75,30941,17805,0.209,1549667.14,1544897.93,32393.16,7568,2972,1419,0.0044,79.1,505.53,3.9,37,Completed,85,16164,390,16554,80.71,16.31,9.86,Sales Growth,Excellent
